chrom	start	end	GC
1	0	100000	0.42452222222222225
1	100000	200000	0.45815
1	200000	300000	0.4056871247498332
1	300000	400000	0.4718826875768758
1	400000	500000	0.40192
1	500000	600000	0.45786
1	600000	700000	0.42091
1	700000	800000	0.43337
1	800000	900000	0.44823
1	900000	1000000	0.62123
1	1000000	1100000	0.62746
1	1100000	1200000	0.58992
1	1200000	1300000	0.62685
1	1300000	1400000	0.6067
1	1400000	1500000	0.57414
1	1500000	1600000	0.56138
1	1600000	1700000	0.56796
1	1700000	1800000	0.53335
1	1800000	1900000	0.47259
1	1900000	2000000	0.56818
1	2000000	2100000	0.56962
1	2100000	2200000	0.5684
1	2200000	2300000	0.57803
1	2300000	2400000	0.58421
1	2400000	2500000	0.62701
1	2500000	2600000	0.61192
1	2600000	2700000	0.58534
1	2700000	2800000	0.5752774778283266
1	2800000	2900000	0.57936
1	2900000	3000000	0.55428
1	3000000	3100000	0.566
1	3100000	3200000	0.58159
1	3200000	3300000	0.56826
1	3300000	3400000	0.56179
1	3400000	3500000	0.59153
1	3500000	3600000	0.62381
1	3600000	3700000	0.57226
1	3700000	3800000	0.57201
1	3800000	3900000	0.49207
1	3900000	4000000	0.51777
1	4000000	4100000	0.49518
1	4100000	4200000	0.48685
1	4200000	4300000	0.44438
1	4300000	4400000	0.49496
1	4400000	4500000	0.475
1	4500000	4600000	0.46128
1	4600000	4700000	0.52037
1	4700000	4800000	0.51757
1	4800000	4900000	0.4356
1	4900000	5000000	0.45872
1	5000000	5100000	0.40916
1	5100000	5200000	0.43978
1	5200000	5300000	0.45412
1	5300000	5400000	0.46281
1	5400000	5500000	0.49312
1	5500000	5600000	0.45821
1	5600000	5700000	0.47046
1	5700000	5800000	0.51083
1	5800000	5900000	0.53204
1	5900000	6000000	0.49296
1	6000000	6100000	0.55532
1	6100000	6200000	0.55232
1	6200000	6300000	0.56391
1	6300000	6400000	0.5304
1	6400000	6500000	0.58107
1	6500000	6600000	0.5271
1	6600000	6700000	0.48978
1	6700000	6800000	0.46513
1	6800000	6900000	0.41148
1	6900000	7000000	0.48644
1	7000000	7100000	0.48364
1	7100000	7200000	0.46281
1	7200000	7300000	0.44451
1	7300000	7400000	0.4659
1	7400000	7500000	0.5298
1	7500000	7600000	0.52689
1	7600000	7700000	0.5453
1	7700000	7800000	0.43971
1	7800000	7900000	0.42566
1	7900000	8000000	0.45383
1	8000000	8100000	0.43148
1	8100000	8200000	0.45684
1	8200000	8300000	0.47765
1	8300000	8400000	0.49666
1	8400000	8500000	0.42754
1	8500000	8600000	0.40737
1	8600000	8700000	0.39978
1	8700000	8800000	0.41176
1	8800000	8900000	0.47082
1	8900000	9000000	0.47521
1	9000000	9100000	0.48912
1	9100000	9200000	0.50485
1	9200000	9300000	0.51
1	9300000	9400000	0.5414
1	9400000	9500000	0.4984
1	9500000	9600000	0.48579
1	9600000	9700000	0.51966
1	9700000	9800000	0.494
1	9800000	9900000	0.50398
1	9900000	10000000	0.46759
1	10000000	10100000	0.45387
1	10100000	10200000	0.44042
1	10200000	10300000	0.42193
1	10300000	10400000	0.43578
1	10400000	10500000	0.47522
1	10500000	10600000	0.43135
1	10600000	10700000	0.56837
1	10700000	10800000	0.54553
1	10800000	10900000	0.52039
1	10900000	11000000	0.51556
1	11000000	11100000	0.48261
1	11100000	11200000	0.45032
1	11200000	11300000	0.45528
1	11300000	11400000	0.51319
1	11400000	11500000	0.50852
1	11500000	11600000	0.5084
1	11600000	11700000	0.53323
1	11700000	11800000	0.53344
1	11800000	11900000	0.50288
1	11900000	12000000	0.51602
1	12000000	12100000	0.51513
1	12100000	12200000	0.52694
1	12200000	12300000	0.44911
1	12300000	12400000	0.41171
1	12400000	12500000	0.42747
1	12500000	12600000	0.50413
1	12600000	12700000	0.47085
1	12700000	12800000	0.44363
1	12800000	12900000	0.44435
1	12900000	13000000	0.4643645189761695
1	13000000	13100000	0.4551330321285141
1	13100000	13200000	0.45138
1	13200000	13300000	0.46355
1	13300000	13400000	0.46141
1	13400000	13500000	0.47877
1	13500000	13600000	0.47258
1	13600000	13700000	0.43546
1	13700000	13800000	0.41364
1	13800000	13900000	0.45771
1	13900000	14000000	0.43065
1	14000000	14100000	0.42228
1	14100000	14200000	0.43331
1	14200000	14300000	0.4138
1	14300000	14400000	0.41976
1	14400000	14500000	0.43149
1	14500000	14600000	0.44628
1	14600000	14700000	0.45667
1	14700000	14800000	0.47617
1	14800000	14900000	0.48175
1	14900000	15000000	0.51764
1	15000000	15100000	0.51412
1	15100000	15200000	0.4915
1	15200000	15300000	0.45744
1	15300000	15400000	0.48673
1	15400000	15500000	0.50694
1	15500000	15600000	0.46049
1	15600000	15700000	0.4517
1	15700000	15800000	0.53952
1	15800000	15900000	0.45232
1	15900000	16000000	0.47688
1	16000000	16100000	0.56588
1	16100000	16200000	0.54044
1	16200000	16300000	0.48681
1	16300000	16400000	0.46083
1	16400000	16500000	0.50243
1	16500000	16600000	0.44785
1	16600000	16700000	0.49281
1	16700000	16800000	0.48642134667164166
1	16800000	16900000	0.4559474398567972
1	16900000	17000000	0.55041
1	17000000	17100000	0.48779
1	17100000	17200000	0.48748
1	17200000	17300000	0.51251
1	17300000	17400000	0.499
1	17400000	17500000	0.49979
1	17500000	17600000	0.52183
1	17600000	17700000	0.55162
1	17700000	17800000	0.50831
1	17800000	17900000	0.481
1	17900000	18000000	0.47699
1	18000000	18100000	0.4876
1	18100000	18200000	0.50657
1	18200000	18300000	0.49324
1	18300000	18400000	0.49664
1	18400000	18500000	0.47425
1	18500000	18600000	0.47175
1	18600000	18700000	0.51275
1	18700000	18800000	0.4981
1	18800000	18900000	0.52548
1	18900000	19000000	0.50863
1	19000000	19100000	0.49696
1	19100000	19200000	0.42628
1	19200000	19300000	0.4723
1	19300000	19400000	0.52319
1	19400000	19500000	0.4749
1	19500000	19600000	0.45166
1	19600000	19700000	0.4954
1	19700000	19800000	0.48514
1	19800000	19900000	0.43625
1	19900000	20000000	0.45537
1	20000000	20100000	0.43051
1	20100000	20200000	0.49438
1	20200000	20300000	0.46558
1	20300000	20400000	0.4994
1	20400000	20500000	0.49581
1	20500000	20600000	0.47632
1	20600000	20700000	0.50046
1	20700000	20800000	0.47128
1	20800000	20900000	0.40054
1	20900000	21000000	0.37523
1	21000000	21100000	0.39588
1	21100000	21200000	0.4209
1	21200000	21300000	0.50787
1	21300000	21400000	0.5009
1	21400000	21500000	0.45516
1	21500000	21600000	0.52611
1	21600000	21700000	0.52665
1	21700000	21800000	0.42788
1	21800000	21900000	0.55329
1	21900000	22000000	0.51734
1	22000000	22100000	0.45212
1	22100000	22200000	0.51692
1	22200000	22300000	0.51893
1	22300000	22400000	0.4812
1	22400000	22500000	0.43101
1	22500000	22600000	0.52035
1	22600000	22700000	0.51243
1	22700000	22800000	0.51716
1	22800000	22900000	0.51864
1	22900000	23000000	0.47493
1	23000000	23100000	0.41496
1	23100000	23200000	0.43998
1	23200000	23300000	0.45161
1	23300000	23400000	0.43562
1	23400000	23500000	0.49313
1	23500000	23600000	0.49622
1	23600000	23700000	0.48395
1	23700000	23800000	0.47272
1	23800000	23900000	0.46582
1	23900000	24000000	0.45302
1	24000000	24100000	0.48211
1	24100000	24200000	0.49061
1	24200000	24300000	0.46864
1	24300000	24400000	0.47479
1	24400000	24500000	0.44282
1	24500000	24600000	0.45777
1	24600000	24700000	0.43848
1	24700000	24800000	0.45618
1	24800000	24900000	0.44283
1	24900000	25000000	0.53745
1	25000000	25100000	0.51576
1	25100000	25200000	0.46654
1	25200000	25300000	0.46105
1	25300000	25400000	0.45241
1	25400000	25500000	0.4289
1	25500000	25600000	0.51307
1	25600000	25700000	0.46701
1	25700000	25800000	0.50834
1	25800000	25900000	0.49417
1	25900000	26000000	0.46326
1	26000000	26100000	0.49969
1	26100000	26200000	0.48781
1	26200000	26300000	0.4864
1	26300000	26400000	0.50754
1	26400000	26500000	0.46528
1	26500000	26600000	0.5047
1	26600000	26700000	0.45291
1	26700000	26800000	0.45698
1	26800000	26900000	0.5065
1	26900000	27000000	0.49523
1	27000000	27100000	0.50514
1	27100000	27200000	0.49659
1	27200000	27300000	0.45265
1	27300000	27400000	0.53893
1	27400000	27500000	0.44915
1	27500000	27600000	0.54838
1	27600000	27700000	0.50024
1	27700000	27800000	0.43534
1	27800000	27900000	0.46769
1	27900000	28000000	0.46583
1	28000000	28100000	0.39091
1	28100000	28200000	0.47111
1	28200000	28300000	0.46066
1	28300000	28400000	0.45333
1	28400000	28500000	0.4235
1	28500000	28600000	0.49009
1	28600000	28700000	0.46612
1	28700000	28800000	0.45557
1	28800000	28900000	0.50231
1	28900000	29000000	0.41708
1	29000000	29100000	0.39845
1	29100000	29200000	0.47979
1	29200000	29300000	0.49667
1	29300000	29400000	0.49806
1	29400000	29500000	0.48231
1	29500000	29600000	0.4864834651110795
1	29600000	29700000	0.46756
1	29700000	29800000	0.47819
1	29800000	29900000	0.47503
1	29900000	30000000	0.47208
1	30000000	30100000	0.48951
1	30100000	30200000	0.47547
1	30200000	30300000	0.46907
1	30300000	30400000	0.4835
1	30400000	30500000	0.4796
1	30500000	30600000	0.45031
1	30600000	30700000	0.49778
1	30700000	30800000	0.5307
1	30800000	30900000	0.51132
1	30900000	31000000	0.43674
1	31000000	31100000	0.42906
1	31100000	31200000	0.48568
1	31200000	31300000	0.46271
1	31300000	31400000	0.44453
1	31400000	31500000	0.46089
1	31500000	31600000	0.47583
1	31600000	31700000	0.5206
1	31700000	31800000	0.55803
1	31800000	31900000	0.44941
1	31900000	32000000	0.44489
1	32000000	32100000	0.46129
1	32100000	32200000	0.4588
1	32200000	32300000	0.50871
1	32300000	32400000	0.4947
1	32400000	32500000	0.45299
1	32500000	32600000	0.44468
1	32600000	32700000	0.44486
1	32700000	32800000	0.5145
1	32800000	32900000	0.4757
1	32900000	33000000	0.4729
1	33000000	33100000	0.4684
1	33100000	33200000	0.47436
1	33200000	33300000	0.46658
1	33300000	33400000	0.48676
1	33400000	33500000	0.43177
1	33500000	33600000	0.43987
1	33600000	33700000	0.4578
1	33700000	33800000	0.44805
1	33800000	33900000	0.44612
1	33900000	34000000	0.47004
1	34000000	34100000	0.44482
1	34100000	34200000	0.46505
1	34200000	34300000	0.43273
1	34300000	34400000	0.41637
1	34400000	34500000	0.44799
1	34500000	34600000	0.42265
1	34600000	34700000	0.45224
1	34700000	34800000	0.4922
1	34800000	34900000	0.45893
1	34900000	35000000	0.4471
1	35000000	35100000	0.4149
1	35100000	35200000	0.42985
1	35200000	35300000	0.41873
1	35300000	35400000	0.38043
1	35400000	35500000	0.41946
1	35500000	35600000	0.45772
1	35600000	35700000	0.4362
1	35700000	35800000	0.4481
1	35800000	35900000	0.43398
1	35900000	36000000	0.39963
1	36000000	36100000	0.43002
1	36100000	36200000	0.52509
1	36200000	36300000	0.4468
1	36300000	36400000	0.51854
1	36400000	36500000	0.47713
1	36500000	36600000	0.48909
1	36600000	36700000	0.48129
1	36700000	36800000	0.48524
1	36800000	36900000	0.49233
1	36900000	37000000	0.49946
1	37000000	37100000	0.49776
1	37100000	37200000	0.4504
1	37200000	37300000	0.45097
1	37300000	37400000	0.47828
1	37400000	37500000	0.49129
1	37500000	37600000	0.44646
1	37600000	37700000	0.49725
1	37700000	37800000	0.48963
1	37800000	37900000	0.45485
1	37900000	38000000	0.47215
1	38000000	38100000	0.51083
1	38100000	38200000	0.48
1	38200000	38300000	0.47919
1	38300000	38400000	0.41453
1	38400000	38500000	0.42464
1	38500000	38600000	0.44987
1	38600000	38700000	0.44525
1	38700000	38800000	0.44738
1	38800000	38900000	0.44105
1	38900000	39000000	0.45464
1	39000000	39100000	0.46514
1	39100000	39200000	0.43394
1	39200000	39300000	0.42014
1	39300000	39400000	0.41393
1	39400000	39500000	0.43802
1	39500000	39600000	0.49043
1	39600000	39700000	0.50601
1	39700000	39800000	0.47943
1	39800000	39900000	0.44665
1	39900000	40000000	0.48911
1	40000000	40100000	0.43179
1	40100000	40200000	0.40507
1	40200000	40300000	0.41239
1	40300000	40400000	0.45612
1	40400000	40500000	0.41395
1	40500000	40600000	0.42278
1	40600000	40700000	0.47396
1	40700000	40800000	0.4573
1	40800000	40900000	0.51032
1	40900000	41000000	0.45685
1	41000000	41100000	0.43822
1	41100000	41200000	0.38127
1	41200000	41300000	0.43035
1	41300000	41400000	0.50104
1	41400000	41500000	0.52728
1	41500000	41600000	0.51066
1	41600000	41700000	0.48174
1	41700000	41800000	0.48289
1	41800000	41900000	0.45908
1	41900000	42000000	0.4126
1	42000000	42100000	0.39905
1	42100000	42200000	0.44439
1	42200000	42300000	0.38072
1	42300000	42400000	0.41646
1	42400000	42500000	0.41229
1	42500000	42600000	0.39096
1	42600000	42700000	0.41675
1	42700000	42800000	0.47202
1	42800000	42900000	0.42712
1	42900000	43000000	0.4847
1	43000000	43100000	0.46725
1	43100000	43200000	0.42094
1	43200000	43300000	0.47185
1	43300000	43400000	0.49253
1	43400000	43500000	0.46908
1	43500000	43600000	0.53568
1	43600000	43700000	0.49026
1	43700000	43800000	0.42388
1	43800000	43900000	0.44674
1	43900000	44000000	0.53132
1	44000000	44100000	0.48156
1	44100000	44200000	0.42671
1	44200000	44300000	0.48402
1	44300000	44400000	0.45017
1	44400000	44500000	0.43241
1	44500000	44600000	0.48282
1	44600000	44700000	0.50023
1	44700000	44800000	0.48714
1	44800000	44900000	0.48929
1	44900000	45000000	0.41943
1	45000000	45100000	0.43697
1	45100000	45200000	0.3947
1	45200000	45300000	0.42729
1	45300000	45400000	0.4548
1	45400000	45500000	0.4227
1	45500000	45600000	0.46709
1	45600000	45700000	0.4247
1	45700000	45800000	0.43238
1	45800000	45900000	0.39851
1	45900000	46000000	0.40411
1	46000000	46100000	0.43016
1	46100000	46200000	0.45985
1	46200000	46300000	0.47227
1	46300000	46400000	0.46798
1	46400000	46500000	0.53741
1	46500000	46600000	0.50275
1	46600000	46700000	0.43931
1	46700000	46800000	0.4169
1	46800000	46900000	0.41939
1	46900000	47000000	0.42193
1	47000000	47100000	0.3973
1	47100000	47200000	0.44263
1	47200000	47300000	0.44375
1	47300000	47400000	0.43247
1	47400000	47500000	0.48913
1	47500000	47600000	0.48251
1	47600000	47700000	0.46082
1	47700000	47800000	0.4968
1	47800000	47900000	0.48508
1	47900000	48000000	0.47589
1	48000000	48100000	0.45264
1	48100000	48200000	0.39748
1	48200000	48300000	0.43351
1	48300000	48400000	0.36779
1	48400000	48500000	0.38729
1	48500000	48600000	0.43249
1	48600000	48700000	0.44789
1	48700000	48800000	0.43388
1	48800000	48900000	0.40281
1	48900000	49000000	0.39605
1	49000000	49100000	0.39602
1	49100000	49200000	0.38432
1	49200000	49300000	0.37802
1	49300000	49400000	0.37851
1	49400000	49500000	0.36674
1	49500000	49600000	0.38661
1	49600000	49700000	0.36408
1	49700000	49800000	0.36
1	49800000	49900000	0.37325
1	49900000	50000000	0.36944
1	50000000	50100000	0.39059
1	50100000	50200000	0.40325
1	50200000	50300000	0.4398
1	50300000	50400000	0.43967
1	50400000	50500000	0.42161
1	50500000	50600000	0.37163
1	50600000	50700000	0.38692
1	50700000	50800000	0.38584
1	50800000	50900000	0.36836
1	50900000	51000000	0.3986
1	51000000	51100000	0.39359
1	51100000	51200000	0.39674
1	51200000	51300000	0.43796
1	51300000	51400000	0.45065
1	51400000	51500000	0.37495
1	51500000	51600000	0.42381
1	51600000	51700000	0.39804
1	51700000	51800000	0.39325
1	51800000	51900000	0.39465
1	51900000	52000000	0.44715
1	52000000	52100000	0.42916
1	52100000	52200000	0.42327
1	52200000	52300000	0.39526
1	52300000	52400000	0.45078
1	52400000	52500000	0.38537
1	52500000	52600000	0.41355
1	52600000	52700000	0.46301
1	52700000	52800000	0.42651
1	52800000	52900000	0.42932
1	52900000	53000000	0.41903
1	53000000	53100000	0.46692
1	53100000	53200000	0.48043
1	53200000	53300000	0.4715
1	53300000	53400000	0.50785
1	53400000	53500000	0.47226
1	53500000	53600000	0.53477
1	53600000	53700000	0.49923
1	53700000	53800000	0.44034
1	53800000	53900000	0.42709
1	53900000	54000000	0.42925
1	54000000	54100000	0.43186
1	54100000	54200000	0.49533
1	54200000	54300000	0.51616
1	54300000	54400000	0.49747
1	54400000	54500000	0.50076
1	54500000	54600000	0.49532
1	54600000	54700000	0.49112
1	54700000	54800000	0.48284
1	54800000	54900000	0.47144
1	54900000	55000000	0.46707
1	55000000	55100000	0.47869
1	55100000	55200000	0.36884
1	55200000	55300000	0.42043
1	55300000	55400000	0.43553
1	55400000	55500000	0.41462
1	55500000	55600000	0.42441
1	55600000	55700000	0.39309
1	55700000	55800000	0.40668
1	55800000	55900000	0.39662
1	55900000	56000000	0.38593
1	56000000	56100000	0.39704
1	56100000	56200000	0.38862
1	56200000	56300000	0.39623
1	56300000	56400000	0.40593
1	56400000	56500000	0.43894
1	56500000	56600000	0.42277
1	56600000	56700000	0.38051
1	56700000	56800000	0.37198
1	56800000	56900000	0.41756
1	56900000	57000000	0.42479
1	57000000	57100000	0.42365
1	57100000	57200000	0.40461
1	57200000	57300000	0.40569
1	57300000	57400000	0.41264
1	57400000	57500000	0.39681
1	57500000	57600000	0.4081
1	57600000	57700000	0.39902
1	57700000	57800000	0.39333
1	57800000	57900000	0.40549
1	57900000	58000000	0.41173
1	58000000	58100000	0.42097
1	58100000	58200000	0.4114
1	58200000	58300000	0.41496
1	58300000	58400000	0.41698
1	58400000	58500000	0.42374
1	58500000	58600000	0.39925
1	58600000	58700000	0.39691
1	58700000	58800000	0.42157
1	58800000	58900000	0.43453
1	58900000	59000000	0.42988
1	59000000	59100000	0.42827
1	59100000	59200000	0.41129
1	59200000	59300000	0.4064
1	59300000	59400000	0.39706
1	59400000	59500000	0.40205
1	59500000	59600000	0.40921
1	59600000	59700000	0.40777
1	59700000	59800000	0.39915
1	59800000	59900000	0.3643
1	59900000	60000000	0.40359
1	60000000	60100000	0.37869
1	60100000	60200000	0.37737
1	60200000	60300000	0.37624
1	60300000	60400000	0.37204
1	60400000	60500000	0.37968
1	60500000	60600000	0.37004
1	60600000	60700000	0.39224
1	60700000	60800000	0.3927
1	60800000	60900000	0.39103
1	60900000	61000000	0.42879
1	61000000	61100000	0.41879
1	61100000	61200000	0.38887
1	61200000	61300000	0.37384
1	61300000	61400000	0.39611
1	61400000	61500000	0.40908
1	61500000	61600000	0.40404
1	61600000	61700000	0.40732
1	61700000	61800000	0.41702
1	61800000	61900000	0.39234
1	61900000	62000000	0.39123
1	62000000	62100000	0.40854
1	62100000	62200000	0.44328
1	62200000	62300000	0.46167
1	62300000	62400000	0.45541
1	62400000	62500000	0.39717
1	62500000	62600000	0.3543
1	62600000	62700000	0.37001
1	62700000	62800000	0.40405
1	62800000	62900000	0.35974
1	62900000	63000000	0.41615
1	63000000	63100000	0.41325
1	63100000	63200000	0.38331
1	63200000	63300000	0.39081
1	63300000	63400000	0.43083
1	63400000	63500000	0.36858
1	63500000	63600000	0.36854
1	63600000	63700000	0.43266
1	63700000	63800000	0.42986
1	63800000	63900000	0.40543
1	63900000	64000000	0.4122
1	64000000	64100000	0.40407
1	64100000	64200000	0.41275
1	64200000	64300000	0.39173
1	64300000	64400000	0.41986
1	64400000	64500000	0.41378
1	64500000	64600000	0.39078
1	64600000	64700000	0.40553
1	64700000	64800000	0.38991
1	64800000	64900000	0.42
1	64900000	65000000	0.41425
1	65000000	65100000	0.42503
1	65100000	65200000	0.4379
1	65200000	65300000	0.40731
1	65300000	65400000	0.39754
1	65400000	65500000	0.39174
1	65500000	65600000	0.38013
1	65600000	65700000	0.37285
1	65700000	65800000	0.3812
1	65800000	65900000	0.36224
1	65900000	66000000	0.36924
1	66000000	66100000	0.36104
1	66100000	66200000	0.37412
1	66200000	66300000	0.39113
1	66300000	66400000	0.3906
1	66400000	66500000	0.39458
1	66500000	66600000	0.38157
1	66600000	66700000	0.38375
1	66700000	66800000	0.36753
1	66800000	66900000	0.36112
1	66900000	67000000	0.37085
1	67000000	67100000	0.38705
1	67100000	67200000	0.39293
1	67200000	67300000	0.40182
1	67300000	67400000	0.41333
1	67400000	67500000	0.42062
1	67500000	67600000	0.43877
1	67600000	67700000	0.41672
1	67700000	67800000	0.41891
1	67800000	67900000	0.40665
1	67900000	68000000	0.39322
1	68000000	68100000	0.39064
1	68100000	68200000	0.42101
1	68200000	68300000	0.40574
1	68300000	68400000	0.40981
1	68400000	68500000	0.36922
1	68500000	68600000	0.35964
1	68600000	68700000	0.36138
1	68700000	68800000	0.37881
1	68800000	68900000	0.38388
1	68900000	69000000	0.38785
1	69000000	69100000	0.36715
1	69100000	69200000	0.36494
1	69200000	69300000	0.36837
1	69300000	69400000	0.37345
1	69400000	69500000	0.36623
1	69500000	69600000	0.36114
1	69600000	69700000	0.34637
1	69700000	69800000	0.35285
1	69800000	69900000	0.34832
1	69900000	70000000	0.36876
1	70000000	70100000	0.34853
1	70100000	70200000	0.35314
1	70200000	70300000	0.37498
1	70300000	70400000	0.39677
1	70400000	70500000	0.39422
1	70500000	70600000	0.38174
1	70600000	70700000	0.37107
1	70700000	70800000	0.37882
1	70800000	70900000	0.3836
1	70900000	71000000	0.37818
1	71000000	71100000	0.37568
1	71100000	71200000	0.37608
1	71200000	71300000	0.36611
1	71300000	71400000	0.36577
1	71400000	71500000	0.3531
1	71500000	71600000	0.3626
1	71600000	71700000	0.35313
1	71700000	71800000	0.35987
1	71800000	71900000	0.35995
1	71900000	72000000	0.34378
1	72000000	72100000	0.33872
1	72100000	72200000	0.33535
1	72200000	72300000	0.33891
1	72300000	72400000	0.35473
1	72400000	72500000	0.35244
1	72500000	72600000	0.35093
1	72600000	72700000	0.3499
1	72700000	72800000	0.34617
1	72800000	72900000	0.35479
1	72900000	73000000	0.35459
1	73000000	73100000	0.34485
1	73100000	73200000	0.36633
1	73200000	73300000	0.34149
1	73300000	73400000	0.34354
1	73400000	73500000	0.34993
1	73500000	73600000	0.34586
1	73600000	73700000	0.36024
1	73700000	73800000	0.35506
1	73800000	73900000	0.35819
1	73900000	74000000	0.35374
1	74000000	74100000	0.3532
1	74100000	74200000	0.33627
1	74200000	74300000	0.34798
1	74300000	74400000	0.36908
1	74400000	74500000	0.36774
1	74500000	74600000	0.37984
1	74600000	74700000	0.36984
1	74700000	74800000	0.38099
1	74800000	74900000	0.36672
1	74900000	75000000	0.37308
1	75000000	75100000	0.36359
1	75100000	75200000	0.38941
1	75200000	75300000	0.36423
1	75300000	75400000	0.37361
1	75400000	75500000	0.37765
1	75500000	75600000	0.36486
1	75600000	75700000	0.38876
1	75700000	75800000	0.39855
1	75800000	75900000	0.37096
1	75900000	76000000	0.37079
1	76000000	76100000	0.39157
1	76100000	76200000	0.41543
1	76200000	76300000	0.39243
1	76300000	76400000	0.37907
1	76400000	76500000	0.37689
1	76500000	76600000	0.37429
1	76600000	76700000	0.383
1	76700000	76800000	0.3836
1	76800000	76900000	0.39195
1	76900000	77000000	0.37954
1	77000000	77100000	0.40525
1	77100000	77200000	0.36075
1	77200000	77300000	0.37507
1	77300000	77400000	0.37653
1	77400000	77500000	0.39757
1	77500000	77600000	0.40291
1	77600000	77700000	0.38711
1	77700000	77800000	0.40012
1	77800000	77900000	0.39844
1	77900000	78000000	0.3781
1	78000000	78100000	0.38274
1	78100000	78200000	0.39161
1	78200000	78300000	0.39621
1	78300000	78400000	0.37399
1	78400000	78500000	0.3758
1	78500000	78600000	0.36211
1	78600000	78700000	0.36695
1	78700000	78800000	0.36036
1	78800000	78900000	0.3719
1	78900000	79000000	0.34122
1	79000000	79100000	0.35282
1	79100000	79200000	0.35583
1	79200000	79300000	0.36248
1	79300000	79400000	0.34922
1	79400000	79500000	0.36537
1	79500000	79600000	0.35306
1	79600000	79700000	0.3611
1	79700000	79800000	0.34564
1	79800000	79900000	0.36045
1	79900000	80000000	0.36344
1	80000000	80100000	0.34746
1	80100000	80200000	0.35871
1	80200000	80300000	0.35813
1	80300000	80400000	0.34557
1	80400000	80500000	0.34434
1	80500000	80600000	0.34141
1	80600000	80700000	0.35245
1	80700000	80800000	0.35473
1	80800000	80900000	0.33979
1	80900000	81000000	0.36176
1	81000000	81100000	0.35552
1	81100000	81200000	0.36915
1	81200000	81300000	0.36437
1	81300000	81400000	0.36567
1	81400000	81500000	0.37551
1	81500000	81600000	0.38471
1	81600000	81700000	0.39194
1	81700000	81800000	0.36815
1	81800000	81900000	0.35067
1	81900000	82000000	0.33857
1	82000000	82100000	0.38542
1	82100000	82200000	0.36928
1	82200000	82300000	0.37456
1	82300000	82400000	0.372
1	82400000	82500000	0.36197
1	82500000	82600000	0.35873
1	82600000	82700000	0.35542
1	82700000	82800000	0.35271
1	82800000	82900000	0.36352
1	82900000	83000000	0.36811
1	83000000	83100000	0.37377
1	83100000	83200000	0.36899
1	83200000	83300000	0.35993
1	83300000	83400000	0.36282
1	83400000	83500000	0.37149
1	83500000	83600000	0.38349
1	83600000	83700000	0.39575
1	83700000	83800000	0.38799
1	83800000	83900000	0.37214
1	83900000	84000000	0.36143
1	84000000	84100000	0.37828
1	84100000	84200000	0.33845
1	84200000	84300000	0.38285
1	84300000	84400000	0.39209
1	84400000	84500000	0.38575
1	84500000	84600000	0.38009
1	84600000	84700000	0.39814
1	84700000	84800000	0.4126
1	84800000	84900000	0.41837
1	84900000	85000000	0.40441
1	85000000	85100000	0.3967
1	85100000	85200000	0.37412
1	85200000	85300000	0.41904
1	85300000	85400000	0.39381
1	85400000	85500000	0.39094
1	85500000	85600000	0.40731
1	85600000	85700000	0.39126
1	85700000	85800000	0.36933
1	85800000	85900000	0.36454
1	85900000	86000000	0.36436
1	86000000	86100000	0.35549
1	86100000	86200000	0.37586
1	86200000	86300000	0.38392
1	86300000	86400000	0.36255
1	86400000	86500000	0.39999
1	86500000	86600000	0.38708
1	86600000	86700000	0.37621
1	86700000	86800000	0.38565
1	86800000	86900000	0.40784
1	86900000	87000000	0.38139
1	87000000	87100000	0.35923
1	87100000	87200000	0.42958
1	87200000	87300000	0.41944
1	87300000	87400000	0.4051
1	87400000	87500000	0.39486
1	87500000	87600000	0.39287
1	87600000	87700000	0.38916
1	87700000	87800000	0.38313
1	87800000	87900000	0.36655
1	87900000	88000000	0.38317
1	88000000	88100000	0.37497
1	88100000	88200000	0.37161
1	88200000	88300000	0.37327
1	88300000	88400000	0.37458
1	88400000	88500000	0.37302
1	88500000	88600000	0.3773
1	88600000	88700000	0.38032
1	88700000	88800000	0.36343
1	88800000	88900000	0.38594
1	88900000	89000000	0.4005
1	89000000	89100000	0.38882
1	89100000	89200000	0.38201
1	89200000	89300000	0.38714
1	89300000	89400000	0.39879
1	89400000	89500000	0.39357
1	89500000	89600000	0.38816
1	89600000	89700000	0.39619
1	89700000	89800000	0.41468
1	89800000	89900000	0.40741
1	89900000	90000000	0.4144
1	90000000	90100000	0.37144
1	90100000	90200000	0.39505
1	90200000	90300000	0.39188
1	90300000	90400000	0.38689
1	90400000	90500000	0.367
1	90500000	90600000	0.38269
1	90600000	90700000	0.3658
1	90700000	90800000	0.42618
1	90800000	90900000	0.41344
1	90900000	91000000	0.35761
1	91000000	91100000	0.40401
1	91100000	91200000	0.42228
1	91200000	91300000	0.3927
1	91300000	91400000	0.36796
1	91400000	91500000	0.39075
1	91500000	91600000	0.41232
1	91600000	91700000	0.42063
1	91700000	91800000	0.42305
1	91800000	91900000	0.42705
1	91900000	92000000	0.41849
1	92000000	92100000	0.39432
1	92100000	92200000	0.37969
1	92200000	92300000	0.38562
1	92300000	92400000	0.38234
1	92400000	92500000	0.43193
1	92500000	92600000	0.38002
1	92600000	92700000	0.37758
1	92700000	92800000	0.39261
1	92800000	92900000	0.40735
1	92900000	93000000	0.40204
1	93000000	93100000	0.40607
1	93100000	93200000	0.37129
1	93200000	93300000	0.37421
1	93300000	93400000	0.3863
1	93400000	93500000	0.39736
1	93500000	93600000	0.4026
1	93600000	93700000	0.44866
1	93700000	93800000	0.44679
1	93800000	93900000	0.41955
1	93900000	94000000	0.41068
1	94000000	94100000	0.45882
1	94100000	94200000	0.41282
1	94200000	94300000	0.38685
1	94300000	94400000	0.4174
1	94400000	94500000	0.37327
1	94500000	94600000	0.4152
1	94600000	94700000	0.43072
1	94700000	94800000	0.41977
1	94800000	94900000	0.43076
1	94900000	95000000	0.42282
1	95000000	95100000	0.40875
1	95100000	95200000	0.39291
1	95200000	95300000	0.38432
1	95300000	95400000	0.39006
1	95400000	95500000	0.39216
1	95500000	95600000	0.37765
1	95600000	95700000	0.38717
1	95700000	95800000	0.37784
1	95800000	95900000	0.36447
1	95900000	96000000	0.35125
1	96000000	96100000	0.36826
1	96100000	96200000	0.372
1	96200000	96300000	0.37383
1	96300000	96400000	0.36253
1	96400000	96500000	0.38247
1	96500000	96600000	0.3847
1	96600000	96700000	0.37636
1	96700000	96800000	0.36549
1	96800000	96900000	0.3668
1	96900000	97000000	0.38037
1	97000000	97100000	0.37042
1	97100000	97200000	0.3652
1	97200000	97300000	0.35593
1	97300000	97400000	0.36069
1	97400000	97500000	0.35258
1	97500000	97600000	0.35068
1	97600000	97700000	0.34246
1	97700000	97800000	0.33679
1	97800000	97900000	0.34127
1	97900000	98000000	0.35164
1	98000000	98100000	0.35361
1	98100000	98200000	0.35871
1	98200000	98300000	0.35543
1	98300000	98400000	0.3765
1	98400000	98500000	0.3515
1	98500000	98600000	0.3585
1	98600000	98700000	0.37185
1	98700000	98800000	0.3617
1	98800000	98900000	0.372
1	98900000	99000000	0.37104
1	99000000	99100000	0.37818
1	99100000	99200000	0.37097
1	99200000	99300000	0.3639
1	99300000	99400000	0.36379
1	99400000	99500000	0.37314
1	99500000	99600000	0.37993
1	99600000	99700000	0.38095
1	99700000	99800000	0.38736
1	99800000	99900000	0.38911
1	99900000	100000000	0.38588
1	100000000	100100000	0.3794
1	100100000	100200000	0.37215
1	100200000	100300000	0.39063
1	100300000	100400000	0.40219
1	100400000	100500000	0.37893
1	100500000	100600000	0.38683
1	100600000	100700000	0.39181
1	100700000	100800000	0.37143
1	100800000	100900000	0.37997
1	100900000	101000000	0.36154
1	101000000	101100000	0.37178
1	101100000	101200000	0.3741
1	101200000	101300000	0.40489
1	101300000	101400000	0.40898
1	101400000	101500000	0.38159
1	101500000	101600000	0.3667
1	101600000	101700000	0.36353
1	101700000	101800000	0.35165
1	101800000	101900000	0.35038
1	101900000	102000000	0.35025
1	102000000	102100000	0.36512
1	102100000	102200000	0.3391
1	102200000	102300000	0.34347
1	102300000	102400000	0.34078
1	102400000	102500000	0.34664
1	102500000	102600000	0.34981
1	102600000	102700000	0.35735
1	102700000	102800000	0.34481
1	102800000	102900000	0.36138
1	102900000	103000000	0.33214
1	103000000	103100000	0.32915
1	103100000	103200000	0.3467
1	103200000	103300000	0.34983
1	103300000	103400000	0.34205
1	103400000	103500000	0.3507
1	103500000	103600000	0.35657
1	103600000	103700000	0.35668
1	103700000	103800000	0.35344
1	103800000	103900000	0.34157
1	103900000	104000000	0.33987
1	104000000	104100000	0.35319
1	104100000	104200000	0.35374
1	104200000	104300000	0.3598
1	104300000	104400000	0.35553
1	104400000	104500000	0.35539
1	104500000	104600000	0.35369
1	104600000	104700000	0.34614
1	104700000	104800000	0.34786
1	104800000	104900000	0.34186
1	104900000	105000000	0.3473
1	105000000	105100000	0.3362
1	105100000	105200000	0.34916
1	105200000	105300000	0.34056
1	105300000	105400000	0.33802
1	105400000	105500000	0.34379
1	105500000	105600000	0.3415
1	105600000	105700000	0.33923
1	105700000	105800000	0.33678
1	105800000	105900000	0.35613
1	105900000	106000000	0.35552
1	106000000	106100000	0.34049
1	106100000	106200000	0.35898
1	106200000	106300000	0.34346
1	106300000	106400000	0.35227
1	106400000	106500000	0.35572
1	106500000	106600000	0.35816
1	106600000	106700000	0.36736
1	106700000	106800000	0.34971
1	106800000	106900000	0.35919
1	106900000	107000000	0.36133
1	107000000	107100000	0.37556
1	107100000	107200000	0.37007
1	107200000	107300000	0.37266
1	107300000	107400000	0.37288
1	107400000	107500000	0.38391
1	107500000	107600000	0.40511
1	107600000	107700000	0.36344
1	107700000	107800000	0.37673
1	107800000	107900000	0.3761
1	107900000	108000000	0.3954
1	108000000	108100000	0.40209
1	108100000	108200000	0.40126
1	108200000	108300000	0.39566
1	108300000	108400000	0.39275
1	108400000	108500000	0.40494
1	108500000	108600000	0.39063
1	108600000	108700000	0.41359
1	108700000	108800000	0.38828
1	108800000	108900000	0.41158
1	108900000	109000000	0.40294
1	109000000	109100000	0.43967
1	109100000	109200000	0.46194
1	109200000	109300000	0.50659
1	109300000	109400000	0.42992
1	109400000	109500000	0.44995
1	109500000	109600000	0.43756
1	109600000	109700000	0.48293
1	109700000	109800000	0.48527
1	109800000	109900000	0.46562
1	109900000	110000000	0.45728
1	110000000	110100000	0.47783
1	110100000	110200000	0.49949
1	110200000	110300000	0.49383
1	110300000	110400000	0.42329
1	110400000	110500000	0.4813
1	110500000	110600000	0.47577
1	110600000	110700000	0.42125
1	110700000	110800000	0.41711
1	110800000	110900000	0.37904
1	110900000	111000000	0.37599
1	111000000	111100000	0.38329
1	111100000	111200000	0.38332
1	111200000	111300000	0.42675
1	111300000	111400000	0.40592
1	111400000	111500000	0.41689
1	111500000	111600000	0.41102
1	111600000	111700000	0.39407
1	111700000	111800000	0.44743
1	111800000	111900000	0.47584
1	111900000	112000000	0.47923
1	112000000	112100000	0.44302
1	112100000	112200000	0.4119
1	112200000	112300000	0.43143
1	112300000	112400000	0.43915
1	112400000	112500000	0.4032
1	112500000	112600000	0.40992
1	112600000	112700000	0.42713
1	112700000	112800000	0.48213
1	112800000	112900000	0.47193
1	112900000	113000000	0.41915
1	113000000	113100000	0.44078
1	113100000	113200000	0.42229
1	113200000	113300000	0.42418
1	113300000	113400000	0.38833
1	113400000	113500000	0.37006
1	113500000	113600000	0.3675
1	113600000	113700000	0.37799
1	113700000	113800000	0.38223
1	113800000	113900000	0.395
1	113900000	114000000	0.42555
1	114000000	114100000	0.44918
1	114100000	114200000	0.46847
1	114200000	114300000	0.42937
1	114300000	114400000	0.41019
1	114400000	114500000	0.38117
1	114500000	114600000	0.4164
1	114600000	114700000	0.3973
1	114700000	114800000	0.39209
1	114800000	114900000	0.36713
1	114900000	115000000	0.3518
1	115000000	115100000	0.41009
1	115100000	115200000	0.425
1	115200000	115300000	0.41434
1	115300000	115400000	0.4252
1	115400000	115500000	0.43387
1	115500000	115600000	0.4089
1	115600000	115700000	0.43681
1	115700000	115800000	0.41866
1	115800000	115900000	0.40268
1	115900000	116000000	0.39828
1	116000000	116100000	0.38753
1	116100000	116200000	0.42711
1	116200000	116300000	0.43142
1	116300000	116400000	0.41298
1	116400000	116500000	0.44683
1	116500000	116600000	0.43469
1	116600000	116700000	0.4578
1	116700000	116800000	0.43592
1	116800000	116900000	0.43201
1	116900000	117000000	0.4407
1	117000000	117100000	0.41573
1	117100000	117200000	0.41991
1	117200000	117300000	0.42741
1	117300000	117400000	0.39835
1	117400000	117500000	0.35028
1	117500000	117600000	0.42534
1	117600000	117700000	0.45034
1	117700000	117800000	0.40511
1	117800000	117900000	0.38769
1	117900000	118000000	0.3764
1	118000000	118100000	0.3692
1	118100000	118200000	0.37818
1	118200000	118300000	0.40213
1	118300000	118400000	0.37356
1	118400000	118500000	0.3584
1	118500000	118600000	0.37898
1	118600000	118700000	0.36216
1	118700000	118800000	0.36235
1	118800000	118900000	0.39626
1	118900000	119000000	0.42112
1	119000000	119100000	0.40308
1	119100000	119200000	0.39938
1	119200000	119300000	0.4026
1	119300000	119400000	0.41933
1	119400000	119500000	0.42229
1	119500000	119600000	0.42656
1	119600000	119700000	0.43166
1	119700000	119800000	0.44394
1	119800000	119900000	0.41126
1	119900000	120000000	0.40359
1	120000000	120100000	0.39729
1	120100000	120200000	0.39198
1	120200000	120300000	0.40652
1	120300000	120400000	0.40298
1	120400000	120500000	0.43535
1	120500000	120600000	0.4072
1	120600000	120700000	0.40496
1	120700000	120800000	0.39871
1	120800000	120900000	0.40561
1	120900000	121000000	0.41102
1	121000000	121100000	0.42968
1	121100000	121200000	0.42068
1	121200000	121300000	0.41857
1	121300000	121400000	0.41711
1	121400000	121500000	0.37153
1	121500000	121600000	0.37828
1	121600000	121700000	0.42299
1	121700000	121800000	0.4142266586005243
1	121800000	121900000	0.4223981762299253
1	121900000	122000000	0.4264385733867283
1	122000000	122100000	0.4289701937609782
1	122100000	122200000	0.43016064257028114
1	122200000	122300000	0.41581745235707124
1	122300000	122400000	0.41118
1	122400000	122500000	0.41085
1	122500000	122600000	0.39165165165165167
1	122600000	122700000	0.3917
1	122700000	122800000	0.39096
1	122800000	122900000	0.39157
1	122900000	123000000	0.39212
1	123000000	123100000	0.39204
1	123100000	123200000	0.39237
1	123200000	123300000	0.39205
1	123300000	123400000	0.39195
1	123400000	123500000	0.3918
1	123500000	123600000	0.39243
1	123600000	123700000	0.39171
1	123700000	123800000	0.39186
1	123800000	123900000	0.39228
1	123900000	124000000	0.3923
1	124000000	124100000	0.39263
1	124100000	124200000	0.39235
1	124200000	124300000	0.39261
1	124300000	124400000	0.39222
1	124400000	124500000	0.39263
1	124500000	124600000	0.39241
1	124600000	124700000	0.3922
1	124700000	124800000	0.39732732732732734
1	124800000	124900000	0.41955955955955954
1	124900000	125000000	0.3922506481239575
1	125000000	125100000	0.38739235481057455
1	125100000	125200000	0.3729964077790165
1	125200000	125300000	
1	125300000	125400000	
1	125400000	125500000	
1	125500000	125600000	
1	125600000	125700000	
1	125700000	125800000	
1	125800000	125900000	
1	125900000	126000000	
1	126000000	126100000	
1	126100000	126200000	
1	126200000	126300000	
1	126300000	126400000	
1	126400000	126500000	
1	126500000	126600000	
1	126600000	126700000	
1	126700000	126800000	
1	126800000	126900000	
1	126900000	127000000	
1	127000000	127100000	
1	127100000	127200000	
1	127200000	127300000	
1	127300000	127400000	
1	127400000	127500000	
1	127500000	127600000	
1	127600000	127700000	
1	127700000	127800000	
1	127800000	127900000	
1	127900000	128000000	
1	128000000	128100000	
1	128100000	128200000	
1	128200000	128300000	
1	128300000	128400000	
1	128400000	128500000	
1	128500000	128600000	
1	128600000	128700000	
1	128700000	128800000	
1	128800000	128900000	
1	128900000	129000000	
1	129000000	129100000	
1	129100000	129200000	
1	129200000	129300000	
1	129300000	129400000	
1	129400000	129500000	
1	129500000	129600000	
1	129600000	129700000	
1	129700000	129800000	
1	129800000	129900000	
1	129900000	130000000	
1	130000000	130100000	
1	130100000	130200000	
1	130200000	130300000	
1	130300000	130400000	
1	130400000	130500000	
1	130500000	130600000	
1	130600000	130700000	
1	130700000	130800000	
1	130800000	130900000	
1	130900000	131000000	
1	131000000	131100000	
1	131100000	131200000	
1	131200000	131300000	
1	131300000	131400000	
1	131400000	131500000	
1	131500000	131600000	
1	131600000	131700000	
1	131700000	131800000	
1	131800000	131900000	
1	131900000	132000000	
1	132000000	132100000	
1	132100000	132200000	
1	132200000	132300000	
1	132300000	132400000	
1	132400000	132500000	
1	132500000	132600000	
1	132600000	132700000	
1	132700000	132800000	
1	132800000	132900000	
1	132900000	133000000	
1	133000000	133100000	
1	133100000	133200000	
1	133200000	133300000	
1	133300000	133400000	
1	133400000	133500000	
1	133500000	133600000	
1	133600000	133700000	
1	133700000	133800000	
1	133800000	133900000	
1	133900000	134000000	
1	134000000	134100000	
1	134100000	134200000	
1	134200000	134300000	
1	134300000	134400000	
1	134400000	134500000	
1	134500000	134600000	
1	134600000	134700000	
1	134700000	134800000	
1	134800000	134900000	
1	134900000	135000000	
1	135000000	135100000	
1	135100000	135200000	
1	135200000	135300000	
1	135300000	135400000	
1	135400000	135500000	
1	135500000	135600000	
1	135600000	135700000	
1	135700000	135800000	
1	135800000	135900000	
1	135900000	136000000	
1	136000000	136100000	
1	136100000	136200000	
1	136200000	136300000	
1	136300000	136400000	
1	136400000	136500000	
1	136500000	136600000	
1	136600000	136700000	
1	136700000	136800000	
1	136800000	136900000	
1	136900000	137000000	
1	137000000	137100000	
1	137100000	137200000	
1	137200000	137300000	
1	137300000	137400000	
1	137400000	137500000	
1	137500000	137600000	
1	137600000	137700000	
1	137700000	137800000	
1	137800000	137900000	
1	137900000	138000000	
1	138000000	138100000	
1	138100000	138200000	
1	138200000	138300000	
1	138300000	138400000	
1	138400000	138500000	
1	138500000	138600000	
1	138600000	138700000	
1	138700000	138800000	
1	138800000	138900000	
1	138900000	139000000	
1	139000000	139100000	
1	139100000	139200000	
1	139200000	139300000	
1	139300000	139400000	
1	139400000	139500000	
1	139500000	139600000	
1	139600000	139700000	
1	139700000	139800000	
1	139800000	139900000	
1	139900000	140000000	
1	140000000	140100000	
1	140100000	140200000	
1	140200000	140300000	
1	140300000	140400000	
1	140400000	140500000	
1	140500000	140600000	
1	140600000	140700000	
1	140700000	140800000	
1	140800000	140900000	
1	140900000	141000000	
1	141000000	141100000	
1	141100000	141200000	
1	141200000	141300000	
1	141300000	141400000	
1	141400000	141500000	
1	141500000	141600000	
1	141600000	141700000	
1	141700000	141800000	
1	141800000	141900000	
1	141900000	142000000	
1	142000000	142100000	
1	142100000	142200000	
1	142200000	142300000	
1	142300000	142400000	
1	142400000	142500000	
1	142500000	142600000	
1	142600000	142700000	
1	142700000	142800000	
1	142800000	142900000	
1	142900000	143000000	
1	143000000	143100000	
1	143100000	143200000	0.3644975021086096
1	143200000	143300000	0.36237
1	143300000	143400000	0.45097
1	143400000	143500000	0.42368
1	143500000	143600000	0.39792
1	143600000	143700000	0.44075
1	143700000	143800000	0.44382
1	143800000	143900000	0.4143
1	143900000	144000000	0.4236
1	144000000	144100000	0.42357
1	144100000	144200000	0.46017
1	144200000	144300000	0.43888
1	144300000	144400000	0.36414
1	144400000	144500000	0.42743
1	144500000	144600000	0.41813
1	144600000	144700000	0.37953
1	144700000	144800000	0.45251
1	144800000	144900000	0.44635
1	144900000	145000000	0.4163
1	145000000	145100000	0.42369
1	145100000	145200000	0.42721
1	145200000	145300000	0.39573
1	145300000	145400000	0.44043
1	145400000	145500000	0.45673
1	145500000	145600000	0.41585
1	145600000	145700000	0.40628
1	145700000	145800000	0.43081
1	145800000	145900000	0.45788
1	145900000	146000000	0.45682
1	146000000	146100000	0.44548
1	146100000	146200000	0.41502
1	146200000	146300000	0.41108
1	146300000	146400000	0.40383
1	146400000	146500000	0.42116
1	146500000	146600000	0.39877
1	146600000	146700000	0.394
1	146700000	146800000	0.43613
1	146800000	146900000	0.42891
1	146900000	147000000	0.42156
1	147000000	147100000	0.42043
1	147100000	147200000	0.39888
1	147200000	147300000	0.40894
1	147300000	147400000	0.38581
1	147400000	147500000	0.39415
1	147500000	147600000	0.42029
1	147600000	147700000	0.42981
1	147700000	147800000	0.43052
1	147800000	147900000	0.41943
1	147900000	148000000	0.40551
1	148000000	148100000	0.43879
1	148100000	148200000	0.4312
1	148200000	148300000	0.4222
1	148300000	148400000	0.44284
1	148400000	148500000	0.3945
1	148500000	148600000	0.431
1	148600000	148700000	0.39693
1	148700000	148800000	0.39608
1	148800000	148900000	0.40707
1	148900000	149000000	0.39368
1	149000000	149100000	0.43764
1	149100000	149200000	0.40954
1	149200000	149300000	0.40798
1	149300000	149400000	0.3936
1	149400000	149500000	0.40095
1	149500000	149600000	0.41489
1	149600000	149700000	0.41966
1	149700000	149800000	0.42077
1	149800000	149900000	0.45787
1	149900000	150000000	0.45303
1	150000000	150100000	0.39333
1	150100000	150200000	0.43612
1	150200000	150300000	0.45436
1	150300000	150400000	0.44049
1	150400000	150500000	0.43056
1	150500000	150600000	0.49919
1	150600000	150700000	0.42035
1	150700000	150800000	0.40859
1	150800000	150900000	0.41511
1	150900000	151000000	0.47082
1	151000000	151100000	0.46633
1	151100000	151200000	0.482
1	151200000	151300000	0.47463
1	151300000	151400000	0.47225
1	151400000	151500000	0.42704
1	151500000	151600000	0.46943
1	151600000	151700000	0.41352
1	151700000	151800000	0.46583
1	151800000	151900000	0.48327
1	151900000	152000000	0.41988
1	152000000	152100000	0.4272
1	152100000	152200000	0.42491
1	152200000	152300000	0.39796
1	152300000	152400000	0.39768
1	152400000	152500000	0.42597
1	152500000	152600000	0.41266
1	152600000	152700000	0.42063
1	152700000	152800000	0.41408
1	152800000	152900000	0.4016
1	152900000	153000000	0.42885
1	153000000	153100000	0.38362
1	153100000	153200000	0.38937
1	153200000	153300000	0.44158
1	153300000	153400000	0.45228
1	153400000	153500000	0.45755
1	153500000	153600000	0.487
1	153600000	153700000	0.49929
1	153700000	153800000	0.49184
1	153800000	153900000	0.43956
1	153900000	154000000	0.49801
1	154000000	154100000	0.42738
1	154100000	154200000	0.43998
1	154200000	154300000	0.44646
1	154300000	154400000	0.4828
1	154400000	154500000	0.47595
1	154500000	154600000	0.48589
1	154600000	154700000	0.42509
1	154700000	154800000	0.47346
1	154800000	154900000	0.50166
1	154900000	155000000	0.50545
1	155000000	155100000	0.5596
1	155100000	155200000	0.52119
1	155200000	155300000	0.52449
1	155300000	155400000	0.45681
1	155400000	155500000	0.40773
1	155500000	155600000	0.4318
1	155600000	155700000	0.45184
1	155700000	155800000	0.44981
1	155800000	155900000	0.44421
1	155900000	156000000	0.48593
1	156000000	156100000	0.50192
1	156100000	156200000	0.51401
1	156200000	156300000	0.50409
1	156300000	156400000	0.48389
1	156400000	156500000	0.51385
1	156500000	156600000	0.50135
1	156600000	156700000	0.5196
1	156700000	156800000	0.49478
1	156800000	156900000	0.53535
1	156900000	157000000	0.49367
1	157000000	157100000	0.42911
1	157100000	157200000	0.47979
1	157200000	157300000	0.42899
1	157300000	157400000	0.41106
1	157400000	157500000	0.43445
1	157500000	157600000	0.41749
1	157600000	157700000	0.38366
1	157700000	157800000	0.38816
1	157800000	157900000	0.3997
1	157900000	158000000	0.43894
1	158000000	158100000	0.49024
1	158100000	158200000	0.43055
1	158200000	158300000	0.39373
1	158300000	158400000	0.3871
1	158400000	158500000	0.35686
1	158500000	158600000	0.36506
1	158600000	158700000	0.37263
1	158700000	158800000	0.36914
1	158800000	158900000	0.37343
1	158900000	159000000	0.37964
1	159000000	159100000	0.3879
1	159100000	159200000	0.41919
1	159200000	159300000	0.40117
1	159300000	159400000	0.36685
1	159400000	159500000	0.38252
1	159500000	159600000	0.38054
1	159600000	159700000	0.37726
1	159700000	159800000	0.41587
1	159800000	159900000	0.48433
1	159900000	160000000	0.48333
1	160000000	160100000	0.46899
1	160100000	160200000	0.48264
1	160200000	160300000	0.44206
1	160300000	160400000	0.43593
1	160400000	160500000	0.43458
1	160500000	160600000	0.39807
1	160600000	160700000	0.41959
1	160700000	160800000	0.43052
1	160800000	160900000	0.43319
1	160900000	161000000	0.44711
1	161000000	161100000	0.49299
1	161100000	161200000	0.48168
1	161200000	161300000	0.47037
1	161300000	161400000	0.4336
1	161400000	161500000	0.51214
1	161500000	161600000	0.43763
1	161600000	161700000	0.43558
1	161700000	161800000	0.41147
1	161800000	161900000	0.36605
1	161900000	162000000	0.41715
1	162000000	162100000	0.43731
1	162100000	162200000	0.41841
1	162200000	162300000	0.42135
1	162300000	162400000	0.44565
1	162400000	162500000	0.41332
1	162500000	162600000	0.39985
1	162600000	162700000	0.40591
1	162700000	162800000	0.40107
1	162800000	162900000	0.39773
1	162900000	163000000	0.39716
1	163000000	163100000	0.37919
1	163100000	163200000	0.37811
1	163200000	163300000	0.37772
1	163300000	163400000	0.36351
1	163400000	163500000	0.39446
1	163500000	163600000	0.37917
1	163600000	163700000	0.37844
1	163700000	163800000	0.36588
1	163800000	163900000	0.37808
1	163900000	164000000	0.37065
1	164000000	164100000	0.35656
1	164100000	164200000	0.37537
1	164200000	164300000	0.36217
1	164300000	164400000	0.37841
1	164400000	164500000	0.3913
1	164500000	164600000	0.41406
1	164600000	164700000	0.42478
1	164700000	164800000	0.41885
1	164800000	164900000	0.40857
1	164900000	165000000	0.40543
1	165000000	165100000	0.40011
1	165100000	165200000	0.41491
1	165200000	165300000	0.43478
1	165300000	165400000	0.43856
1	165400000	165500000	0.433
1	165500000	165600000	0.41563
1	165600000	165700000	0.41655
1	165700000	165800000	0.40001
1	165800000	165900000	0.42841
1	165900000	166000000	0.42846
1	166000000	166100000	0.44083
1	166100000	166200000	0.43921
1	166200000	166300000	0.39827
1	166300000	166400000	0.40489
1	166400000	166500000	0.38642
1	166500000	166600000	0.36879
1	166600000	166700000	0.37361
1	166700000	166800000	0.38123
1	166800000	166900000	0.42139
1	166900000	167000000	0.41793
1	167000000	167100000	0.41975
1	167100000	167200000	0.43348
1	167200000	167300000	0.38966
1	167300000	167400000	0.377
1	167400000	167500000	0.45077
1	167500000	167600000	0.43808
1	167600000	167700000	0.45965
1	167700000	167800000	0.42229
1	167800000	167900000	0.42355
1	167900000	168000000	0.3741
1	168000000	168100000	0.38285
1	168100000	168200000	0.42546
1	168200000	168300000	0.42346
1	168300000	168400000	0.41921
1	168400000	168500000	0.41595
1	168500000	168600000	0.38956
1	168600000	168700000	0.39845
1	168700000	168800000	0.4039
1	168800000	168900000	0.38521
1	168900000	169000000	0.38884
1	169000000	169100000	0.40661
1	169100000	169200000	0.39682
1	169200000	169300000	0.36607
1	169300000	169400000	0.3577
1	169400000	169500000	0.38008
1	169500000	169600000	0.38009
1	169600000	169700000	0.40796
1	169700000	169800000	0.39637
1	169800000	169900000	0.38546
1	169900000	170000000	0.34843
1	170000000	170100000	0.35703
1	170100000	170200000	0.38263
1	170200000	170300000	0.38443
1	170300000	170400000	0.37703
1	170400000	170500000	0.37393
1	170500000	170600000	0.37583
1	170600000	170700000	0.39696
1	170700000	170800000	0.37857
1	170800000	170900000	0.37866
1	170900000	171000000	0.36878
1	171000000	171100000	0.37624
1	171100000	171200000	0.38181
1	171200000	171300000	0.3999
1	171300000	171400000	0.41493
1	171400000	171500000	0.41392
1	171500000	171600000	0.38205
1	171600000	171700000	0.43962
1	171700000	171800000	0.39836
1	171800000	171900000	0.3903
1	171900000	172000000	0.38368
1	172000000	172100000	0.37798
1	172100000	172200000	0.36529
1	172200000	172300000	0.36768
1	172300000	172400000	0.37067
1	172400000	172500000	0.40253
1	172500000	172600000	0.37429
1	172600000	172700000	0.39947
1	172700000	172800000	0.38494
1	172800000	172900000	0.38316
1	172900000	173000000	0.38688
1	173000000	173100000	0.3756
1	173100000	173200000	0.39113
1	173200000	173300000	0.38432
1	173300000	173400000	0.40108
1	173400000	173500000	0.41209
1	173500000	173600000	0.38594
1	173600000	173700000	0.39677
1	173700000	173800000	0.38754
1	173800000	173900000	0.40769
1	173900000	174000000	0.40362
1	174000000	174100000	0.40545
1	174100000	174200000	0.40071
1	174200000	174300000	0.369
1	174300000	174400000	0.37366
1	174400000	174500000	0.35736
1	174500000	174600000	0.36977
1	174600000	174700000	0.37811
1	174700000	174800000	0.39446
1	174800000	174900000	0.39286
1	174900000	175000000	0.39352
1	175000000	175100000	0.42556
1	175100000	175200000	0.45181
1	175200000	175300000	0.40202
1	175300000	175400000	0.43224
1	175400000	175500000	0.43627
1	175500000	175600000	0.43283
1	175600000	175700000	0.44549
1	175700000	175800000	0.44735
1	175800000	175900000	0.44252
1	175900000	176000000	0.38027
1	176000000	176100000	0.36617
1	176100000	176200000	0.35533
1	176200000	176300000	0.38735
1	176300000	176400000	0.38891
1	176400000	176500000	0.39705
1	176500000	176600000	0.40413
1	176600000	176700000	0.38201
1	176700000	176800000	0.38606
1	176800000	176900000	0.42005
1	176900000	177000000	0.42135
1	177000000	177100000	0.41215
1	177100000	177200000	0.40539
1	177200000	177300000	0.41335
1	177300000	177400000	0.41407
1	177400000	177500000	0.39833
1	177500000	177600000	0.3827
1	177600000	177700000	0.3909
1	177700000	177800000	0.40472
1	177800000	177900000	0.42024
1	177900000	178000000	0.43461
1	178000000	178100000	0.41744
1	178100000	178200000	0.36298
1	178200000	178300000	0.37625
1	178300000	178400000	0.36868
1	178400000	178500000	0.39444
1	178500000	178600000	0.45833
1	178600000	178700000	0.41787
1	178700000	178800000	0.38594
1	178800000	178900000	0.3558
1	178900000	179000000	0.42845
1	179000000	179100000	0.45604
1	179100000	179200000	0.41172
1	179200000	179300000	0.42501
1	179300000	179400000	0.3982
1	179400000	179500000	0.38878
1	179500000	179600000	0.41153
1	179600000	179700000	0.36864
1	179700000	179800000	0.43183
1	179800000	179900000	0.43686
1	179900000	180000000	0.38344
1	180000000	180100000	0.35923
1	180100000	180200000	0.47161
1	180200000	180300000	0.48027
1	180300000	180400000	0.36811
1	180400000	180500000	0.36856
1	180500000	180600000	0.42731
1	180600000	180700000	0.38854
1	180700000	180800000	0.36826
1	180800000	180900000	0.37576
1	180900000	181000000	0.48987
1	181000000	181100000	0.44035
1	181100000	181200000	0.47991
1	181200000	181300000	0.43093
1	181300000	181400000	0.44213
1	181400000	181500000	0.44377
1	181500000	181600000	0.43292
1	181600000	181700000	0.41597
1	181700000	181800000	0.45821
1	181800000	181900000	0.39112
1	181900000	182000000	0.40226
1	182000000	182100000	0.42805
1	182100000	182200000	0.41664
1	182200000	182300000	0.42727
1	182300000	182400000	0.44067
1	182400000	182500000	0.41513
1	182500000	182600000	0.4091
1	182600000	182700000	0.45094
1	182700000	182800000	0.41621
1	182800000	182900000	0.39616
1	182900000	183000000	0.39179
1	183000000	183100000	0.3978
1	183100000	183200000	0.41228
1	183200000	183300000	0.44949
1	183300000	183400000	0.43753
1	183400000	183500000	0.4029
1	183500000	183600000	0.40624
1	183600000	183700000	0.39809
1	183700000	183800000	0.40441
1	183800000	183900000	0.40074
1	183900000	184000000	0.40938
1	184000000	184100000	0.38694
1	184100000	184200000	0.40658
1	184200000	184300000	0.41538
1	184300000	184400000	0.39291
1	184400000	184500000	0.4012
1	184500000	184600000	0.39398
1	184600000	184700000	0.41733
1	184700000	184800000	0.37475
1	184800000	184900000	0.40111
1	184900000	185000000	0.39312
1	185000000	185100000	0.39949
1	185100000	185200000	0.37246
1	185200000	185300000	0.37221
1	185300000	185400000	0.39472
1	185400000	185500000	0.3965
1	185500000	185600000	0.38211
1	185600000	185700000	0.38244
1	185700000	185800000	0.37655
1	185800000	185900000	0.3557
1	185900000	186000000	0.35942
1	186000000	186100000	0.34621
1	186100000	186200000	0.36973
1	186200000	186300000	0.39088
1	186300000	186400000	0.35286
1	186400000	186500000	0.35256
1	186500000	186600000	0.37772
1	186600000	186700000	0.38269
1	186700000	186800000	0.37102
1	186800000	186900000	0.35507
1	186900000	187000000	0.3669
1	187000000	187100000	0.36476
1	187100000	187200000	0.35358
1	187200000	187300000	0.35154
1	187300000	187400000	0.35398
1	187400000	187500000	0.3626
1	187500000	187600000	0.36296
1	187600000	187700000	0.36264
1	187700000	187800000	0.36676
1	187800000	187900000	0.35477
1	187900000	188000000	0.33848
1	188000000	188100000	0.35107
1	188100000	188200000	0.34565
1	188200000	188300000	0.3436
1	188300000	188400000	0.34735
1	188400000	188500000	0.33103
1	188500000	188600000	0.33332
1	188600000	188700000	0.34187
1	188700000	188800000	0.35744
1	188800000	188900000	0.34526
1	188900000	189000000	0.33744
1	189000000	189100000	0.33127
1	189100000	189200000	0.34418
1	189200000	189300000	0.33844
1	189300000	189400000	0.34117
1	189400000	189500000	0.3417
1	189500000	189600000	0.33438
1	189600000	189700000	0.33238
1	189700000	189800000	0.35175
1	189800000	189900000	0.33668
1	189900000	190000000	0.34319
1	190000000	190100000	0.33518
1	190100000	190200000	0.33679
1	190200000	190300000	0.331
1	190300000	190400000	0.33399
1	190400000	190500000	0.32846
1	190500000	190600000	0.33718
1	190600000	190700000	0.34217
1	190700000	190800000	0.33069
1	190800000	190900000	0.34652
1	190900000	191000000	0.33731
1	191000000	191100000	0.34392
1	191100000	191200000	0.33827
1	191200000	191300000	0.34568
1	191300000	191400000	0.34555
1	191400000	191500000	0.33981
1	191500000	191600000	0.34329
1	191600000	191700000	0.34302
1	191700000	191800000	0.3505
1	191800000	191900000	0.34087
1	191900000	192000000	0.35109
1	192000000	192100000	0.33667
1	192100000	192200000	0.346
1	192200000	192300000	0.35422
1	192300000	192400000	0.33328
1	192400000	192500000	0.36322
1	192500000	192600000	0.37406
1	192600000	192700000	0.36736
1	192700000	192800000	0.36793
1	192800000	192900000	0.38556
1	192900000	193000000	0.38953
1	193000000	193100000	0.35669
1	193100000	193200000	0.36945
1	193200000	193300000	0.36439
1	193300000	193400000	0.37947
1	193400000	193500000	0.37557
1	193500000	193600000	0.36342
1	193600000	193700000	0.36053
1	193700000	193800000	0.3539
1	193800000	193900000	0.35835
1	193900000	194000000	0.35766
1	194000000	194100000	0.35938
1	194100000	194200000	0.34976
1	194200000	194300000	0.34767
1	194300000	194400000	0.34057
1	194400000	194500000	0.35668
1	194500000	194600000	0.34026
1	194600000	194700000	0.33867
1	194700000	194800000	0.34129
1	194800000	194900000	0.33598
1	194900000	195000000	0.33928
1	195000000	195100000	0.34657
1	195100000	195200000	0.34223
1	195200000	195300000	0.33132
1	195300000	195400000	0.33718
1	195400000	195500000	0.33954
1	195500000	195600000	0.33932
1	195600000	195700000	0.3427
1	195700000	195800000	0.34959
1	195800000	195900000	0.33854
1	195900000	196000000	0.35284
1	196000000	196100000	0.34509
1	196100000	196200000	0.36326
1	196200000	196300000	0.3448
1	196300000	196400000	0.3361
1	196400000	196500000	0.33409
1	196500000	196600000	0.34639
1	196600000	196700000	0.34563
1	196700000	196800000	0.35429
1	196800000	196900000	0.36187
1	196900000	197000000	0.35747
1	197000000	197100000	0.35619
1	197100000	197200000	0.34745
1	197200000	197300000	0.36226
1	197300000	197400000	0.36557
1	197400000	197500000	0.37061
1	197500000	197600000	0.34311
1	197600000	197700000	0.33259
1	197700000	197800000	0.36611
1	197800000	197900000	0.38199
1	197900000	198000000	0.39683
1	198000000	198100000	0.37862
1	198100000	198200000	0.37549
1	198200000	198300000	0.35051
1	198300000	198400000	0.36664
1	198400000	198500000	0.36058
1	198500000	198600000	0.35962
1	198600000	198700000	0.35317
1	198700000	198800000	0.3507
1	198800000	198900000	0.35604
1	198900000	199000000	0.34866
1	199000000	199100000	0.35545
1	199100000	199200000	0.35126
1	199200000	199300000	0.36745
1	199300000	199400000	0.35755
1	199400000	199500000	0.36126
1	199500000	199600000	0.36515
1	199600000	199700000	0.36688
1	199700000	199800000	0.36497
1	199800000	199900000	0.39094
1	199900000	200000000	0.42202
1	200000000	200100000	0.42115
1	200100000	200200000	0.40102
1	200200000	200300000	0.41512
1	200300000	200400000	0.42034
1	200400000	200500000	0.40408
1	200500000	200600000	0.41053
1	200600000	200700000	0.4049
1	200700000	200800000	0.39478
1	200800000	200900000	0.41193
1	200900000	201000000	0.50029
1	201000000	201100000	0.52089
1	201100000	201200000	0.49588
1	201200000	201300000	0.49105
1	201300000	201400000	0.5256
1	201400000	201500000	0.50352
1	201500000	201600000	0.47809
1	201600000	201700000	0.49725
1	201700000	201800000	0.45905
1	201800000	201900000	0.44954
1	201900000	202000000	0.46626
1	202000000	202100000	0.49244
1	202100000	202200000	0.54047
1	202200000	202300000	0.48981
1	202300000	202400000	0.43195
1	202400000	202500000	0.38833
1	202500000	202600000	0.40743
1	202600000	202700000	0.49829
1	202700000	202800000	0.42647
1	202800000	202900000	0.47247
1	202900000	203000000	0.42713
1	203000000	203100000	0.48953
1	203100000	203200000	0.49644
1	203200000	203300000	0.46387
1	203300000	203400000	0.46056
1	203400000	203500000	0.47391
1	203500000	203600000	0.48897
1	203600000	203700000	0.47099
1	203700000	203800000	0.45909
1	203800000	203900000	0.41215
1	203900000	204000000	0.42186
1	204000000	204100000	0.47762
1	204100000	204200000	0.5114
1	204200000	204300000	0.48786
1	204300000	204400000	0.47225
1	204400000	204500000	0.47848
1	204500000	204600000	0.44427
1	204600000	204700000	0.49297
1	204700000	204800000	0.45116
1	204800000	204900000	0.46061
1	204900000	205000000	0.47834
1	205000000	205100000	0.50384
1	205100000	205200000	0.43024
1	205200000	205300000	0.48994
1	205300000	205400000	0.47686
1	205400000	205500000	0.4935
1	205500000	205600000	0.51022
1	205600000	205700000	0.46764
1	205700000	205800000	0.42723
1	205800000	205900000	0.44111
1	205900000	206000000	0.48808
1	206000000	206100000	0.44043
1	206100000	206200000	0.43114
1	206200000	206300000	0.42343
1	206300000	206400000	0.41755
1	206400000	206500000	0.47657
1	206500000	206600000	0.47913
1	206600000	206700000	0.45094
1	206700000	206800000	0.46352
1	206800000	206900000	0.42813
1	206900000	207000000	0.46395
1	207000000	207100000	0.43116
1	207100000	207200000	0.37931
1	207200000	207300000	0.38994
1	207300000	207400000	0.37066
1	207400000	207500000	0.39496
1	207500000	207600000	0.39252
1	207600000	207700000	0.39539
1	207700000	207800000	0.39627
1	207800000	207900000	0.4693
1	207900000	208000000	0.42449
1	208000000	208100000	0.4791
1	208100000	208200000	0.47242
1	208200000	208300000	0.45985
1	208300000	208400000	0.42005
1	208400000	208500000	0.40324
1	208500000	208600000	0.4155
1	208600000	208700000	0.40365
1	208700000	208800000	0.39539
1	208800000	208900000	0.39751
1	208900000	209000000	0.39574
1	209000000	209100000	0.40346
1	209100000	209200000	0.40553
1	209200000	209300000	0.40744
1	209300000	209400000	0.41681
1	209400000	209500000	0.43172
1	209500000	209600000	0.4421
1	209600000	209700000	0.46484
1	209700000	209800000	0.43038
1	209800000	209900000	0.43522
1	209900000	210000000	0.3803
1	210000000	210100000	0.35561
1	210100000	210200000	0.3824
1	210200000	210300000	0.43777
1	210300000	210400000	0.42121
1	210400000	210500000	0.41622
1	210500000	210600000	0.42461
1	210600000	210700000	0.43973
1	210700000	210800000	0.4327
1	210800000	210900000	0.3947
1	210900000	211000000	0.39969
1	211000000	211100000	0.39682
1	211100000	211200000	0.40672
1	211200000	211300000	0.41082
1	211300000	211400000	0.41076
1	211400000	211500000	0.43003
1	211500000	211600000	0.46455
1	211600000	211700000	0.45992
1	211700000	211800000	0.41207
1	211800000	211900000	0.41547
1	211900000	212000000	0.40735
1	212000000	212100000	0.38321
1	212100000	212200000	0.43789
1	212200000	212300000	0.43302
1	212300000	212400000	0.40338
1	212400000	212500000	0.47906
1	212500000	212600000	0.42791
1	212600000	212700000	0.46595
1	212700000	212800000	0.409
1	212800000	212900000	0.4178
1	212900000	213000000	0.4553
1	213000000	213100000	0.39485
1	213100000	213200000	0.37459
1	213200000	213300000	0.37767
1	213300000	213400000	0.43835
1	213400000	213500000	0.42098
1	213500000	213600000	0.41536
1	213600000	213700000	0.41636
1	213700000	213800000	0.41377
1	213800000	213900000	0.41478
1	213900000	214000000	0.41221
1	214000000	214100000	0.40063
1	214100000	214200000	0.40865
1	214200000	214300000	0.4086
1	214300000	214400000	0.43069
1	214400000	214500000	0.40284
1	214500000	214600000	0.41162
1	214600000	214700000	0.40772
1	214700000	214800000	0.38058
1	214800000	214900000	0.38252
1	214900000	215000000	0.3833
1	215000000	215100000	0.37045
1	215100000	215200000	0.35873
1	215200000	215300000	0.37064
1	215300000	215400000	0.36554
1	215400000	215500000	0.37273
1	215500000	215600000	0.36878
1	215600000	215700000	0.38701
1	215700000	215800000	0.37169
1	215800000	215900000	0.35936
1	215900000	216000000	0.35188
1	216000000	216100000	0.3697
1	216100000	216200000	0.3559
1	216200000	216300000	0.35822
1	216300000	216400000	0.35356
1	216400000	216500000	0.3668
1	216500000	216600000	0.35956
1	216600000	216700000	0.37616
1	216700000	216800000	0.37195
1	216800000	216900000	0.37563
1	216900000	217000000	0.39115
1	217000000	217100000	0.3947
1	217100000	217200000	0.39433
1	217200000	217300000	0.37406
1	217300000	217400000	0.3955
1	217400000	217500000	0.37218
1	217500000	217600000	0.36582
1	217600000	217700000	0.36288
1	217700000	217800000	0.3577
1	217800000	217900000	0.35393
1	217900000	218000000	0.39919
1	218000000	218100000	0.37878
1	218100000	218200000	0.36309
1	218200000	218300000	0.38272
1	218300000	218400000	0.40294
1	218400000	218500000	0.39731
1	218500000	218600000	0.40084
1	218600000	218700000	0.38283
1	218700000	218800000	0.38801
1	218800000	218900000	0.37083
1	218900000	219000000	0.37237
1	219000000	219100000	0.35381
1	219100000	219200000	0.35763
1	219200000	219300000	0.36824
1	219300000	219400000	0.38119
1	219400000	219500000	0.3815
1	219500000	219600000	0.39516
1	219600000	219700000	0.3866
1	219700000	219800000	0.39776
1	219800000	219900000	0.3903
1	219900000	220000000	0.39746
1	220000000	220100000	0.40668
1	220100000	220200000	0.38021
1	220200000	220300000	0.38509
1	220300000	220400000	0.41665
1	220400000	220500000	0.41237
1	220500000	220600000	0.3801
1	220600000	220700000	0.3878
1	220700000	220800000	0.43469
1	220800000	220900000	0.4352
1	220900000	221000000	0.3926
1	221000000	221100000	0.39055
1	221100000	221200000	0.37416
1	221200000	221300000	0.3836
1	221300000	221400000	0.39016
1	221400000	221500000	0.37739
1	221500000	221600000	0.38845
1	221600000	221700000	0.36978
1	221700000	221800000	0.41333
1	221800000	221900000	0.4046
1	221900000	222000000	0.41351
1	222000000	222100000	0.40465
1	222100000	222200000	0.39744
1	222200000	222300000	0.395
1	222300000	222400000	0.40471
1	222400000	222500000	0.45318
1	222500000	222600000	0.40787
1	222600000	222700000	0.38536
1	222700000	222800000	0.39592
1	222800000	222900000	0.37806
1	222900000	223000000	0.37037
1	223000000	223100000	0.46616
1	223100000	223200000	0.44517
1	223200000	223300000	0.4532
1	223300000	223400000	0.43857
1	223400000	223500000	0.43946
1	223500000	223600000	0.46773564096038006
1	223600000	223700000	0.4566957667600066
1	223700000	223800000	0.46685
1	223800000	223900000	0.41906
1	223900000	224000000	0.41945
1	224000000	224100000	0.40946
1	224100000	224200000	0.431
1	224200000	224300000	0.43039
1	224300000	224400000	0.41819
1	224400000	224500000	0.41185
1	224500000	224600000	0.42597
1	224600000	224700000	0.45722
1	224700000	224800000	0.4448
1	224800000	224900000	0.42571
1	224900000	225000000	0.37582
1	225000000	225100000	0.36725
1	225100000	225200000	0.36947
1	225200000	225300000	0.37483
1	225300000	225400000	0.38235
1	225400000	225500000	0.45713
1	225500000	225600000	0.38071
1	225600000	225700000	0.41648
1	225700000	225800000	0.45631
1	225800000	225900000	0.50713
1	225900000	226000000	0.47699
1	226000000	226100000	0.45214
1	226100000	226200000	0.46572
1	226200000	226300000	0.41238
1	226300000	226400000	0.4586
1	226400000	226500000	0.46865
1	226500000	226600000	0.4716
1	226600000	226700000	0.50126
1	226700000	226800000	0.45775
1	226800000	226900000	0.46503
1	226900000	227000000	0.48705
1	227000000	227100000	0.35773
1	227100000	227200000	0.36017
1	227200000	227300000	0.37408
1	227300000	227400000	0.4123
1	227400000	227500000	0.44371
1	227500000	227600000	0.42857
1	227600000	227700000	0.40545
1	227700000	227800000	0.51155
1	227800000	227900000	0.44793
1	227900000	228000000	0.51888
1	228000000	228100000	0.53916
1	228100000	228200000	0.51837
1	228200000	228300000	0.51371
1	228300000	228400000	0.55027
1	228400000	228500000	0.4982
1	228500000	228600000	0.47935371119183057
1	228600000	228700000	0.5316687764633987
1	228700000	228800000	0.43461
1	228800000	228900000	0.43656
1	228900000	229000000	0.45384
1	229000000	229100000	0.44848
1	229100000	229200000	0.46382
1	229200000	229300000	0.4363
1	229300000	229400000	0.43544
1	229400000	229500000	0.44169
1	229500000	229600000	0.43514
1	229600000	229700000	0.43257
1	229700000	229800000	0.41621
1	229800000	229900000	0.44302
1	229900000	230000000	0.40487
1	230000000	230100000	0.44993
1	230100000	230200000	0.46465
1	230200000	230300000	0.45832
1	230300000	230400000	0.49189
1	230400000	230500000	0.423
1	230500000	230600000	0.41917
1	230600000	230700000	0.41875
1	230700000	230800000	0.47475
1	230800000	230900000	0.45546
1	230900000	231000000	0.40458
1	231000000	231100000	0.44157
1	231100000	231200000	0.44721
1	231200000	231300000	0.45445
1	231300000	231400000	0.41338
1	231400000	231500000	0.39777
1	231500000	231600000	0.39486
1	231600000	231700000	0.42497
1	231700000	231800000	0.41988
1	231800000	231900000	0.42561
1	231900000	232000000	0.42221
1	232000000	232100000	0.40384
1	232100000	232200000	0.41915
1	232200000	232300000	0.41468
1	232300000	232400000	0.44162
1	232400000	232500000	0.41121
1	232500000	232600000	0.41097
1	232600000	232700000	0.42124
1	232700000	232800000	0.41321
1	232800000	232900000	0.41152
1	232900000	233000000	0.43985
1	233000000	233100000	0.41221
1	233100000	233200000	0.39214
1	233200000	233300000	0.40657
1	233300000	233400000	0.39443
1	233400000	233500000	0.40456
1	233500000	233600000	0.39508
1	233600000	233700000	0.42302
1	233700000	233800000	0.39514
1	233800000	233900000	0.38383
1	233900000	234000000	0.41648
1	234000000	234100000	0.40409
1	234100000	234200000	0.41983
1	234200000	234300000	0.44553
1	234300000	234400000	0.4183
1	234400000	234500000	0.40855
1	234500000	234600000	0.45077
1	234600000	234700000	0.42601
1	234700000	234800000	0.46483
1	234800000	234900000	0.47206
1	234900000	235000000	0.46405
1	235000000	235100000	0.47283
1	235100000	235200000	0.42329
1	235200000	235300000	0.37699
1	235300000	235400000	0.44017
1	235400000	235500000	0.4217
1	235500000	235600000	0.45627
1	235600000	235700000	0.44707
1	235700000	235800000	0.36031
1	235800000	235900000	0.39748
1	235900000	236000000	0.44691
1	236000000	236100000	0.45015
1	236100000	236200000	0.47039
1	236200000	236300000	0.38584
1	236300000	236400000	0.43338
1	236400000	236500000	0.45295
1	236500000	236600000	0.4079
1	236600000	236700000	0.4187
1	236700000	236800000	0.42617
1	236800000	236900000	0.40587
1	236900000	237000000	0.43521
1	237000000	237100000	0.42357
1	237100000	237200000	0.41419
1	237200000	237300000	0.39564
1	237300000	237400000	0.36799
1	237400000	237500000	0.36546
1	237500000	237600000	0.38317
1	237600000	237700000	0.37283
1	237700000	237800000	0.36635
1	237800000	237900000	0.41558
1	237900000	238000000	0.39353
1	238000000	238100000	0.3825
1	238100000	238200000	0.38457
1	238200000	238300000	0.37886
1	238300000	238400000	0.38283
1	238400000	238500000	0.36439
1	238500000	238600000	0.36662
1	238600000	238700000	0.35184
1	238700000	238800000	0.35711
1	238800000	238900000	0.36153
1	238900000	239000000	0.35386
1	239000000	239100000	0.35933
1	239100000	239200000	0.36924
1	239200000	239300000	0.37533
1	239300000	239400000	0.37917
1	239400000	239500000	0.38087
1	239500000	239600000	0.37604
1	239600000	239700000	0.38485
1	239700000	239800000	0.37877
1	239800000	239900000	0.40606
1	239900000	240000000	0.41232
1	240000000	240100000	0.41293
1	240100000	240200000	0.40578
1	240200000	240300000	0.39023
1	240300000	240400000	0.37209
1	240400000	240500000	0.40135
1	240500000	240600000	0.4012
1	240600000	240700000	0.41482
1	240700000	240800000	0.40991
1	240800000	240900000	0.3872
1	240900000	241000000	0.3777
1	241000000	241100000	0.3944
1	241100000	241200000	0.39858
1	241200000	241300000	0.40004
1	241300000	241400000	0.39428
1	241400000	241500000	0.40329
1	241500000	241600000	0.37196
1	241600000	241700000	0.39382
1	241700000	241800000	0.38658
1	241800000	241900000	0.39254
1	241900000	242000000	0.45792
1	242000000	242100000	0.43202
1	242100000	242200000	0.40844
1	242200000	242300000	0.40225
1	242300000	242400000	0.39148
1	242400000	242500000	0.40842
1	242500000	242600000	0.40541
1	242600000	242700000	0.40201
1	242700000	242800000	0.38939
1	242800000	242900000	0.40941
1	242900000	243000000	0.43058
1	243000000	243100000	0.43452
1	243100000	243200000	0.37505
1	243200000	243300000	0.3807
1	243300000	243400000	0.37659
1	243400000	243500000	0.42371
1	243500000	243600000	0.36613
1	243600000	243700000	0.36543
1	243700000	243800000	0.36539
1	243800000	243900000	0.39067
1	243900000	244000000	0.42928
1	244000000	244100000	0.43095
1	244100000	244200000	0.42189
1	244200000	244300000	0.45242
1	244300000	244400000	0.44185
1	244400000	244500000	0.38582
1	244500000	244600000	0.38941
1	244600000	244700000	0.41163
1	244700000	244800000	0.45739
1	244800000	244900000	0.434
1	244900000	245000000	0.42718
1	245000000	245100000	0.41319
1	245100000	245200000	0.45547
1	245200000	245300000	0.44585
1	245300000	245400000	0.45313
1	245400000	245500000	0.44032
1	245500000	245600000	0.45052
1	245600000	245700000	0.44996
1	245700000	245800000	0.42294
1	245800000	245900000	0.42983
1	245900000	246000000	0.42008
1	246000000	246100000	0.40194
1	246100000	246200000	0.39996
1	246200000	246300000	0.38863
1	246300000	246400000	0.3895
1	246400000	246500000	0.40063
1	246500000	246600000	0.44856
1	246600000	246700000	0.4352
1	246700000	246800000	0.44837
1	246800000	246900000	0.40046
1	246900000	247000000	0.42043
1	247000000	247100000	0.42948
1	247100000	247200000	0.43716
1	247200000	247300000	0.41838
1	247300000	247400000	0.47212
1	247400000	247500000	0.43275
1	247500000	247600000	0.40015
1	247600000	247700000	0.37516
1	247700000	247800000	0.36939
1	247800000	247900000	0.40776
1	247900000	248000000	0.37716
1	248000000	248100000	0.36726
1	248100000	248200000	0.38041
1	248200000	248300000	0.36406
1	248300000	248400000	0.37191
1	248400000	248500000	0.38612
1	248500000	248600000	0.37233
1	248600000	248700000	0.39293
1	248700000	248800000	0.42916
1	248800000	248900000	0.47182
1	248900000	248956422	0.42940847012192496
2	0	100000	0.4358666666666667
2	100000	200000	0.40953
2	200000	300000	0.42189
2	300000	400000	0.43187
2	400000	500000	0.45861
2	500000	600000	0.44542
2	600000	700000	0.457
2	700000	800000	0.44323
2	800000	900000	0.46119
2	900000	1000000	0.44423
2	1000000	1100000	0.42008
2	1100000	1200000	0.42863
2	1200000	1300000	0.43845
2	1300000	1400000	0.43629
2	1400000	1500000	0.47412
2	1500000	1600000	0.51746
2	1600000	1700000	0.4922
2	1700000	1800000	0.50451
2	1800000	1900000	0.49301
2	1900000	2000000	0.45366
2	2000000	2100000	0.43171
2	2100000	2200000	0.4363
2	2200000	2300000	0.4214
2	2300000	2400000	0.39404
2	2400000	2500000	0.39108
2	2500000	2600000	0.46618
2	2600000	2700000	0.47448
2	2700000	2800000	0.52192
2	2800000	2900000	0.47372
2	2900000	3000000	0.42158
2	3000000	3100000	0.44628
2	3100000	3200000	0.49861
2	3200000	3300000	0.48101
2	3300000	3400000	0.47384
2	3400000	3500000	0.48655
2	3500000	3600000	0.46904
2	3600000	3700000	0.48848
2	3700000	3800000	0.4529
2	3800000	3900000	0.42033
2	3900000	4000000	0.43672
2	4000000	4100000	0.42265
2	4100000	4200000	0.39643
2	4200000	4300000	0.37312
2	4300000	4400000	0.36933
2	4400000	4500000	0.38694
2	4500000	4600000	0.36782
2	4600000	4700000	0.38287
2	4700000	4800000	0.37343
2	4800000	4900000	0.37811
2	4900000	5000000	0.40263
2	5000000	5100000	0.38984
2	5100000	5200000	0.36846
2	5200000	5300000	0.38179
2	5300000	5400000	0.40457
2	5400000	5500000	0.40951
2	5500000	5600000	0.41222
2	5600000	5700000	0.41658
2	5700000	5800000	0.42417
2	5800000	5900000	0.40786
2	5900000	6000000	0.42437
2	6000000	6100000	0.39623
2	6100000	6200000	0.38281
2	6200000	6300000	0.39227
2	6300000	6400000	0.39552
2	6400000	6500000	0.39774
2	6500000	6600000	0.38605
2	6600000	6700000	0.39751
2	6700000	6800000	0.41396
2	6800000	6900000	0.42059
2	6900000	7000000	0.43913
2	7000000	7100000	0.44811
2	7100000	7200000	0.40763
2	7200000	7300000	0.41302
2	7300000	7400000	0.40913
2	7400000	7500000	0.38813
2	7500000	7600000	0.38355
2	7600000	7700000	0.40821
2	7700000	7800000	0.40784
2	7800000	7900000	0.41109
2	7900000	8000000	0.41577
2	8000000	8100000	0.42657
2	8100000	8200000	0.41399
2	8200000	8300000	0.4303
2	8300000	8400000	0.44422
2	8400000	8500000	0.45972
2	8500000	8600000	0.50419
2	8600000	8700000	0.49027
2	8700000	8800000	0.38984
2	8800000	8900000	0.41143
2	8900000	9000000	0.39671
2	9000000	9100000	0.41484
2	9100000	9200000	0.47708
2	9200000	9300000	0.46031
2	9300000	9400000	0.46912
2	9400000	9500000	0.44082
2	9500000	9600000	0.41483
2	9600000	9700000	0.45379
2	9700000	9800000	0.50273
2	9800000	9900000	0.43365
2	9900000	10000000	0.42436
2	10000000	10100000	0.52228
2	10100000	10200000	0.49903
2	10200000	10300000	0.51524
2	10300000	10400000	0.51618
2	10400000	10500000	0.51432
2	10500000	10600000	0.47753
2	10600000	10700000	0.41284
2	10700000	10800000	0.48136
2	10800000	10900000	0.47247
2	10900000	11000000	0.50198
2	11000000	11100000	0.4414
2	11100000	11200000	0.46549
2	11200000	11300000	0.36316
2	11300000	11400000	0.42574
2	11400000	11500000	0.44249
2	11500000	11600000	0.47068
2	11600000	11700000	0.48062
2	11700000	11800000	0.46545
2	11800000	11900000	0.45226
2	11900000	12000000	0.42553
2	12000000	12100000	0.41619
2	12100000	12200000	0.42421
2	12200000	12300000	0.38164
2	12300000	12400000	0.40003
2	12400000	12500000	0.39806
2	12500000	12600000	0.39553
2	12600000	12700000	0.41072
2	12700000	12800000	0.42872
2	12800000	12900000	0.4026
2	12900000	13000000	0.3759
2	13000000	13100000	0.36242
2	13100000	13200000	0.36275
2	13200000	13300000	0.35015
2	13300000	13400000	0.34982
2	13400000	13500000	0.35325
2	13500000	13600000	0.36175
2	13600000	13700000	0.35599
2	13700000	13800000	0.35585
2	13800000	13900000	0.35163
2	13900000	14000000	0.34909
2	14000000	14100000	0.34771
2	14100000	14200000	0.35403
2	14200000	14300000	0.36941
2	14300000	14400000	0.37414
2	14400000	14500000	0.37516
2	14500000	14600000	0.39806
2	14600000	14700000	0.39127
2	14700000	14800000	0.40177
2	14800000	14900000	0.38879
2	14900000	15000000	0.40807
2	15000000	15100000	0.41572
2	15100000	15200000	0.4189
2	15200000	15300000	0.389
2	15300000	15400000	0.37769
2	15400000	15500000	0.3756
2	15500000	15600000	0.3938
2	15600000	15700000	0.44782
2	15700000	15800000	0.47735
2	15800000	15900000	0.45354
2	15900000	16000000	0.46175
2	16000000	16100000	0.46391
2	16100000	16200000	0.43536363636363634
2	16200000	16300000	0.44642
2	16300000	16400000	0.41124
2	16400000	16500000	0.41259
2	16500000	16600000	0.40451
2	16600000	16700000	0.43125
2	16700000	16800000	0.42703
2	16800000	16900000	0.38537
2	16900000	17000000	0.38235
2	17000000	17100000	0.37581
2	17100000	17200000	0.37891
2	17200000	17300000	0.37994
2	17300000	17400000	0.39426
2	17400000	17500000	0.35724
2	17500000	17600000	0.36922
2	17600000	17700000	0.41586
2	17700000	17800000	0.37319
2	17800000	17900000	0.43064
2	17900000	18000000	0.41399
2	18000000	18100000	0.40119
2	18100000	18200000	0.39984
2	18200000	18300000	0.37953
2	18300000	18400000	0.38561
2	18400000	18500000	0.39289
2	18500000	18600000	0.39048
2	18600000	18700000	0.38763
2	18700000	18800000	0.37307
2	18800000	18900000	0.38707
2	18900000	19000000	0.37727
2	19000000	19100000	0.39567
2	19100000	19200000	0.38659
2	19200000	19300000	0.40759
2	19300000	19400000	0.42459
2	19400000	19500000	0.38626
2	19500000	19600000	0.39409
2	19600000	19700000	0.43033
2	19700000	19800000	0.4597
2	19800000	19900000	0.45652
2	19900000	20000000	0.37408
2	20000000	20100000	0.43715
2	20100000	20200000	0.49957
2	20200000	20300000	0.44195
2	20300000	20400000	0.41976
2	20400000	20500000	0.4655
2	20500000	20600000	0.51111
2	20600000	20700000	0.5047
2	20700000	20800000	0.37744
2	20800000	20900000	0.39309
2	20900000	21000000	0.46182
2	21000000	21100000	0.40806
2	21100000	21200000	0.36576
2	21200000	21300000	0.40935
2	21300000	21400000	0.40573
2	21400000	21500000	0.39328
2	21500000	21600000	0.37529
2	21600000	21700000	0.38775
2	21700000	21800000	0.36838
2	21800000	21900000	0.37588
2	21900000	22000000	0.37612
2	22000000	22100000	0.35146
2	22100000	22200000	0.36377
2	22200000	22300000	0.36247
2	22300000	22400000	0.37206
2	22400000	22500000	0.37081
2	22500000	22600000	0.37385
2	22600000	22700000	0.37756
2	22700000	22800000	0.37371
2	22800000	22900000	0.39294
2	22900000	23000000	0.39748
2	23000000	23100000	0.4328
2	23100000	23200000	0.41856
2	23200000	23300000	0.42932
2	23300000	23400000	0.46162
2	23400000	23500000	0.47204
2	23500000	23600000	0.51433
2	23600000	23700000	0.53331
2	23700000	23800000	0.39137
2	23800000	23900000	0.37996
2	23900000	24000000	0.42582
2	24000000	24100000	0.46546
2	24100000	24200000	0.42209
2	24200000	24300000	0.40295
2	24300000	24400000	0.41471
2	24400000	24500000	0.4267
2	24500000	24600000	0.37702
2	24600000	24700000	0.36038
2	24700000	24800000	0.39744
2	24800000	24900000	0.49216
2	24900000	25000000	0.4543
2	25000000	25100000	0.46747
2	25100000	25200000	0.48733
2	25200000	25300000	0.51931
2	25300000	25400000	0.51656
2	25400000	25500000	0.41955
2	25500000	25600000	0.40762
2	25600000	25700000	0.4184
2	25700000	25800000	0.41051
2	25800000	25900000	0.41308
2	25900000	26000000	0.47904
2	26000000	26100000	0.4329
2	26100000	26200000	0.45595
2	26200000	26300000	0.41274
2	26300000	26400000	0.42658
2	26400000	26500000	0.49056
2	26500000	26600000	0.51112
2	26600000	26700000	0.49218
2	26700000	26800000	0.50412
2	26800000	26900000	0.45415
2	26900000	27000000	0.46421
2	27000000	27100000	0.51002
2	27100000	27200000	0.48101
2	27200000	27300000	0.50241
2	27300000	27400000	0.48933
2	27400000	27500000	0.46666
2	27500000	27600000	0.43886
2	27600000	27700000	0.407
2	27700000	27800000	0.4511
2	27800000	27900000	0.40272
2	27900000	28000000	0.36834
2	28000000	28100000	0.36936
2	28100000	28200000	0.3984
2	28200000	28300000	0.41162
2	28300000	28400000	0.49812
2	28400000	28500000	0.48674
2	28500000	28600000	0.46152
2	28600000	28700000	0.47648
2	28700000	28800000	0.41458
2	28800000	28900000	0.41346
2	28900000	29000000	0.43571
2	29000000	29100000	0.48042
2	29100000	29200000	0.38671
2	29200000	29300000	0.4754
2	29300000	29400000	0.4558
2	29400000	29500000	0.41684
2	29500000	29600000	0.42999
2	29600000	29700000	0.41004
2	29700000	29800000	0.43129
2	29800000	29900000	0.4299
2	29900000	30000000	0.42235
2	30000000	30100000	0.41692
2	30100000	30200000	0.4398
2	30200000	30300000	0.46391
2	30300000	30400000	0.45682
2	30400000	30500000	0.40516
2	30500000	30600000	0.36916
2	30600000	30700000	0.42221
2	30700000	30800000	0.4573
2	30800000	30900000	0.4199
2	30900000	31000000	0.48194
2	31000000	31100000	0.45638
2	31100000	31200000	0.43899
2	31200000	31300000	0.46487
2	31300000	31400000	0.43269
2	31400000	31500000	0.4048040480404804
2	31500000	31600000	0.39508185245557365
2	31600000	31700000	0.38378
2	31700000	31800000	0.39513
2	31800000	31900000	0.37656
2	31900000	32000000	0.38567
2	32000000	32100000	0.43232
2	32100000	32200000	0.3934
2	32200000	32300000	0.42322
2	32300000	32400000	0.417
2	32400000	32500000	0.36895
2	32500000	32600000	0.36905
2	32600000	32700000	0.40401
2	32700000	32800000	0.38841
2	32800000	32900000	0.4201010101010101
2	32900000	33000000	0.427
2	33000000	33100000	0.40588
2	33100000	33200000	0.40243
2	33200000	33300000	0.39413
2	33300000	33400000	0.39759
2	33400000	33500000	0.40832
2	33500000	33600000	0.40254
2	33600000	33700000	0.39809
2	33700000	33800000	0.41336
2	33800000	33900000	0.40373
2	33900000	34000000	0.38811
2	34000000	34100000	0.37846
2	34100000	34200000	0.38369
2	34200000	34300000	0.37274
2	34300000	34400000	0.36781
2	34400000	34500000	0.37887
2	34500000	34600000	0.37509
2	34600000	34700000	0.36907
2	34700000	34800000	0.36639
2	34800000	34900000	0.36039
2	34900000	35000000	0.35183
2	35000000	35100000	0.34119
2	35100000	35200000	0.34992
2	35200000	35300000	0.34706
2	35300000	35400000	0.35914
2	35400000	35500000	0.3573
2	35500000	35600000	0.3684
2	35600000	35700000	0.34702
2	35700000	35800000	0.36012
2	35800000	35900000	0.37282
2	35900000	36000000	0.36808
2	36000000	36100000	0.37731
2	36100000	36200000	0.38842
2	36200000	36300000	0.37603
2	36300000	36400000	0.40105
2	36400000	36500000	0.39729
2	36500000	36600000	0.40332
2	36600000	36700000	0.39446
2	36700000	36800000	0.42855
2	36800000	36900000	0.39451
2	36900000	37000000	0.39374
2	37000000	37100000	0.37944
2	37100000	37200000	0.41711
2	37200000	37300000	0.37628
2	37300000	37400000	0.40411
2	37400000	37500000	0.39082
2	37500000	37600000	0.391
2	37600000	37700000	0.42007
2	37700000	37800000	0.40882
2	37800000	37900000	0.43083
2	37900000	38000000	0.38963
2	38000000	38100000	0.41434
2	38100000	38200000	0.41953
2	38200000	38300000	0.40805
2	38300000	38400000	0.41192
2	38400000	38500000	0.45898
2	38500000	38600000	0.40458
2	38600000	38700000	0.43901
2	38700000	38800000	0.4503
2	38800000	38900000	0.40757
2	38900000	39000000	0.4057
2	39000000	39100000	0.36775
2	39100000	39200000	0.42329
2	39200000	39300000	0.38176
2	39300000	39400000	0.36565
2	39400000	39500000	0.39926
2	39500000	39600000	0.41729
2	39600000	39700000	0.40863
2	39700000	39800000	0.38824
2	39800000	39900000	0.38623
2	39900000	40000000	0.38957
2	40000000	40100000	0.38905
2	40100000	40200000	0.38764
2	40200000	40300000	0.38577
2	40300000	40400000	0.37082
2	40400000	40500000	0.38001
2	40500000	40600000	0.34959
2	40600000	40700000	0.34933
2	40700000	40800000	0.34832
2	40800000	40900000	0.35238
2	40900000	41000000	0.33846
2	41000000	41100000	0.35314
2	41100000	41200000	0.35066
2	41200000	41300000	0.35889
2	41300000	41400000	0.36611
2	41400000	41500000	0.36943
2	41500000	41600000	0.37642
2	41600000	41700000	0.37995
2	41700000	41800000	0.41205
2	41800000	41900000	0.41424
2	41900000	42000000	0.45608
2	42000000	42100000	0.48196
2	42100000	42200000	0.42351
2	42200000	42300000	0.37419
2	42300000	42400000	0.42688
2	42400000	42500000	0.4195
2	42500000	42600000	0.45495
2	42600000	42700000	0.41239
2	42700000	42800000	0.45216
2	42800000	42900000	0.46225
2	42900000	43000000	0.49886
2	43000000	43100000	0.50198
2	43100000	43200000	0.51668
2	43200000	43300000	0.48893
2	43300000	43400000	0.40638
2	43400000	43500000	0.38516
2	43500000	43600000	0.37723
2	43600000	43700000	0.39802
2	43700000	43800000	0.38925
2	43800000	43900000	0.43497
2	43900000	44000000	0.37249
2	44000000	44100000	0.44482
2	44100000	44200000	0.41827
2	44200000	44300000	0.40117
2	44300000	44400000	0.37833
2	44400000	44500000	0.35945
2	44500000	44600000	0.38762
2	44600000	44700000	0.38104
2	44700000	44800000	0.40919
2	44800000	44900000	0.43261
2	44900000	45000000	0.49113
2	45000000	45100000	0.47001
2	45100000	45200000	0.42975
2	45200000	45300000	0.44365
2	45300000	45400000	0.42574
2	45400000	45500000	0.36012
2	45500000	45600000	0.36674
2	45600000	45700000	0.42826
2	45700000	45800000	0.45494
2	45800000	45900000	0.44723
2	45900000	46000000	0.44472
2	46000000	46100000	0.43451
2	46100000	46200000	0.44962
2	46200000	46300000	0.43692
2	46300000	46400000	0.45613
2	46400000	46500000	0.42999
2	46500000	46600000	0.42747
2	46600000	46700000	0.40838
2	46700000	46800000	0.38152
2	46800000	46900000	0.47676
2	46900000	47000000	0.48018
2	47000000	47100000	0.52864
2	47100000	47200000	0.42052
2	47200000	47300000	0.45904
2	47300000	47400000	0.45802
2	47400000	47500000	0.4231
2	47500000	47600000	0.47942
2	47600000	47700000	0.4574
2	47700000	47800000	0.45332
2	47800000	47900000	0.3897
2	47900000	48000000	0.40124
2	48000000	48100000	0.39454
2	48100000	48200000	0.40502
2	48200000	48300000	0.40228
2	48300000	48400000	0.37829
2	48400000	48500000	0.40855
2	48500000	48600000	0.44251
2	48600000	48700000	0.37891
2	48700000	48800000	0.41014
2	48800000	48900000	0.41435
2	48900000	49000000	0.41131
2	49000000	49100000	0.38197
2	49100000	49200000	0.3932
2	49200000	49300000	0.3848
2	49300000	49400000	0.3722
2	49400000	49500000	0.36149
2	49500000	49600000	0.36587
2	49600000	49700000	0.37079
2	49700000	49800000	0.36576
2	49800000	49900000	0.37188
2	49900000	50000000	0.35647
2	50000000	50100000	0.35991
2	50100000	50200000	0.34967
2	50200000	50300000	0.3467
2	50300000	50400000	0.36719
2	50400000	50500000	0.37069
2	50500000	50600000	0.36011
2	50600000	50700000	0.35756
2	50700000	50800000	0.36238
2	50800000	50900000	0.35415
2	50900000	51000000	0.345
2	51000000	51100000	0.3589
2	51100000	51200000	0.36202
2	51200000	51300000	0.35619
2	51300000	51400000	0.3607
2	51400000	51500000	0.35169
2	51500000	51600000	0.34256
2	51600000	51700000	0.34468
2	51700000	51800000	0.35211
2	51800000	51900000	0.3491
2	51900000	52000000	0.35433
2	52000000	52100000	0.36205
2	52100000	52200000	0.33673
2	52200000	52300000	0.35014
2	52300000	52400000	0.36059
2	52400000	52500000	0.37098
2	52500000	52600000	0.36807
2	52600000	52700000	0.36875
2	52700000	52800000	0.36328
2	52800000	52900000	0.36307
2	52900000	53000000	0.36245
2	53000000	53100000	0.35682
2	53100000	53200000	0.36135
2	53200000	53300000	0.37595
2	53300000	53400000	0.36231
2	53400000	53500000	0.40011
2	53500000	53600000	0.4023
2	53600000	53700000	0.39475
2	53700000	53800000	0.38705
2	53800000	53900000	0.39722
2	53900000	54000000	0.39681
2	54000000	54100000	0.42117
2	54100000	54200000	0.39439
2	54200000	54300000	0.38572
2	54300000	54400000	0.39305
2	54400000	54500000	0.41299
2	54500000	54600000	0.42811
2	54600000	54700000	0.43565
2	54700000	54800000	0.40028
2	54800000	54900000	0.39511
2	54900000	55000000	0.41477
2	55000000	55100000	0.38834
2	55100000	55200000	0.42452
2	55200000	55300000	0.40127
2	55300000	55400000	0.36147
2	55400000	55500000	0.40724
2	55500000	55600000	0.3846
2	55600000	55700000	0.40486
2	55700000	55800000	0.40547
2	55800000	55900000	0.38488
2	55900000	56000000	0.38365
2	56000000	56100000	0.38359
2	56100000	56200000	0.41919
2	56200000	56300000	0.38487
2	56300000	56400000	0.36994
2	56400000	56500000	0.37402
2	56500000	56600000	0.35855
2	56600000	56700000	0.37124
2	56700000	56800000	0.35594
2	56800000	56900000	0.35592
2	56900000	57000000	0.35326
2	57000000	57100000	0.3648
2	57100000	57200000	0.35189
2	57200000	57300000	0.36655
2	57300000	57400000	0.34417
2	57400000	57500000	0.35325
2	57500000	57600000	0.35574
2	57600000	57700000	0.35308
2	57700000	57800000	0.35959
2	57800000	57900000	0.35256
2	57900000	58000000	0.35096
2	58000000	58100000	0.35023
2	58100000	58200000	0.35695
2	58200000	58300000	0.36043
2	58300000	58400000	0.3765
2	58400000	58500000	0.37319
2	58500000	58600000	0.37579
2	58600000	58700000	0.35968
2	58700000	58800000	0.37005
2	58800000	58900000	0.38639
2	58900000	59000000	0.37608
2	59000000	59100000	0.38912
2	59100000	59200000	0.39304
2	59200000	59300000	0.37673
2	59300000	59400000	0.35723
2	59400000	59500000	0.36747
2	59500000	59600000	0.38389
2	59600000	59700000	0.36731
2	59700000	59800000	0.38252
2	59800000	59900000	0.40808
2	59900000	60000000	0.40352
2	60000000	60100000	0.40824
2	60100000	60200000	0.40471
2	60200000	60300000	0.41912
2	60300000	60400000	0.43425
2	60400000	60500000	0.44818
2	60500000	60600000	0.43698
2	60600000	60700000	0.43698
2	60700000	60800000	0.42369
2	60800000	60900000	0.43622
2	60900000	61000000	0.38961
2	61000000	61100000	0.40126
2	61100000	61200000	0.42709
2	61200000	61300000	0.36817
2	61300000	61400000	0.3772
2	61400000	61500000	0.42435
2	61500000	61600000	0.43422
2	61600000	61700000	0.4297
2	61700000	61800000	0.4246
2	61800000	61900000	0.42638
2	61900000	62000000	0.41129
2	62000000	62100000	0.40192
2	62100000	62200000	0.43327
2	62200000	62300000	0.44691
2	62300000	62400000	0.44123
2	62400000	62500000	0.44515
2	62500000	62600000	0.40084
2	62600000	62700000	0.39402
2	62700000	62800000	0.37381
2	62800000	62900000	0.37151
2	62900000	63000000	0.35581
2	63000000	63100000	0.39433
2	63100000	63200000	0.36659
2	63200000	63300000	0.36571
2	63300000	63400000	0.37783
2	63400000	63500000	0.36855
2	63500000	63600000	0.37875
2	63600000	63700000	0.39176
2	63700000	63800000	0.38581
2	63800000	63900000	0.385
2	63900000	64000000	0.3662
2	64000000	64100000	0.40609
2	64100000	64200000	0.38141
2	64200000	64300000	0.42417
2	64300000	64400000	0.44221
2	64400000	64500000	0.42909
2	64500000	64600000	0.39392
2	64600000	64700000	0.43562
2	64700000	64800000	0.40985
2	64800000	64900000	0.45766
2	64900000	65000000	0.45367
2	65000000	65100000	0.45046
2	65100000	65200000	0.43793
2	65200000	65300000	0.41052
2	65300000	65400000	0.43819
2	65400000	65500000	0.44509
2	65500000	65600000	0.44384
2	65600000	65700000	0.42732
2	65700000	65800000	0.41113
2	65800000	65900000	0.40897
2	65900000	66000000	0.40305
2	66000000	66100000	0.40879
2	66100000	66200000	0.39209
2	66200000	66300000	0.40146
2	66300000	66400000	0.39185
2	66400000	66500000	0.39813
2	66500000	66600000	0.39418
2	66600000	66700000	0.38126
2	66700000	66800000	0.37947
2	66800000	66900000	0.3842
2	66900000	67000000	0.37653
2	67000000	67100000	0.37738
2	67100000	67200000	0.35711
2	67200000	67300000	0.38336
2	67300000	67400000	0.37776
2	67400000	67500000	0.37237
2	67500000	67600000	0.38959
2	67600000	67700000	0.39751
2	67700000	67800000	0.40657
2	67800000	67900000	0.41399
2	67900000	68000000	0.41192
2	68000000	68100000	0.38336
2	68100000	68200000	0.3977
2	68200000	68300000	0.38093
2	68300000	68400000	0.40366
2	68400000	68500000	0.39854
2	68500000	68600000	0.35726
2	68600000	68700000	0.40814
2	68700000	68800000	0.41717
2	68800000	68900000	0.41825
2	68900000	69000000	0.39961
2	69000000	69100000	0.39923
2	69100000	69200000	0.43146
2	69200000	69300000	0.42341
2	69300000	69400000	0.41129
2	69400000	69500000	0.42275
2	69500000	69600000	0.41812
2	69600000	69700000	0.41793
2	69700000	69800000	0.42746
2	69800000	69900000	0.3991
2	69900000	70000000	0.45754
2	70000000	70100000	0.44419
2	70100000	70200000	0.46384
2	70200000	70300000	0.42516
2	70300000	70400000	0.44679
2	70400000	70500000	0.43011
2	70500000	70600000	0.42179
2	70600000	70700000	0.44586
2	70700000	70800000	0.44497
2	70800000	70900000	0.45847
2	70900000	71000000	0.48785
2	71000000	71100000	0.463
2	71100000	71200000	0.43594
2	71200000	71300000	0.40683
2	71300000	71400000	0.38488
2	71400000	71500000	0.43135
2	71500000	71600000	0.52403
2	71600000	71700000	0.47467
2	71700000	71800000	0.46869
2	71800000	71900000	0.4747
2	71900000	72000000	0.41627
2	72000000	72100000	0.45557
2	72100000	72200000	0.47754
2	72200000	72300000	0.37927
2	72300000	72400000	0.36362
2	72400000	72500000	0.37322
2	72500000	72600000	0.34962
2	72600000	72700000	0.3749
2	72700000	72800000	0.37202
2	72800000	72900000	0.41894
2	72900000	73000000	0.52471
2	73000000	73100000	0.48252
2	73100000	73200000	0.46839
2	73200000	73300000	0.50166
2	73300000	73400000	0.41259
2	73400000	73500000	0.3792
2	73500000	73600000	0.37776
2	73600000	73700000	0.4282
2	73700000	73800000	0.43876
2	73800000	73900000	0.42581
2	73900000	74000000	0.45619
2	74000000	74100000	0.46199
2	74100000	74200000	0.4533
2	74200000	74300000	0.465
2	74300000	74400000	0.44922
2	74400000	74500000	0.50694
2	74500000	74600000	0.48543
2	74600000	74700000	0.41498
2	74700000	74800000	0.43088
2	74800000	74900000	0.45759
2	74900000	75000000	0.42299
2	75000000	75100000	0.41844
2	75100000	75200000	0.39201
2	75200000	75300000	0.39029
2	75300000	75400000	0.38864
2	75400000	75500000	0.3939
2	75500000	75600000	0.41215
2	75600000	75700000	0.39433
2	75700000	75800000	0.39025
2	75800000	75900000	0.38875
2	75900000	76000000	0.36355
2	76000000	76100000	0.35494
2	76100000	76200000	0.35924
2	76200000	76300000	0.36154
2	76300000	76400000	0.36954
2	76400000	76500000	0.36541
2	76500000	76600000	0.35983
2	76600000	76700000	0.35677
2	76700000	76800000	0.37288
2	76800000	76900000	0.34151
2	76900000	77000000	0.34738
2	77000000	77100000	0.35262
2	77100000	77200000	0.35591
2	77200000	77300000	0.34676
2	77300000	77400000	0.34125
2	77400000	77500000	0.35269
2	77500000	77600000	0.34946
2	77600000	77700000	0.34611
2	77700000	77800000	0.35717
2	77800000	77900000	0.35303
2	77900000	78000000	0.35385
2	78000000	78100000	0.34957
2	78100000	78200000	0.35381
2	78200000	78300000	0.3397
2	78300000	78400000	0.33889
2	78400000	78500000	0.3444
2	78500000	78600000	0.34972
2	78600000	78700000	0.35263
2	78700000	78800000	0.36873
2	78800000	78900000	0.36175
2	78900000	79000000	0.38195
2	79000000	79100000	0.40146
2	79100000	79200000	0.39421
2	79200000	79300000	0.39914
2	79300000	79400000	0.38208
2	79400000	79500000	0.37295
2	79500000	79600000	0.36892
2	79600000	79700000	0.36957
2	79700000	79800000	0.37541
2	79800000	79900000	0.38081
2	79900000	80000000	0.39029
2	80000000	80100000	0.39694
2	80100000	80200000	0.40632
2	80200000	80300000	0.4008
2	80300000	80400000	0.40148
2	80400000	80500000	0.38821
2	80500000	80600000	0.3913
2	80600000	80700000	0.36943
2	80700000	80800000	0.3678
2	80800000	80900000	0.37698
2	80900000	81000000	0.35283
2	81000000	81100000	0.35473
2	81100000	81200000	0.36795
2	81200000	81300000	0.34017
2	81300000	81400000	0.35306
2	81400000	81500000	0.35962
2	81500000	81600000	0.35318
2	81600000	81700000	0.36136
2	81700000	81800000	0.36067
2	81800000	81900000	0.35562
2	81900000	82000000	0.36217
2	82000000	82100000	0.35732
2	82100000	82200000	0.34855
2	82200000	82300000	0.35396
2	82300000	82400000	0.34661
2	82400000	82500000	0.33765
2	82500000	82600000	0.35361
2	82600000	82700000	0.34709
2	82700000	82800000	0.348
2	82800000	82900000	0.35899
2	82900000	83000000	0.35699
2	83000000	83100000	0.36049
2	83100000	83200000	0.35706
2	83200000	83300000	0.36703
2	83300000	83400000	0.34251
2	83400000	83500000	0.34334
2	83500000	83600000	0.35682
2	83600000	83700000	0.34636
2	83700000	83800000	0.36213
2	83800000	83900000	0.37698
2	83900000	84000000	0.36461
2	84000000	84100000	0.37701
2	84100000	84200000	0.3848
2	84200000	84300000	0.40414
2	84300000	84400000	0.39724
2	84400000	84500000	0.40078
2	84500000	84600000	0.3694
2	84600000	84700000	0.38312
2	84700000	84800000	0.39062
2	84800000	84900000	0.44967
2	84900000	85000000	0.45658
2	85000000	85100000	0.41932
2	85100000	85200000	0.45528
2	85200000	85300000	0.46457
2	85300000	85400000	0.48329
2	85400000	85500000	0.49119
2	85500000	85600000	0.47669
2	85600000	85700000	0.48207
2	85700000	85800000	0.50937
2	85800000	85900000	0.4455
2	85900000	86000000	0.45662
2	86000000	86100000	0.46842
2	86100000	86200000	0.41738
2	86200000	86300000	0.45134
2	86300000	86400000	0.43648
2	86400000	86500000	0.3929
2	86500000	86600000	0.39889
2	86600000	86700000	0.39791
2	86700000	86800000	0.42
2	86800000	86900000	0.43685
2	86900000	87000000	0.40542
2	87000000	87100000	0.40573
2	87100000	87200000	0.37694
2	87200000	87300000	0.44588
2	87300000	87400000	0.44033
2	87400000	87500000	0.50793
2	87500000	87600000	0.44426
2	87600000	87700000	0.457
2	87700000	87800000	0.38928
2	87800000	87900000	0.36661
2	87900000	88000000	0.37386
2	88000000	88100000	0.43266
2	88100000	88200000	0.44702
2	88200000	88300000	0.4399
2	88300000	88400000	0.42387
2	88400000	88500000	0.4408
2	88500000	88600000	0.41865
2	88600000	88700000	0.42028
2	88700000	88800000	0.39883
2	88800000	88900000	0.40695
2	88900000	89000000	0.39804
2	89000000	89100000	0.40451
2	89100000	89200000	0.3924
2	89200000	89300000	0.41794
2	89300000	89400000	0.4135076110694612
2	89400000	89500000	
2	89500000	89600000	0.45655717603612184
2	89600000	89700000	0.3940133965950321
2	89700000	89800000	0.39258389845244307
2	89800000	89900000	0.40394
2	89900000	90000000	0.40781
2	90000000	90100000	0.40132
2	90100000	90200000	0.40396
2	90200000	90300000	0.44743
2	90300000	90400000	0.39129
2	90400000	90500000	0.3739545997610514
2	90500000	90600000	
2	90600000	90700000	
2	90700000	90800000	
2	90800000	90900000	
2	90900000	91000000	
2	91000000	91100000	
2	91100000	91200000	
2	91200000	91300000	
2	91300000	91400000	
2	91400000	91500000	0.39056714090820505
2	91500000	91600000	0.50652
2	91600000	91700000	0.44421
2	91700000	91800000	0.43278
2	91800000	91900000	0.40607
2	91900000	92000000	0.40486
2	92000000	92100000	0.38841
2	92100000	92200000	0.38556
2	92200000	92300000	0.3845045045045045
2	92300000	92400000	0.38457
2	92400000	92500000	0.38527
2	92500000	92600000	0.38383
2	92600000	92700000	0.38379
2	92700000	92800000	0.3831731731731732
2	92800000	92900000	0.38354354354354353
2	92900000	93000000	0.38249
2	93000000	93100000	0.3829
2	93100000	93200000	0.38292
2	93200000	93300000	0.38367367367367367
2	93300000	93400000	0.38315
2	93400000	93500000	0.38265265265265264
2	93500000	93600000	0.3843043043043043
2	93600000	93700000	0.38325325325325327
2	93700000	93800000	0.38269
2	93800000	93900000	0.38267
2	93900000	94000000	0.3831031031031031
2	94000000	94100000	0.38399460517151796
2	94100000	94200000	0.38568039971064716
2	94200000	94300000	0.40950384346610763
2	94300000	94400000	
2	94400000	94500000	0.38971141781681307
2	94500000	94600000	0.40165
2	94600000	94700000	0.3594
2	94700000	94800000	0.41705
2	94800000	94900000	0.41085
2	94900000	95000000	0.42267
2	95000000	95100000	0.49025
2	95100000	95200000	0.43889
2	95200000	95300000	0.47541
2	95300000	95400000	0.53203
2	95400000	95500000	0.41622
2	95500000	95600000	0.3811
2	95600000	95700000	0.43394
2	95700000	95800000	0.47036
2	95800000	95900000	0.38442
2	95900000	96000000	0.3636
2	96000000	96100000	0.49509
2	96100000	96200000	0.51916
2	96200000	96300000	0.47814
2	96300000	96400000	0.46031
2	96400000	96500000	0.44443
2	96500000	96600000	0.49459
2	96600000	96700000	0.48081
2	96700000	96800000	0.48093
2	96800000	96900000	0.54135
2	96900000	97000000	0.50504
2	97000000	97100000	0.42222
2	97100000	97200000	0.36694
2	97200000	97300000	0.38468
2	97300000	97400000	0.42066
2	97400000	97500000	0.41948
2	97500000	97600000	0.36423
2	97600000	97700000	0.4698
2	97700000	97800000	0.48055
2	97800000	97900000	0.38869
2	97900000	98000000	0.38228
2	98000000	98100000	0.42169
2	98100000	98200000	0.43216
2	98200000	98300000	0.40286
2	98300000	98400000	0.45099
2	98400000	98500000	0.44453
2	98500000	98600000	0.46558
2	98600000	98700000	0.4004
2	98700000	98800000	0.44312
2	98800000	98900000	0.44495
2	98900000	99000000	0.43395
2	99000000	99100000	0.3696
2	99100000	99200000	0.39497
2	99200000	99300000	0.41314
2	99300000	99400000	0.40156
2	99400000	99500000	0.39926
2	99500000	99600000	0.44272
2	99600000	99700000	0.43545
2	99700000	99800000	0.40137
2	99800000	99900000	0.41096
2	99900000	100000000	0.40295
2	100000000	100100000	0.4079
2	100100000	100200000	0.43251
2	100200000	100300000	0.45317
2	100300000	100400000	0.41829
2	100400000	100500000	0.42648
2	100500000	100600000	0.43765
2	100600000	100700000	0.45158
2	100700000	100800000	0.44047
2	100800000	100900000	0.45213
2	100900000	101000000	0.4634
2	101000000	101100000	0.44452
2	101100000	101200000	0.44772
2	101200000	101300000	0.42413
2	101300000	101400000	0.43882
2	101400000	101500000	0.45064
2	101500000	101600000	0.41997
2	101600000	101700000	0.44683
2	101700000	101800000	0.41567
2	101800000	101900000	0.40099
2	101900000	102000000	0.4368
2	102000000	102100000	0.4228
2	102100000	102200000	0.42014
2	102200000	102300000	0.41758
2	102300000	102400000	0.39444
2	102400000	102500000	0.39654
2	102500000	102600000	0.38854
2	102600000	102700000	0.40483
2	102700000	102800000	0.39198
2	102800000	102900000	0.39642
2	102900000	103000000	0.39017
2	103000000	103100000	0.36641
2	103100000	103200000	0.3795
2	103200000	103300000	0.37333
2	103300000	103400000	0.35556
2	103400000	103500000	0.36832
2	103500000	103600000	0.3496
2	103600000	103700000	0.35473
2	103700000	103800000	0.36073
2	103800000	103900000	0.36618
2	103900000	104000000	0.34613
2	104000000	104100000	0.35467
2	104100000	104200000	0.35705
2	104200000	104300000	0.36588
2	104300000	104400000	0.39893
2	104400000	104500000	0.38555
2	104500000	104600000	0.40688
2	104600000	104700000	0.39994
2	104700000	104800000	0.4232
2	104800000	104900000	0.45375
2	104900000	105000000	0.40871
2	105000000	105100000	0.37194
2	105100000	105200000	0.44111
2	105200000	105300000	0.45726
2	105300000	105400000	0.43565
2	105400000	105500000	0.42742
2	105500000	105600000	0.44078
2	105600000	105700000	0.42918
2	105700000	105800000	0.43905
2	105800000	105900000	0.43773
2	105900000	106000000	0.44527
2	106000000	106100000	0.43516
2	106100000	106200000	0.44849
2	106200000	106300000	0.42954
2	106300000	106400000	0.41158
2	106400000	106500000	0.42006
2	106500000	106600000	0.4474
2	106600000	106700000	0.39313
2	106700000	106800000	0.40324
2	106800000	106900000	0.41466
2	106900000	107000000	0.38929
2	107000000	107100000	0.38719
2	107100000	107200000	0.38873
2	107200000	107300000	0.38934
2	107300000	107400000	0.37856
2	107400000	107500000	0.37138
2	107500000	107600000	0.3903
2	107600000	107700000	0.37363
2	107700000	107800000	0.37933
2	107800000	107900000	0.40465
2	107900000	108000000	0.3709
2	108000000	108100000	0.38536
2	108100000	108200000	0.37509
2	108200000	108300000	0.40653
2	108300000	108400000	0.4157
2	108400000	108500000	0.39524
2	108500000	108600000	0.41074
2	108600000	108700000	0.41833
2	108700000	108800000	0.40035
2	108800000	108900000	0.37752
2	108900000	109000000	0.48943
2	109000000	109100000	0.45633
2	109100000	109200000	0.46881
2	109200000	109300000	0.48193
2	109300000	109400000	0.47977
2	109400000	109500000	0.50578
2	109500000	109600000	0.44692
2	109600000	109700000	0.45372
2	109700000	109800000	0.4351
2	109800000	109900000	0.39653
2	109900000	110000000	0.4461
2	110000000	110100000	0.47603
2	110100000	110200000	0.41264
2	110200000	110300000	0.43329
2	110300000	110400000	0.4845
2	110400000	110500000	0.42008
2	110500000	110600000	0.40366
2	110600000	110700000	0.40886
2	110700000	110800000	0.42857
2	110800000	110900000	0.44096
2	110900000	111000000	0.41559
2	111000000	111100000	0.41916
2	111100000	111200000	0.44958
2	111200000	111300000	0.43728
2	111300000	111400000	0.44881
2	111400000	111500000	0.45224
2	111500000	111600000	0.43985
2	111600000	111700000	0.44193
2	111700000	111800000	0.43842
2	111800000	111900000	0.40249
2	111900000	112000000	0.43407
2	112000000	112100000	0.42583
2	112100000	112200000	0.44243
2	112200000	112300000	0.3903
2	112300000	112400000	0.38352
2	112400000	112500000	0.42869
2	112500000	112600000	0.42936
2	112600000	112700000	0.45562
2	112700000	112800000	0.43838
2	112800000	112900000	0.42932
2	112900000	113000000	0.42435
2	113000000	113100000	0.42827
2	113100000	113200000	0.46953
2	113200000	113300000	0.49303
2	113300000	113400000	0.45013
2	113400000	113500000	0.38131
2	113500000	113600000	0.44946
2	113600000	113700000	0.44091
2	113700000	113800000	0.39724
2	113800000	113900000	0.41819
2	113900000	114000000	0.38675
2	114000000	114100000	0.41341
2	114100000	114200000	0.39653
2	114200000	114300000	0.38835
2	114300000	114400000	0.37499
2	114400000	114500000	0.37592
2	114500000	114600000	0.39272
2	114600000	114700000	0.37194
2	114700000	114800000	0.38137
2	114800000	114900000	0.37598
2	114900000	115000000	0.36519
2	115000000	115100000	0.36648
2	115100000	115200000	0.38203
2	115200000	115300000	0.36071
2	115300000	115400000	0.35871
2	115400000	115500000	0.36358
2	115500000	115600000	0.34849
2	115600000	115700000	0.35153
2	115700000	115800000	0.34392
2	115800000	115900000	0.35892
2	115900000	116000000	0.37303
2	116000000	116100000	0.36696
2	116100000	116200000	0.37906
2	116200000	116300000	0.36171
2	116300000	116400000	0.34475
2	116400000	116500000	0.37371
2	116500000	116600000	0.36483
2	116600000	116700000	0.35521
2	116700000	116800000	0.36127
2	116800000	116900000	0.35915
2	116900000	117000000	0.37
2	117000000	117100000	0.37113
2	117100000	117200000	0.37801
2	117200000	117300000	0.36733
2	117300000	117400000	0.37011
2	117400000	117500000	0.38331
2	117500000	117600000	0.38776
2	117600000	117700000	0.41323
2	117700000	117800000	0.40632
2	117800000	117900000	0.41134
2	117900000	118000000	0.42403
2	118000000	118100000	0.40719
2	118100000	118200000	0.41367
2	118200000	118300000	0.42336
2	118300000	118400000	0.39782
2	118400000	118500000	0.40348
2	118500000	118600000	0.41866
2	118600000	118700000	0.41738
2	118700000	118800000	0.43933
2	118800000	118900000	0.46532
2	118900000	119000000	0.43343
2	119000000	119100000	0.43177
2	119100000	119200000	0.48885
2	119200000	119300000	0.48719
2	119300000	119400000	0.41191
2	119400000	119500000	0.48118
2	119500000	119600000	0.4212
2	119600000	119700000	0.44224
2	119700000	119800000	0.42726
2	119800000	119900000	0.37491
2	119900000	120000000	0.36521
2	120000000	120100000	0.39566
2	120100000	120200000	0.38601
2	120200000	120300000	0.47633
2	120300000	120400000	0.53473
2	120400000	120500000	0.49969
2	120500000	120600000	0.51651
2	120600000	120700000	0.49267
2	120700000	120800000	0.50694
2	120800000	120900000	0.51393
2	120900000	121000000	0.53161
2	121000000	121100000	0.49092
2	121100000	121200000	0.4718
2	121200000	121300000	0.4951
2	121300000	121400000	0.43809
2	121400000	121500000	0.38942
2	121500000	121600000	0.41653
2	121600000	121700000	0.42568
2	121700000	121800000	0.44608
2	121800000	121900000	0.45244
2	121900000	122000000	0.43888
2	122000000	122100000	0.43638
2	122100000	122200000	0.43777
2	122200000	122300000	0.41126
2	122300000	122400000	0.39833
2	122400000	122500000	0.37866
2	122500000	122600000	0.37852
2	122600000	122700000	0.37397
2	122700000	122800000	0.3758
2	122800000	122900000	0.37279
2	122900000	123000000	0.35634
2	123000000	123100000	0.34832
2	123100000	123200000	0.3546
2	123200000	123300000	0.3502
2	123300000	123400000	0.35042
2	123400000	123500000	0.36144
2	123500000	123600000	0.35506
2	123600000	123700000	0.38022
2	123700000	123800000	0.34771
2	123800000	123900000	0.3705
2	123900000	124000000	0.36387
2	124000000	124100000	0.38345
2	124100000	124200000	0.38939
2	124200000	124300000	0.38774
2	124300000	124400000	0.3884
2	124400000	124500000	0.38511
2	124500000	124600000	0.40151
2	124600000	124700000	0.39638
2	124700000	124800000	0.38208
2	124800000	124900000	0.38854
2	124900000	125000000	0.38408
2	125000000	125100000	0.3696
2	125100000	125200000	0.34781
2	125200000	125300000	0.35992
2	125300000	125400000	0.36303
2	125400000	125500000	0.36794
2	125500000	125600000	0.36054
2	125600000	125700000	0.37626
2	125700000	125800000	0.37703
2	125800000	125900000	0.36434
2	125900000	126000000	0.37111
2	126000000	126100000	0.36931
2	126100000	126200000	0.37383
2	126200000	126300000	0.38367
2	126300000	126400000	0.38183
2	126400000	126500000	0.39575
2	126500000	126600000	0.38548
2	126600000	126700000	0.44727
2	126700000	126800000	0.46173
2	126800000	126900000	0.45421
2	126900000	127000000	0.4511
2	127000000	127100000	0.52657
2	127100000	127200000	0.47584
2	127200000	127300000	0.45045
2	127300000	127400000	0.39484
2	127400000	127500000	0.44859
2	127500000	127600000	0.46533
2	127600000	127700000	0.53691
2	127700000	127800000	0.41805
2	127800000	127900000	0.45767
2	127900000	128000000	0.43795
2	128000000	128100000	0.44675
2	128100000	128200000	0.40895
2	128200000	128300000	0.49576
2	128300000	128400000	0.516
2	128400000	128500000	0.49849
2	128500000	128600000	0.4751
2	128600000	128700000	0.47889
2	128700000	128800000	0.45195
2	128800000	128900000	0.41801
2	128900000	129000000	0.40838
2	129000000	129100000	0.41264
2	129100000	129200000	0.39945
2	129200000	129300000	0.40748
2	129300000	129400000	0.42043
2	129400000	129500000	0.42156
2	129500000	129600000	0.39154
2	129600000	129700000	0.4249
2	129700000	129800000	0.478
2	129800000	129900000	0.44698
2	129900000	130000000	0.4465
2	130000000	130100000	0.42081
2	130100000	130200000	0.49348
2	130200000	130300000	0.44755
2	130300000	130400000	0.47423
2	130400000	130500000	0.414
2	130500000	130600000	0.49915
2	130600000	130700000	0.42988
2	130700000	130800000	0.45492
2	130800000	130900000	0.50097
2	130900000	131000000	0.43791
2	131000000	131100000	0.47636
2	131100000	131200000	0.4358
2	131200000	131300000	0.43058
2	131300000	131400000	0.41427
2	131400000	131500000	0.45524
2	131500000	131600000	0.4643
2	131600000	131700000	0.41493
2	131700000	131800000	0.40864
2	131800000	131900000	0.41225
2	131900000	132000000	0.36128
2	132000000	132100000	0.37237
2	132100000	132200000	0.37284
2	132200000	132300000	0.43302
2	132300000	132400000	0.40728
2	132400000	132500000	0.41789
2	132500000	132600000	0.43325
2	132600000	132700000	0.43056
2	132700000	132800000	0.40804
2	132800000	132900000	0.39392
2	132900000	133000000	0.39372
2	133000000	133100000	0.38594
2	133100000	133200000	0.38109
2	133200000	133300000	0.37959
2	133300000	133400000	0.3992
2	133400000	133500000	0.39804
2	133500000	133600000	0.4086
2	133600000	133700000	0.389
2	133700000	133800000	0.40416
2	133800000	133900000	0.43089
2	133900000	134000000	0.40839
2	134000000	134100000	0.42588
2	134100000	134200000	0.44926
2	134200000	134300000	0.41707
2	134300000	134400000	0.40782
2	134400000	134500000	0.45664
2	134500000	134600000	0.43977
2	134600000	134700000	0.42209
2	134700000	134800000	0.42823
2	134800000	134900000	0.40552
2	134900000	135000000	0.39845
2	135000000	135100000	0.39911
2	135100000	135200000	0.39203
2	135200000	135300000	0.39937
2	135300000	135400000	0.38241
2	135400000	135500000	0.37928
2	135500000	135600000	0.38366
2	135600000	135700000	0.37243
2	135700000	135800000	0.41957
2	135800000	135900000	0.43715
2	135900000	136000000	0.37759
2	136000000	136100000	0.42497
2	136100000	136200000	0.4334
2	136200000	136300000	0.43144
2	136300000	136400000	0.42207
2	136400000	136500000	0.41603
2	136500000	136600000	0.40435
2	136600000	136700000	0.40045
2	136700000	136800000	0.38687
2	136800000	136900000	0.38063
2	136900000	137000000	0.38855
2	137000000	137100000	0.37124
2	137100000	137200000	0.38289
2	137200000	137300000	0.37146
2	137300000	137400000	0.38343
2	137400000	137500000	0.3656
2	137500000	137600000	0.36983
2	137600000	137700000	0.37626
2	137700000	137800000	0.37264
2	137800000	137900000	0.37451
2	137900000	138000000	0.38005
2	138000000	138100000	0.38706
2	138100000	138200000	0.37126
2	138200000	138300000	0.37435
2	138300000	138400000	0.36658
2	138400000	138500000	0.37545
2	138500000	138600000	0.36709
2	138600000	138700000	0.39357
2	138700000	138800000	0.39218
2	138800000	138900000	0.37894
2	138900000	139000000	0.37722
2	139000000	139100000	0.35212
2	139100000	139200000	0.34891
2	139200000	139300000	0.36492
2	139300000	139400000	0.3665
2	139400000	139500000	0.35334
2	139500000	139600000	0.35495
2	139600000	139700000	0.36993
2	139700000	139800000	0.35834
2	139800000	139900000	0.356
2	139900000	140000000	0.36704
2	140000000	140100000	0.35395
2	140100000	140200000	0.35889
2	140200000	140300000	0.3419
2	140300000	140400000	0.3372
2	140400000	140500000	0.35074
2	140500000	140600000	0.34502
2	140600000	140700000	0.34372
2	140700000	140800000	0.34387
2	140800000	140900000	0.35019
2	140900000	141000000	0.34483
2	141000000	141100000	0.34921
2	141100000	141200000	0.34678
2	141200000	141300000	0.35887
2	141300000	141400000	0.349
2	141400000	141500000	0.35624
2	141500000	141600000	0.35201
2	141600000	141700000	0.36076
2	141700000	141800000	0.3537
2	141800000	141900000	0.34235
2	141900000	142000000	0.34259
2	142000000	142100000	0.349
2	142100000	142200000	0.34732
2	142200000	142300000	0.34862
2	142300000	142400000	0.36317
2	142400000	142500000	0.36425
2	142500000	142600000	0.36282
2	142600000	142700000	0.35338
2	142700000	142800000	0.36066
2	142800000	142900000	0.36846
2	142900000	143000000	0.37782
2	143000000	143100000	0.36904
2	143100000	143200000	0.36177
2	143200000	143300000	0.36067
2	143300000	143400000	0.35402
2	143400000	143500000	0.35491
2	143500000	143600000	0.36793
2	143600000	143700000	0.3714
2	143700000	143800000	0.39172
2	143800000	143900000	0.38772
2	143900000	144000000	0.38423
2	144000000	144100000	0.36958
2	144100000	144200000	0.36097
2	144200000	144300000	0.36888
2	144300000	144400000	0.38974
2	144400000	144500000	0.37519
2	144500000	144600000	0.39336
2	144600000	144700000	0.37495
2	144700000	144800000	0.36338
2	144800000	144900000	0.35901
2	144900000	145000000	0.37299
2	145000000	145100000	0.36857
2	145100000	145200000	0.35224
2	145200000	145300000	0.36241
2	145300000	145400000	0.3563
2	145400000	145500000	0.35976
2	145500000	145600000	0.35447
2	145600000	145700000	0.34682
2	145700000	145800000	0.35944
2	145800000	145900000	0.36529
2	145900000	146000000	0.3486
2	146000000	146100000	0.34488
2	146100000	146200000	0.35105
2	146200000	146300000	0.34681
2	146300000	146400000	0.34644
2	146400000	146500000	0.36312
2	146500000	146600000	0.35642
2	146600000	146700000	0.35106
2	146700000	146800000	0.35743
2	146800000	146900000	0.36247
2	146900000	147000000	0.37222
2	147000000	147100000	0.37587
2	147100000	147200000	0.3712
2	147200000	147300000	0.3726
2	147300000	147400000	0.37868
2	147400000	147500000	0.38227
2	147500000	147600000	0.39908
2	147600000	147700000	0.40022
2	147700000	147800000	0.38178
2	147800000	147900000	0.36702
2	147900000	148000000	0.35181
2	148000000	148100000	0.35465
2	148100000	148200000	0.36178
2	148200000	148300000	0.36961
2	148300000	148400000	0.36957
2	148400000	148500000	0.36143
2	148500000	148600000	0.43364
2	148600000	148700000	0.39745
2	148700000	148800000	0.3671
2	148800000	148900000	0.41877
2	148900000	149000000	0.42545
2	149000000	149100000	0.42073
2	149100000	149200000	0.39853
2	149200000	149300000	0.3879
2	149300000	149400000	0.40742
2	149400000	149500000	0.39941
2	149500000	149600000	0.38414
2	149600000	149700000	0.37235
2	149700000	149800000	0.3808
2	149800000	149900000	0.37545
2	149900000	150000000	0.37445
2	150000000	150100000	0.36015
2	150100000	150200000	0.38916
2	150200000	150300000	0.37577
2	150300000	150400000	0.37973
2	150400000	150500000	0.38888
2	150500000	150600000	0.3867
2	150600000	150700000	0.38057
2	150700000	150800000	0.37494
2	150800000	150900000	0.39336
2	150900000	151000000	0.38413
2	151000000	151100000	0.38799
2	151100000	151200000	0.39096
2	151200000	151300000	0.39761
2	151300000	151400000	0.40392
2	151400000	151500000	0.3854
2	151500000	151600000	0.39784
2	151600000	151700000	0.3765
2	151700000	151800000	0.40008
2	151800000	151900000	0.38757
2	151900000	152000000	0.41165
2	152000000	152100000	0.43394
2	152100000	152200000	0.39902
2	152200000	152300000	0.39711
2	152300000	152400000	0.40598
2	152400000	152500000	0.40549
2	152500000	152600000	0.39651
2	152600000	152700000	0.38441
2	152700000	152800000	0.38826
2	152800000	152900000	0.39358
2	152900000	153000000	0.37106
2	153000000	153100000	0.37003
2	153100000	153200000	0.37587
2	153200000	153300000	0.38009
2	153300000	153400000	0.36595
2	153400000	153500000	0.38062
2	153500000	153600000	0.3757
2	153600000	153700000	0.36109
2	153700000	153800000	0.36567
2	153800000	153900000	0.35944
2	153900000	154000000	0.35411
2	154000000	154100000	0.34824
2	154100000	154200000	0.35436
2	154200000	154300000	0.35259
2	154300000	154400000	0.35197
2	154400000	154500000	0.35513
2	154500000	154600000	0.3659
2	154600000	154700000	0.35994
2	154700000	154800000	0.34312
2	154800000	154900000	0.35583
2	154900000	155000000	0.34437
2	155000000	155100000	0.33692
2	155100000	155200000	0.34378
2	155200000	155300000	0.34387
2	155300000	155400000	0.34716
2	155400000	155500000	0.34273
2	155500000	155600000	0.33499
2	155600000	155700000	0.33819
2	155700000	155800000	0.34541
2	155800000	155900000	0.35979
2	155900000	156000000	0.35016
2	156000000	156100000	0.36415
2	156100000	156200000	0.36337
2	156200000	156300000	0.36423
2	156300000	156400000	0.40969
2	156400000	156500000	0.40431
2	156500000	156600000	0.36367
2	156600000	156700000	0.36788
2	156700000	156800000	0.37159
2	156800000	156900000	0.3551
2	156900000	157000000	0.35931
2	157000000	157100000	0.35975
2	157100000	157200000	0.37628
2	157200000	157300000	0.376
2	157300000	157400000	0.38042
2	157400000	157500000	0.37853
2	157500000	157600000	0.3719
2	157600000	157700000	0.3748
2	157700000	157800000	0.38864
2	157800000	157900000	0.40957
2	157900000	158000000	0.40544
2	158000000	158100000	0.40382
2	158100000	158200000	0.38564
2	158200000	158300000	0.38326
2	158300000	158400000	0.37707
2	158400000	158500000	0.38215
2	158500000	158600000	0.37625
2	158600000	158700000	0.39966
2	158700000	158800000	0.43787
2	158800000	158900000	0.43713
2	158900000	159000000	0.41826
2	159000000	159100000	0.41925
2	159100000	159200000	0.43931
2	159200000	159300000	0.41999
2	159300000	159400000	0.36816
2	159400000	159500000	0.3549
2	159500000	159600000	0.36393
2	159600000	159700000	0.3721
2	159700000	159800000	0.38535
2	159800000	159900000	0.37751
2	159900000	160000000	0.3915
2	160000000	160100000	0.40942
2	160100000	160200000	0.39295
2	160200000	160300000	0.41392
2	160300000	160400000	0.38851
2	160400000	160500000	0.39675
2	160500000	160600000	0.38174
2	160600000	160700000	0.38467
2	160700000	160800000	0.3794
2	160800000	160900000	0.37745
2	160900000	161000000	0.39241
2	161000000	161100000	0.38967
2	161100000	161200000	0.37342
2	161200000	161300000	0.37073
2	161300000	161400000	0.3555
2	161400000	161500000	0.38552
2	161500000	161600000	0.37593
2	161600000	161700000	0.34561
2	161700000	161800000	0.35129
2	161800000	161900000	0.34934
2	161900000	162000000	0.36401
2	162000000	162100000	0.4005
2	162100000	162200000	0.37592
2	162200000	162300000	0.36079
2	162300000	162400000	0.36099
2	162400000	162500000	0.35966
2	162500000	162600000	0.35578
2	162600000	162700000	0.34483
2	162700000	162800000	0.34492
2	162800000	162900000	0.34955
2	162900000	163000000	0.3604
2	163000000	163100000	0.36398
2	163100000	163200000	0.34959
2	163200000	163300000	0.35368
2	163300000	163400000	0.35547
2	163400000	163500000	0.36592
2	163500000	163600000	0.3669
2	163600000	163700000	0.36877
2	163700000	163800000	0.3616
2	163800000	163900000	0.35426
2	163900000	164000000	0.36067
2	164000000	164100000	0.36745
2	164100000	164200000	0.36557
2	164200000	164300000	0.35765
2	164300000	164400000	0.35544
2	164400000	164500000	0.36399
2	164500000	164600000	0.37144
2	164600000	164700000	0.372
2	164700000	164800000	0.36155
2	164800000	164900000	0.368
2	164900000	165000000	0.36706
2	165000000	165100000	0.36956
2	165100000	165200000	0.35166
2	165200000	165300000	0.36441
2	165300000	165400000	0.34818
2	165400000	165500000	0.37271
2	165500000	165600000	0.35301
2	165600000	165700000	0.37831
2	165700000	165800000	0.38142
2	165800000	165900000	0.37138
2	165900000	166000000	0.36446
2	166000000	166100000	0.34495
2	166100000	166200000	0.36892
2	166200000	166300000	0.34285
2	166300000	166400000	0.3502
2	166400000	166500000	0.34747
2	166500000	166600000	0.3536
2	166600000	166700000	0.37147
2	166700000	166800000	0.36517
2	166800000	166900000	0.34939
2	166900000	167000000	0.361
2	167000000	167100000	0.36018
2	167100000	167200000	0.36359
2	167200000	167300000	0.36481
2	167300000	167400000	0.36246
2	167400000	167500000	0.37231
2	167500000	167600000	0.36813
2	167600000	167700000	0.36252
2	167700000	167800000	0.38372
2	167800000	167900000	0.39721
2	167900000	168000000	0.39585
2	168000000	168100000	0.39959
2	168100000	168200000	0.40099
2	168200000	168300000	0.4049
2	168300000	168400000	0.38962
2	168400000	168500000	0.39966
2	168500000	168600000	0.39237
2	168600000	168700000	0.3898
2	168700000	168800000	0.40346
2	168800000	168900000	0.39923
2	168900000	169000000	0.37227
2	169000000	169100000	0.38741
2	169100000	169200000	0.40376
2	169200000	169300000	0.38704
2	169300000	169400000	0.40402
2	169400000	169500000	0.38421
2	169500000	169600000	0.39663
2	169600000	169700000	0.377
2	169700000	169800000	0.43114
2	169800000	169900000	0.39649
2	169900000	170000000	0.36184
2	170000000	170100000	0.35864
2	170100000	170200000	0.40524
2	170200000	170300000	0.39764
2	170300000	170400000	0.39875
2	170400000	170500000	0.41082
2	170500000	170600000	0.40568
2	170600000	170700000	0.41629
2	170700000	170800000	0.41631
2	170800000	170900000	0.44076
2	170900000	171000000	0.42583
2	171000000	171100000	0.36723
2	171100000	171200000	0.38883
2	171200000	171300000	0.40925
2	171300000	171400000	0.39578
2	171400000	171500000	0.38794
2	171500000	171600000	0.41664
2	171600000	171700000	0.40583
2	171700000	171800000	0.37764
2	171800000	171900000	0.39865
2	171900000	172000000	0.40509
2	172000000	172100000	0.42344
2	172100000	172200000	0.43495
2	172200000	172300000	0.43134
2	172300000	172400000	0.43804
2	172400000	172500000	0.41918
2	172500000	172600000	0.41197
2	172600000	172700000	0.40799
2	172700000	172800000	0.40783
2	172800000	172900000	0.39921
2	172900000	173000000	0.40925
2	173000000	173100000	0.40431
2	173100000	173200000	0.3798
2	173200000	173300000	0.40919
2	173300000	173400000	0.41924
2	173400000	173500000	0.42216
2	173500000	173600000	0.39945
2	173600000	173700000	0.40607
2	173700000	173800000	0.40385
2	173800000	173900000	0.43018
2	173900000	174000000	0.39135
2	174000000	174100000	0.41961
2	174100000	174200000	0.3573
2	174200000	174300000	0.39395
2	174300000	174400000	0.41645
2	174400000	174500000	0.39197
2	174500000	174600000	0.42348
2	174600000	174700000	0.42601
2	174700000	174800000	0.44413
2	174800000	174900000	0.36859
2	174900000	175000000	0.37239
2	175000000	175100000	0.38672
2	175100000	175200000	0.37596
2	175200000	175300000	0.37576
2	175300000	175400000	0.39238
2	175400000	175500000	0.39664
2	175500000	175600000	0.38722
2	175600000	175700000	0.39236
2	175700000	175800000	0.40588
2	175800000	175900000	0.39774
2	175900000	176000000	0.35901
2	176000000	176100000	0.4314
2	176100000	176200000	0.49915
2	176200000	176300000	0.38296
2	176300000	176400000	0.35677
2	176400000	176500000	0.40234
2	176500000	176600000	0.40122
2	176600000	176700000	0.38844
2	176700000	176800000	0.40061
2	176800000	176900000	0.38871
2	176900000	177000000	0.38867
2	177000000	177100000	0.40668
2	177100000	177200000	0.38772
2	177200000	177300000	0.41455
2	177300000	177400000	0.39949
2	177400000	177500000	0.36186
2	177500000	177600000	0.38962
2	177600000	177700000	0.39927
2	177700000	177800000	0.40509
2	177800000	177900000	0.38034
2	177900000	178000000	0.39041
2	178000000	178100000	0.38697
2	178100000	178200000	0.38896
2	178200000	178300000	0.39876
2	178300000	178400000	0.38634
2	178400000	178500000	0.39755
2	178500000	178600000	0.40003
2	178600000	178700000	0.36015
2	178700000	178800000	0.37441
2	178800000	178900000	0.3759
2	178900000	179000000	0.37799
2	179000000	179100000	0.39229
2	179100000	179200000	0.3604
2	179200000	179300000	0.38449
2	179300000	179400000	0.38373
2	179400000	179500000	0.36822
2	179500000	179600000	0.36008
2	179600000	179700000	0.37059
2	179700000	179800000	0.37453
2	179800000	179900000	0.37853
2	179900000	180000000	0.35737
2	180000000	180100000	0.37592
2	180100000	180200000	0.35671
2	180200000	180300000	0.36918
2	180300000	180400000	0.35618
2	180400000	180500000	0.36523
2	180500000	180600000	0.36476
2	180600000	180700000	0.36491
2	180700000	180800000	0.36076
2	180800000	180900000	0.35961
2	180900000	181000000	0.3569
2	181000000	181100000	0.35907
2	181100000	181200000	0.35688
2	181200000	181300000	0.36134
2	181300000	181400000	0.35501
2	181400000	181500000	0.37233
2	181500000	181600000	0.36104
2	181600000	181700000	0.38595
2	181700000	181800000	0.39121
2	181800000	181900000	0.3648
2	181900000	182000000	0.36605
2	182000000	182100000	0.36415
2	182100000	182200000	0.36733
2	182200000	182300000	0.36505
2	182300000	182400000	0.3691
2	182400000	182500000	0.36069
2	182500000	182600000	0.36882
2	182600000	182700000	0.38202
2	182700000	182800000	0.36745
2	182800000	182900000	0.38338
2	182900000	183000000	0.35955
2	183000000	183100000	0.39078
2	183100000	183200000	0.38491
2	183200000	183300000	0.37348
2	183300000	183400000	0.37104
2	183400000	183500000	0.37776
2	183500000	183600000	0.36939
2	183600000	183700000	0.35154
2	183700000	183800000	0.36632
2	183800000	183900000	0.3706
2	183900000	184000000	0.34926
2	184000000	184100000	0.3515
2	184100000	184200000	0.34477
2	184200000	184300000	0.34036
2	184300000	184400000	0.33193
2	184400000	184500000	0.33388
2	184500000	184600000	0.3477
2	184600000	184700000	0.34323
2	184700000	184800000	0.33466
2	184800000	184900000	0.33579
2	184900000	185000000	0.34839
2	185000000	185100000	0.34046
2	185100000	185200000	0.34133
2	185200000	185300000	0.33815
2	185300000	185400000	0.35729
2	185400000	185500000	0.34639
2	185500000	185600000	0.33853
2	185600000	185700000	0.34477
2	185700000	185800000	0.3409
2	185800000	185900000	0.35826
2	185900000	186000000	0.34558
2	186000000	186100000	0.34401
2	186100000	186200000	0.35866
2	186200000	186300000	0.35499
2	186300000	186400000	0.36238
2	186400000	186500000	0.38197
2	186500000	186600000	0.3777
2	186600000	186700000	0.35937
2	186700000	186800000	0.37425
2	186800000	186900000	0.36099
2	186900000	187000000	0.39976
2	187000000	187100000	0.3631
2	187100000	187200000	0.35416
2	187200000	187300000	0.35902
2	187300000	187400000	0.33626
2	187400000	187500000	0.33075
2	187500000	187600000	0.37189
2	187600000	187700000	0.35683
2	187700000	187800000	0.34599
2	187800000	187900000	0.36011
2	187900000	188000000	0.36499
2	188000000	188100000	0.36317
2	188100000	188200000	0.36472
2	188200000	188300000	0.3607
2	188300000	188400000	0.36251
2	188400000	188500000	0.35265
2	188500000	188600000	0.34089
2	188600000	188700000	0.35164
2	188700000	188800000	0.33924
2	188800000	188900000	0.36119
2	188900000	189000000	0.35128
2	189000000	189100000	0.35399
2	189100000	189200000	0.34902
2	189200000	189300000	0.35344
2	189300000	189400000	0.3632
2	189400000	189500000	0.3788
2	189500000	189600000	0.38086
2	189600000	189700000	0.38172
2	189700000	189800000	0.37797
2	189800000	189900000	0.36714
2	189900000	190000000	0.36799
2	190000000	190100000	0.37132
2	190100000	190200000	0.38536
2	190200000	190300000	0.38672
2	190300000	190400000	0.39708
2	190400000	190500000	0.40326
2	190500000	190600000	0.39652
2	190600000	190700000	0.38453
2	190700000	190800000	0.40713
2	190800000	190900000	0.39341
2	190900000	191000000	0.37067
2	191000000	191100000	0.38675
2	191100000	191200000	0.38828
2	191200000	191300000	0.40288
2	191300000	191400000	0.39484
2	191400000	191500000	0.39517
2	191500000	191600000	0.41224
2	191600000	191700000	0.3835
2	191700000	191800000	0.39103
2	191800000	191900000	0.38771
2	191900000	192000000	0.37036
2	192000000	192100000	0.36169
2	192100000	192200000	0.36301
2	192200000	192300000	0.34937
2	192300000	192400000	0.34117
2	192400000	192500000	0.35745
2	192500000	192600000	0.35975
2	192600000	192700000	0.34215
2	192700000	192800000	0.33806
2	192800000	192900000	0.34409
2	192900000	193000000	0.34793
2	193000000	193100000	0.33642
2	193100000	193200000	0.32608
2	193200000	193300000	0.34658
2	193300000	193400000	0.32511
2	193400000	193500000	0.34489
2	193500000	193600000	0.35525
2	193600000	193700000	0.33583
2	193700000	193800000	0.3334
2	193800000	193900000	0.3484
2	193900000	194000000	0.32981
2	194000000	194100000	0.34595
2	194100000	194200000	0.35248
2	194200000	194300000	0.34033
2	194300000	194400000	0.33919
2	194400000	194500000	0.32912
2	194500000	194600000	0.33794
2	194600000	194700000	0.34426
2	194700000	194800000	0.33539
2	194800000	194900000	0.34321
2	194900000	195000000	0.35446
2	195000000	195100000	0.34969
2	195100000	195200000	0.35594
2	195200000	195300000	0.36364
2	195300000	195400000	0.371
2	195400000	195500000	0.37576
2	195500000	195600000	0.4112
2	195600000	195700000	0.38991
2	195700000	195800000	0.3753
2	195800000	195900000	0.36105
2	195900000	196000000	0.37418
2	196000000	196100000	0.37959
2	196100000	196200000	0.38407
2	196200000	196300000	0.39321
2	196300000	196400000	0.39348
2	196400000	196500000	0.38643
2	196500000	196600000	0.39831
2	196600000	196700000	0.38109
2	196700000	196800000	0.38142
2	196800000	196900000	0.3655
2	196900000	197000000	0.38607
2	197000000	197100000	0.3954
2	197100000	197200000	0.40397
2	197200000	197300000	0.4074
2	197300000	197400000	0.42667
2	197400000	197500000	0.42313
2	197500000	197600000	0.41699
2	197600000	197700000	0.40198
2	197700000	197800000	0.37731
2	197800000	197900000	0.37615
2	197900000	198000000	0.38922
2	198000000	198100000	0.36701
2	198100000	198200000	0.38391
2	198200000	198300000	0.39362
2	198300000	198400000	0.36564
2	198400000	198500000	0.35697
2	198500000	198600000	0.35518
2	198600000	198700000	0.35198
2	198700000	198800000	0.36494
2	198800000	198900000	0.34969
2	198900000	199000000	0.35892
2	199000000	199100000	0.35732
2	199100000	199200000	0.38041
2	199200000	199300000	0.39038
2	199300000	199400000	0.37782
2	199400000	199500000	0.41565
2	199500000	199600000	0.38978
2	199600000	199700000	0.38799
2	199700000	199800000	0.39866
2	199800000	199900000	0.39244
2	199900000	200000000	0.39086
2	200000000	200100000	0.39268
2	200100000	200200000	0.40291
2	200200000	200300000	0.40001
2	200300000	200400000	0.39986
2	200400000	200500000	0.40115
2	200500000	200600000	0.39011
2	200600000	200700000	0.41779
2	200700000	200800000	0.42589
2	200800000	200900000	0.42747
2	200900000	201000000	0.39082
2	201000000	201100000	0.40767
2	201100000	201200000	0.44082
2	201200000	201300000	0.43077
2	201300000	201400000	0.39889
2	201400000	201500000	0.38458
2	201500000	201600000	0.3796
2	201600000	201700000	0.40221
2	201700000	201800000	0.38878
2	201800000	201900000	0.40882
2	201900000	202000000	0.46068
2	202000000	202100000	0.44165
2	202100000	202200000	0.44218
2	202200000	202300000	0.42668
2	202300000	202400000	0.4362
2	202400000	202500000	0.41061
2	202500000	202600000	0.41159
2	202600000	202700000	0.40969
2	202700000	202800000	0.39111
2	202800000	202900000	0.40012
2	202900000	203000000	0.38719
2	203000000	203100000	0.38709
2	203100000	203200000	0.37371
2	203200000	203300000	0.41324
2	203300000	203400000	0.40318
2	203400000	203500000	0.38888
2	203500000	203600000	0.41576
2	203600000	203700000	0.42452
2	203700000	203800000	0.40752
2	203800000	203900000	0.4162
2	203900000	204000000	0.39635
2	204000000	204100000	0.39623
2	204100000	204200000	0.40687
2	204200000	204300000	0.41121
2	204300000	204400000	0.39861
2	204400000	204500000	0.39345
2	204500000	204600000	0.39855
2	204600000	204700000	0.36585
2	204700000	204800000	0.36654
2	204800000	204900000	0.36396
2	204900000	205000000	0.37059
2	205000000	205100000	0.36338
2	205100000	205200000	0.37491
2	205200000	205300000	0.37236
2	205300000	205400000	0.38147
2	205400000	205500000	0.38396
2	205500000	205600000	0.39436
2	205600000	205700000	0.43614
2	205700000	205800000	0.45604
2	205800000	205900000	0.43371
2	205900000	206000000	0.44325
2	206000000	206100000	0.41318
2	206100000	206200000	0.42627
2	206200000	206300000	0.42224
2	206300000	206400000	0.39629
2	206400000	206500000	0.41017
2	206500000	206600000	0.37242
2	206600000	206700000	0.38151
2	206700000	206800000	0.39461
2	206800000	206900000	0.40062
2	206900000	207000000	0.39289
2	207000000	207100000	0.40811
2	207100000	207200000	0.40761
2	207200000	207300000	0.41532
2	207300000	207400000	0.40072
2	207400000	207500000	0.40493
2	207500000	207600000	0.38833
2	207600000	207700000	0.43792
2	207700000	207800000	0.44016
2	207800000	207900000	0.42762
2	207900000	208000000	0.41078
2	208000000	208100000	0.41607
2	208100000	208200000	0.42774
2	208200000	208300000	0.41409
2	208300000	208400000	0.38329
2	208400000	208500000	0.37391
2	208500000	208600000	0.38081
2	208600000	208700000	0.36493
2	208700000	208800000	0.361
2	208800000	208900000	0.37863
2	208900000	209000000	0.36423
2	209000000	209100000	0.36496
2	209100000	209200000	0.36156
2	209200000	209300000	0.36454
2	209300000	209400000	0.37033
2	209400000	209500000	0.36212
2	209500000	209600000	0.35613
2	209600000	209700000	0.36055
2	209700000	209800000	0.37095
2	209800000	209900000	0.37396
2	209900000	210000000	0.37611
2	210000000	210100000	0.37576
2	210100000	210200000	0.36236
2	210200000	210300000	0.37686
2	210300000	210400000	0.37923
2	210400000	210500000	0.38277
2	210500000	210600000	0.35788
2	210600000	210700000	0.35961
2	210700000	210800000	0.37005
2	210800000	210900000	0.36285
2	210900000	211000000	0.35232
2	211000000	211100000	0.34971
2	211100000	211200000	0.34443
2	211200000	211300000	0.37117
2	211300000	211400000	0.36647
2	211400000	211500000	0.35326
2	211500000	211600000	0.3606
2	211600000	211700000	0.34321
2	211700000	211800000	0.35611
2	211800000	211900000	0.34916
2	211900000	212000000	0.34152
2	212000000	212100000	0.34746
2	212100000	212200000	0.34426
2	212200000	212300000	0.34129
2	212300000	212400000	0.32944
2	212400000	212500000	0.34554
2	212500000	212600000	0.35144
2	212600000	212700000	0.36627
2	212700000	212800000	0.37385
2	212800000	212900000	0.38303
2	212900000	213000000	0.37117
2	213000000	213100000	0.34632
2	213100000	213200000	0.3581
2	213200000	213300000	0.36108
2	213300000	213400000	0.35666
2	213400000	213500000	0.37307
2	213500000	213600000	0.35264
2	213600000	213700000	0.36719
2	213700000	213800000	0.3615
2	213800000	213900000	0.35353
2	213900000	214000000	0.35921
2	214000000	214100000	0.35211
2	214100000	214200000	0.35442
2	214200000	214300000	0.35298
2	214300000	214400000	0.36686
2	214400000	214500000	0.3608
2	214500000	214600000	0.38042
2	214600000	214700000	0.37977
2	214700000	214800000	0.36302
2	214800000	214900000	0.39894
2	214900000	215000000	0.36952
2	215000000	215100000	0.37418
2	215100000	215200000	0.38681
2	215200000	215300000	0.40329
2	215300000	215400000	0.40688
2	215400000	215500000	0.3885
2	215500000	215600000	0.38417
2	215600000	215700000	0.38351
2	215700000	215800000	0.40655
2	215800000	215900000	0.40226
2	215900000	216000000	0.41963
2	216000000	216100000	0.42661
2	216100000	216200000	0.39767
2	216200000	216300000	0.45045
2	216300000	216400000	0.43321
2	216400000	216500000	0.43442
2	216500000	216600000	0.44615
2	216600000	216700000	0.49219
2	216700000	216800000	0.4498
2	216800000	216900000	0.45081
2	216900000	217000000	0.43492
2	217000000	217100000	0.43126
2	217100000	217200000	0.39792
2	217200000	217300000	0.40113
2	217300000	217400000	0.41647
2	217400000	217500000	0.40926
2	217500000	217600000	0.40649
2	217600000	217700000	0.43884
2	217700000	217800000	0.44855
2	217800000	217900000	0.52212
2	217900000	218000000	0.52505
2	218000000	218100000	0.49422
2	218100000	218200000	0.45041
2	218200000	218300000	0.48136
2	218300000	218400000	0.50979
2	218400000	218500000	0.46032
2	218500000	218600000	0.40143
2	218600000	218700000	0.47544
2	218700000	218800000	0.44336
2	218800000	218900000	0.50953
2	218900000	219000000	0.47956
2	219000000	219100000	0.49619
2	219100000	219200000	0.45638
2	219200000	219300000	0.52408
2	219300000	219400000	0.46852
2	219400000	219500000	0.55201
2	219500000	219600000	0.54999
2	219600000	219700000	0.48705
2	219700000	219800000	0.43671
2	219800000	219900000	0.42219
2	219900000	220000000	0.41545
2	220000000	220100000	0.41407
2	220100000	220200000	0.41451
2	220200000	220300000	0.38977
2	220300000	220400000	0.37963
2	220400000	220500000	0.39234
2	220500000	220600000	0.38839
2	220600000	220700000	0.38477
2	220700000	220800000	0.36966
2	220800000	220900000	0.38071
2	220900000	221000000	0.38771
2	221000000	221100000	0.38853
2	221100000	221200000	0.37943
2	221200000	221300000	0.37119
2	221300000	221400000	0.39835
2	221400000	221500000	0.39617
2	221500000	221600000	0.40102
2	221600000	221700000	0.38241
2	221700000	221800000	0.37958
2	221800000	221900000	0.39036
2	221900000	222000000	0.38933
2	222000000	222100000	0.39703
2	222100000	222200000	0.38462
2	222200000	222300000	0.39885
2	222300000	222400000	0.40259
2	222400000	222500000	0.41826
2	222500000	222600000	0.402
2	222600000	222700000	0.39462
2	222700000	222800000	0.42139
2	222800000	222900000	0.41814
2	222900000	223000000	0.39867
2	223000000	223100000	0.41305
2	223100000	223200000	0.39628
2	223200000	223300000	0.38237
2	223300000	223400000	0.37535
2	223400000	223500000	0.38345
2	223500000	223600000	0.38995
2	223600000	223700000	0.40287
2	223700000	223800000	0.41758
2	223800000	223900000	0.43368
2	223900000	224000000	0.41763
2	224000000	224100000	0.43644
2	224100000	224200000	0.41296
2	224200000	224300000	0.39883
2	224300000	224400000	0.4179
2	224400000	224500000	0.4028
2	224500000	224600000	0.3838
2	224600000	224700000	0.41768
2	224700000	224800000	0.40504
2	224800000	224900000	0.38982
2	224900000	225000000	0.39334
2	225000000	225100000	0.38702
2	225100000	225200000	0.36744
2	225200000	225300000	0.36915
2	225300000	225400000	0.36544
2	225400000	225500000	0.37215
2	225500000	225600000	0.38659
2	225600000	225700000	0.37798
2	225700000	225800000	0.37126
2	225800000	225900000	0.36371
2	225900000	226000000	0.34887
2	226000000	226100000	0.37451
2	226100000	226200000	0.3708
2	226200000	226300000	0.36385
2	226300000	226400000	0.38633
2	226400000	226500000	0.37983
2	226500000	226600000	0.38162
2	226600000	226700000	0.41072
2	226700000	226800000	0.40696
2	226800000	226900000	0.39035
2	226900000	227000000	0.39833
2	227000000	227100000	0.41355
2	227100000	227200000	0.40343
2	227200000	227300000	0.39941
2	227300000	227400000	0.40002
2	227400000	227500000	0.41824
2	227500000	227600000	0.37802
2	227600000	227700000	0.41979
2	227700000	227800000	0.43658
2	227800000	227900000	0.41225
2	227900000	228000000	0.39425
2	228000000	228100000	0.38906
2	228100000	228200000	0.37074
2	228200000	228300000	0.37148
2	228300000	228400000	0.3834
2	228400000	228500000	0.3645
2	228500000	228600000	0.37634
2	228600000	228700000	0.37978
2	228700000	228800000	0.37602
2	228800000	228900000	0.37521
2	228900000	229000000	0.37724
2	229000000	229100000	0.38764
2	229100000	229200000	0.39314
2	229200000	229300000	0.39499
2	229300000	229400000	0.40614
2	229400000	229500000	0.40212
2	229500000	229600000	0.41489
2	229600000	229700000	0.41339
2	229700000	229800000	0.41248
2	229800000	229900000	0.37495
2	229900000	230000000	0.43133
2	230000000	230100000	0.42466
2	230100000	230200000	0.42155
2	230200000	230300000	0.40686
2	230300000	230400000	0.40723
2	230400000	230500000	0.40161
2	230500000	230600000	0.41185
2	230600000	230700000	0.46281
2	230700000	230800000	0.41384
2	230800000	230900000	0.47558
2	230900000	231000000	0.48284
2	231000000	231100000	0.44559
2	231100000	231200000	0.40336
2	231200000	231300000	0.44778
2	231300000	231400000	0.49117
2	231400000	231500000	0.47103
2	231500000	231600000	0.4909
2	231600000	231700000	0.53095
2	231700000	231800000	0.46131
2	231800000	231900000	0.46091
2	231900000	232000000	0.45277
2	232000000	232100000	0.39393
2	232100000	232200000	0.39564
2	232200000	232300000	0.445
2	232300000	232400000	0.52366
2	232400000	232500000	0.5448
2	232500000	232600000	0.50862
2	232600000	232700000	0.48531
2	232700000	232800000	0.38886
2	232800000	232900000	0.45583
2	232900000	233000000	0.46379
2	233000000	233100000	0.48721
2	233100000	233200000	0.48901
2	233200000	233300000	0.46232
2	233300000	233400000	0.47348
2	233400000	233500000	0.48172
2	233500000	233600000	0.38105
2	233600000	233700000	0.39386
2	233700000	233800000	0.44122
2	233800000	233900000	0.44817
2	233900000	234000000	0.44401
2	234000000	234100000	0.40804
2	234100000	234200000	0.42611
2	234200000	234300000	0.42785
2	234300000	234400000	0.43789
2	234400000	234500000	0.46104
2	234500000	234600000	0.44658
2	234600000	234700000	0.4419
2	234700000	234800000	0.43542
2	234800000	234900000	0.44333
2	234900000	235000000	0.46986
2	235000000	235100000	0.4822
2	235100000	235200000	0.44045
2	235200000	235300000	0.42802
2	235300000	235400000	0.45799
2	235400000	235500000	0.45698
2	235500000	235600000	0.48588
2	235600000	235700000	0.48148
2	235700000	235800000	0.46866
2	235800000	235900000	0.46199
2	235900000	236000000	0.45778
2	236000000	236100000	0.46688
2	236100000	236200000	0.49997
2	236200000	236300000	0.45453
2	236300000	236400000	0.44771
2	236400000	236500000	0.41021
2	236500000	236600000	0.45975
2	236600000	236700000	0.48168
2	236700000	236800000	0.46178
2	236800000	236900000	0.44675
2	236900000	237000000	0.45076
2	237000000	237100000	0.43266
2	237100000	237200000	0.42081
2	237200000	237300000	0.43004
2	237300000	237400000	0.45078
2	237400000	237500000	0.47644
2	237500000	237600000	0.5174
2	237600000	237700000	0.47616
2	237700000	237800000	0.45211
2	237800000	237900000	0.44105
2	237900000	238000000	0.48008
2	238000000	238100000	0.45466
2	238100000	238200000	0.54716
2	238200000	238300000	0.51345
2	238300000	238400000	0.45422
2	238400000	238500000	0.47238
2	238500000	238600000	0.50138
2	238600000	238700000	0.43771
2	238700000	238800000	0.45161
2	238800000	238900000	0.47357
2	238900000	239000000	0.48804360920371037
2	239000000	239100000	0.52969
2	239100000	239200000	0.53156
2	239200000	239300000	0.49378
2	239300000	239400000	0.49582
2	239400000	239500000	0.48908
2	239500000	239600000	0.52603
2	239600000	239700000	0.47854
2	239700000	239800000	0.51301
2	239800000	239900000	0.4828
2	239900000	240000000	0.49176
2	240000000	240100000	0.42835
2	240100000	240200000	0.50957
2	240200000	240300000	0.49824
2	240300000	240400000	0.53174
2	240400000	240500000	0.54198
2	240500000	240600000	0.53347
2	240600000	240700000	0.53958
2	240700000	240800000	0.5949
2	240800000	240900000	0.53258
2	240900000	241000000	0.58103
2	241000000	241100000	0.50217
2	241100000	241200000	0.50802
2	241200000	241300000	0.50166
2	241300000	241400000	0.42772
2	241400000	241500000	0.47945
2	241500000	241600000	0.5235
2	241600000	241700000	0.51242
2	241700000	241800000	0.53437
2	241800000	241900000	0.57055
2	241900000	242000000	0.508
2	242000000	242100000	0.48244
2	242100000	242193529	0.40207592572639445
3	0	100000	0.3867777777777778
3	100000	200000	0.38063
3	200000	300000	0.37341
3	300000	400000	0.36183
3	400000	500000	0.38073
3	500000	600000	0.35426
3	600000	700000	0.35599
3	700000	800000	0.35534
3	800000	900000	0.38503
3	900000	1000000	0.37199
3	1000000	1100000	0.35112
3	1100000	1200000	0.36509
3	1200000	1300000	0.37647
3	1300000	1400000	0.35492
3	1400000	1500000	0.36626
3	1500000	1600000	0.35615
3	1600000	1700000	0.36418
3	1700000	1800000	0.37412
3	1800000	1900000	0.36811
3	1900000	2000000	0.37799
3	2000000	2100000	0.37551
3	2100000	2200000	0.38292
3	2200000	2300000	0.35742
3	2300000	2400000	0.36805
3	2400000	2500000	0.37384
3	2500000	2600000	0.37504
3	2600000	2700000	0.38229
3	2700000	2800000	0.38526
3	2800000	2900000	0.38667
3	2900000	3000000	0.38945
3	3000000	3100000	0.41519
3	3100000	3200000	0.39274
3	3200000	3300000	0.39738
3	3300000	3400000	0.38919
3	3400000	3500000	0.37934
3	3500000	3600000	0.38055
3	3600000	3700000	0.40403
3	3700000	3800000	0.40291
3	3800000	3900000	0.39928
3	3900000	4000000	0.38247
3	4000000	4100000	0.39593
3	4100000	4200000	0.39417
3	4200000	4300000	0.38637
3	4300000	4400000	0.39938
3	4400000	4500000	0.4107
3	4500000	4600000	0.41709
3	4600000	4700000	0.42165
3	4700000	4800000	0.4457
3	4800000	4900000	0.41738
3	4900000	5000000	0.41774
3	5000000	5100000	0.45953
3	5100000	5200000	0.42588
3	5200000	5300000	0.42664
3	5300000	5400000	0.41751
3	5400000	5500000	0.39297
3	5500000	5600000	0.3952
3	5600000	5700000	0.38816
3	5700000	5800000	0.38724
3	5800000	5900000	0.38247
3	5900000	6000000	0.37967
3	6000000	6100000	0.38149
3	6100000	6200000	0.3628
3	6200000	6300000	0.37692
3	6300000	6400000	0.37025
3	6400000	6500000	0.37656
3	6500000	6600000	0.36428
3	6600000	6700000	0.37018
3	6700000	6800000	0.36829
3	6800000	6900000	0.38632
3	6900000	7000000	0.37373
3	7000000	7100000	0.36767
3	7100000	7200000	0.369
3	7200000	7300000	0.36991
3	7300000	7400000	0.3737
3	7400000	7500000	0.37648
3	7500000	7600000	0.39507
3	7600000	7700000	0.38639
3	7700000	7800000	0.39979
3	7800000	7900000	0.38252
3	7900000	8000000	0.39652
3	8000000	8100000	0.3837
3	8100000	8200000	0.40384
3	8200000	8300000	0.39425
3	8300000	8400000	0.39884
3	8400000	8500000	0.43044
3	8500000	8600000	0.44025
3	8600000	8700000	0.46964
3	8700000	8800000	0.45828
3	8800000	8900000	0.41826
3	8900000	9000000	0.41333
3	9000000	9100000	0.45176
3	9100000	9200000	0.46834
3	9200000	9300000	0.44489
3	9300000	9400000	0.42488
3	9400000	9500000	0.39849
3	9500000	9600000	0.45582
3	9600000	9700000	0.47295
3	9700000	9800000	0.49841
3	9800000	9900000	0.49323
3	9900000	10000000	0.48305
3	10000000	10100000	0.44614
3	10100000	10200000	0.47576
3	10200000	10300000	0.47596
3	10300000	10400000	0.51349
3	10400000	10500000	0.50937
3	10500000	10600000	0.48471
3	10600000	10700000	0.47409
3	10700000	10800000	0.4621
3	10800000	10900000	0.46132
3	10900000	11000000	0.49595
3	11000000	11100000	0.4805
3	11100000	11200000	0.4556
3	11200000	11300000	0.44911
3	11300000	11400000	0.41488
3	11400000	11500000	0.42371
3	11500000	11600000	0.47877
3	11600000	11700000	0.42397
3	11700000	11800000	0.45854
3	11800000	11900000	0.41717
3	11900000	12000000	0.44921
3	12000000	12100000	0.39078
3	12100000	12200000	0.43118
3	12200000	12300000	0.39915
3	12300000	12400000	0.37578
3	12400000	12500000	0.45111
3	12500000	12600000	0.44321
3	12600000	12700000	0.44062
3	12700000	12800000	0.4735
3	12800000	12900000	0.50934
3	12900000	13000000	0.54976
3	13000000	13100000	0.53762
3	13100000	13200000	0.51393
3	13200000	13300000	0.52488
3	13300000	13400000	0.52686
3	13400000	13500000	0.48612
3	13500000	13600000	0.53589
3	13600000	13700000	0.53302
3	13700000	13800000	0.46698
3	13800000	13900000	0.50885
3	13900000	14000000	0.41022
3	14000000	14100000	0.40086
3	14100000	14200000	0.44999
3	14200000	14300000	0.46973
3	14300000	14400000	0.51069
3	14400000	14500000	0.52379
3	14500000	14600000	0.51915
3	14600000	14700000	0.45176
3	14700000	14800000	0.45121
3	14800000	14900000	0.48979
3	14900000	15000000	0.43308
3	15000000	15100000	0.45146
3	15100000	15200000	0.42825
3	15200000	15300000	0.4197
3	15300000	15400000	0.45249
3	15400000	15500000	0.44687
3	15500000	15600000	0.42099
3	15600000	15700000	0.40656
3	15700000	15800000	0.37015
3	15800000	15900000	0.38781
3	15900000	16000000	0.41435
3	16000000	16100000	0.41901
3	16100000	16200000	0.442
3	16200000	16300000	0.42417
3	16300000	16400000	0.44331
3	16400000	16500000	0.4194
3	16500000	16600000	0.40524
3	16600000	16700000	0.39846
3	16700000	16800000	0.40838
3	16800000	16900000	0.3962
3	16900000	17000000	0.3854
3	17000000	17100000	0.39142
3	17100000	17200000	0.43516
3	17200000	17300000	0.37072
3	17300000	17400000	0.3509
3	17400000	17500000	0.36
3	17500000	17600000	0.36088
3	17600000	17700000	0.36744
3	17700000	17800000	0.40073
3	17800000	17900000	0.39806
3	17900000	18000000	0.39127
3	18000000	18100000	0.39329
3	18100000	18200000	0.37784
3	18200000	18300000	0.37152
3	18300000	18400000	0.35729
3	18400000	18500000	0.36713
3	18500000	18600000	0.372
3	18600000	18700000	0.3775
3	18700000	18800000	0.37509
3	18800000	18900000	0.36747
3	18900000	19000000	0.37504
3	19000000	19100000	0.36424
3	19100000	19200000	0.36482
3	19200000	19300000	0.36762
3	19300000	19400000	0.35602
3	19400000	19500000	0.36323
3	19500000	19600000	0.37415
3	19600000	19700000	0.37819
3	19700000	19800000	0.37746
3	19800000	19900000	0.39464
3	19900000	20000000	0.40182
3	20000000	20100000	0.41509
3	20100000	20200000	0.37959
3	20200000	20300000	0.38338
3	20300000	20400000	0.38901
3	20400000	20500000	0.37448
3	20500000	20600000	0.37021
3	20600000	20700000	0.36794
3	20700000	20800000	0.36561
3	20800000	20900000	0.36866
3	20900000	21000000	0.36014
3	21000000	21100000	0.35802
3	21100000	21200000	0.36038
3	21200000	21300000	0.37658
3	21300000	21400000	0.36803
3	21400000	21500000	0.36126
3	21500000	21600000	0.3677
3	21600000	21700000	0.37177
3	21700000	21800000	0.38081
3	21800000	21900000	0.35469
3	21900000	22000000	0.35632
3	22000000	22100000	0.36659
3	22100000	22200000	0.3555
3	22200000	22300000	0.35504
3	22300000	22400000	0.35884
3	22400000	22500000	0.36841
3	22500000	22600000	0.36769
3	22600000	22700000	0.36812
3	22700000	22800000	0.37376
3	22800000	22900000	0.38525
3	22900000	23000000	0.38952
3	23000000	23100000	0.39214
3	23100000	23200000	0.3896
3	23200000	23300000	0.37761
3	23300000	23400000	0.37513
3	23400000	23500000	0.38016
3	23500000	23600000	0.3805
3	23600000	23700000	0.43315
3	23700000	23800000	0.43471
3	23800000	23900000	0.41448
3	23900000	24000000	0.41997
3	24000000	24100000	0.40249
3	24100000	24200000	0.40223
3	24200000	24300000	0.40064
3	24300000	24400000	0.3787
3	24400000	24500000	0.37815
3	24500000	24600000	0.37797
3	24600000	24700000	0.36893
3	24700000	24800000	0.37538
3	24800000	24900000	0.3772
3	24900000	25000000	0.37434
3	25000000	25100000	0.37559
3	25100000	25200000	0.37705
3	25200000	25300000	0.38582
3	25300000	25400000	0.39945
3	25400000	25500000	0.40265
3	25500000	25600000	0.42549
3	25600000	25700000	0.37085
3	25700000	25800000	0.37809
3	25800000	25900000	0.38495
3	25900000	26000000	0.38183
3	26000000	26100000	0.37918
3	26100000	26200000	0.38255
3	26200000	26300000	0.38003
3	26300000	26400000	0.38576
3	26400000	26500000	0.36639
3	26500000	26600000	0.38555
3	26600000	26700000	0.39497
3	26700000	26800000	0.38521
3	26800000	26900000	0.3731
3	26900000	27000000	0.37556
3	27000000	27100000	0.39604
3	27100000	27200000	0.3761
3	27200000	27300000	0.38109
3	27300000	27400000	0.37891
3	27400000	27500000	0.38805
3	27500000	27600000	0.43209
3	27600000	27700000	0.41131
3	27700000	27800000	0.41094
3	27800000	27900000	0.38489
3	27900000	28000000	0.3763
3	28000000	28100000	0.38315
3	28100000	28200000	0.36854
3	28200000	28300000	0.3704
3	28300000	28400000	0.35664
3	28400000	28500000	0.36001
3	28500000	28600000	0.38143
3	28600000	28700000	0.3869
3	28700000	28800000	0.38255
3	28800000	28900000	0.37433
3	28900000	29000000	0.37442
3	29000000	29100000	0.36146
3	29100000	29200000	0.37121
3	29200000	29300000	0.36876
3	29300000	29400000	0.36542
3	29400000	29500000	0.36646
3	29500000	29600000	0.36548
3	29600000	29700000	0.36103
3	29700000	29800000	0.36772
3	29800000	29900000	0.35473
3	29900000	30000000	0.3611
3	30000000	30100000	0.37679
3	30100000	30200000	0.37428
3	30200000	30300000	0.37258
3	30300000	30400000	0.3713
3	30400000	30500000	0.3727
3	30500000	30600000	0.37688
3	30600000	30700000	0.40728
3	30700000	30800000	0.38084
3	30800000	30900000	0.3805
3	30900000	31000000	0.39458
3	31000000	31100000	0.39593
3	31100000	31200000	0.39259
3	31200000	31300000	0.40398
3	31300000	31400000	0.39754
3	31400000	31500000	0.3992
3	31500000	31600000	0.37579
3	31600000	31700000	0.39872
3	31700000	31800000	0.42203
3	31800000	31900000	0.42245
3	31900000	32000000	0.42096
3	32000000	32100000	0.42227
3	32100000	32200000	0.43732
3	32200000	32300000	0.42699
3	32300000	32400000	0.44169
3	32400000	32500000	0.4364
3	32500000	32600000	0.40977
3	32600000	32700000	0.42583
3	32700000	32800000	0.43389
3	32800000	32900000	0.45888
3	32900000	33000000	0.43996
3	33000000	33100000	0.43876
3	33100000	33200000	0.42962
3	33200000	33300000	0.40416
3	33300000	33400000	0.38478
3	33400000	33500000	0.41546
3	33500000	33600000	0.37251
3	33600000	33700000	0.36013
3	33700000	33800000	0.39654
3	33800000	33900000	0.38135
3	33900000	34000000	0.42407
3	34000000	34100000	0.40844
3	34100000	34200000	0.39518
3	34200000	34300000	0.40402
3	34300000	34400000	0.38427
3	34400000	34500000	0.38073
3	34500000	34600000	0.37559
3	34600000	34700000	0.36321
3	34700000	34800000	0.37097
3	34800000	34900000	0.37026
3	34900000	35000000	0.36155
3	35000000	35100000	0.35472
3	35100000	35200000	0.36122
3	35200000	35300000	0.36393
3	35300000	35400000	0.35202
3	35400000	35500000	0.36012
3	35500000	35600000	0.35433
3	35600000	35700000	0.36009
3	35700000	35800000	0.36943
3	35800000	35900000	0.37367
3	35900000	36000000	0.36132
3	36000000	36100000	0.36256
3	36100000	36200000	0.37696
3	36200000	36300000	0.36341
3	36300000	36400000	0.3886
3	36400000	36500000	0.40289
3	36500000	36600000	0.3888
3	36600000	36700000	0.39491
3	36700000	36800000	0.42466
3	36800000	36900000	0.42958
3	36900000	37000000	0.43186
3	37000000	37100000	0.40287
3	37100000	37200000	0.39463
3	37200000	37300000	0.41915
3	37300000	37400000	0.38355
3	37400000	37500000	0.4454
3	37500000	37600000	0.45171
3	37600000	37700000	0.43387
3	37700000	37800000	0.44127
3	37800000	37900000	0.43283
3	37900000	38000000	0.45148
3	38000000	38100000	0.50127
3	38100000	38200000	0.44546
3	38200000	38300000	0.41483
3	38300000	38400000	0.45813
3	38400000	38500000	0.44477
3	38500000	38600000	0.46076
3	38600000	38700000	0.47447
3	38700000	38800000	0.42307
3	38800000	38900000	0.40282
3	38900000	39000000	0.41984
3	39000000	39100000	0.40198
3	39100000	39200000	0.50069
3	39200000	39300000	0.44401
3	39300000	39400000	0.41671
3	39400000	39500000	0.42734
3	39500000	39600000	0.40763
3	39600000	39700000	0.38807
3	39700000	39800000	0.39211
3	39800000	39900000	0.38614
3	39900000	40000000	0.3856
3	40000000	40100000	0.4075
3	40100000	40200000	0.42269
3	40200000	40300000	0.4055
3	40300000	40400000	0.41188
3	40400000	40500000	0.42718
3	40500000	40600000	0.42912
3	40600000	40700000	0.41627
3	40700000	40800000	0.42216
3	40800000	40900000	0.40735
3	40900000	41000000	0.40529
3	41000000	41100000	0.42258
3	41100000	41200000	0.43098
3	41200000	41300000	0.4059
3	41300000	41400000	0.40544
3	41400000	41500000	0.38137
3	41500000	41600000	0.38768
3	41600000	41700000	0.38848
3	41700000	41800000	0.37638
3	41800000	41900000	0.39507
3	41900000	42000000	0.42429
3	42000000	42100000	0.44825
3	42100000	42200000	0.44821
3	42200000	42300000	0.44467
3	42300000	42400000	0.42125
3	42400000	42500000	0.44057
3	42500000	42600000	0.48018
3	42600000	42700000	0.4589
3	42700000	42800000	0.4634
3	42800000	42900000	0.44081
3	42900000	43000000	0.42739
3	43000000	43100000	0.46134
3	43100000	43200000	0.43374
3	43200000	43300000	0.42136
3	43300000	43400000	0.42055
3	43400000	43500000	0.40116
3	43500000	43600000	0.39024
3	43600000	43700000	0.40831
3	43700000	43800000	0.44191
3	43800000	43900000	0.42756
3	43900000	44000000	0.42903
3	44000000	44100000	0.43771
3	44100000	44200000	0.43263
3	44200000	44300000	0.38043
3	44300000	44400000	0.38695
3	44400000	44500000	0.45317
3	44500000	44600000	0.44949
3	44600000	44700000	0.4147
3	44700000	44800000	0.4136
3	44800000	44900000	0.43114
3	44900000	45000000	0.46588
3	45000000	45100000	0.46309
3	45100000	45200000	0.45711
3	45200000	45300000	0.44847
3	45300000	45400000	0.43813
3	45400000	45500000	0.41323
3	45500000	45600000	0.45993
3	45600000	45700000	0.45328
3	45700000	45800000	0.43022
3	45800000	45900000	0.41444
3	45900000	46000000	0.47242
3	46000000	46100000	0.4286
3	46100000	46200000	0.4084
3	46200000	46300000	0.42612
3	46300000	46400000	0.42051
3	46400000	46500000	0.46763
3	46500000	46600000	0.43266
3	46600000	46700000	0.48477
3	46700000	46800000	0.45166
3	46800000	46900000	0.5094
3	46900000	47000000	0.52735
3	47000000	47100000	0.42794
3	47100000	47200000	0.4213
3	47200000	47300000	0.46059
3	47300000	47400000	0.46167
3	47400000	47500000	0.49202
3	47500000	47600000	0.47838
3	47600000	47700000	0.40309
3	47700000	47800000	0.43628
3	47800000	47900000	0.48534
3	47900000	48000000	0.41583
3	48000000	48100000	0.43845
3	48100000	48200000	0.47112
3	48200000	48300000	0.47847
3	48300000	48400000	0.42253
3	48400000	48500000	0.52153
3	48500000	48600000	0.54896
3	48600000	48700000	0.54508
3	48700000	48800000	0.45228
3	48800000	48900000	0.45788
3	48900000	49000000	0.4644
3	49000000	49100000	0.4962
3	49100000	49200000	0.53209
3	49200000	49300000	0.46675
3	49300000	49400000	0.47293
3	49400000	49500000	0.4929
3	49500000	49600000	0.46357
3	49600000	49700000	0.5333
3	49700000	49800000	0.49352
3	49800000	49900000	0.5284
3	49900000	50000000	0.46736
3	50000000	50100000	0.44588
3	50100000	50200000	0.54404
3	50200000	50300000	0.57563
3	50300000	50400000	0.5672
3	50400000	50500000	0.55379
3	50500000	50600000	0.5495
3	50600000	50700000	0.49849
3	50700000	50800000	0.39079
3	50800000	50900000	0.39077
3	50900000	51000000	0.38657
3	51000000	51100000	0.37876
3	51100000	51200000	0.40339
3	51200000	51300000	0.4133
3	51300000	51400000	0.46663
3	51400000	51500000	0.43234
3	51500000	51600000	0.4534
3	51600000	51700000	0.48019
3	51700000	51800000	0.44148
3	51800000	51900000	0.42997
3	51900000	52000000	0.51984
3	52000000	52100000	0.56159
3	52100000	52200000	0.50321
3	52200000	52300000	0.5092
3	52300000	52400000	0.55277
3	52400000	52500000	0.53807
3	52500000	52600000	0.48878
3	52600000	52700000	0.40743
3	52700000	52800000	0.46497
3	52800000	52900000	0.50841
3	52900000	53000000	0.39897
3	53000000	53100000	0.45495
3	53100000	53200000	0.51609
3	53200000	53300000	0.48939
3	53300000	53400000	0.41617
3	53400000	53500000	0.42089
3	53500000	53600000	0.42998
3	53600000	53700000	0.42822
3	53700000	53800000	0.47304
3	53800000	53900000	0.46109
3	53900000	54000000	0.40426
3	54000000	54100000	0.43376
3	54100000	54200000	0.43794
3	54200000	54300000	0.42206
3	54300000	54400000	0.42436
3	54400000	54500000	0.40048
3	54500000	54600000	0.42314
3	54600000	54700000	0.44005
3	54700000	54800000	0.40708
3	54800000	54900000	0.43389
3	54900000	55000000	0.43102
3	55000000	55100000	0.39393
3	55100000	55200000	0.4076
3	55200000	55300000	0.40448
3	55300000	55400000	0.41022
3	55400000	55500000	0.43893
3	55500000	55600000	0.44771
3	55600000	55700000	0.42874
3	55700000	55800000	0.40913
3	55800000	55900000	0.40045
3	55900000	56000000	0.39615
3	56000000	56100000	0.38177
3	56100000	56200000	0.39025
3	56200000	56300000	0.40204
3	56300000	56400000	0.40145
3	56400000	56500000	0.41207
3	56500000	56600000	0.39483
3	56600000	56700000	0.4003
3	56700000	56800000	0.42526
3	56800000	56900000	0.42351
3	56900000	57000000	0.43337
3	57000000	57100000	0.46741
3	57100000	57200000	0.43839
3	57200000	57300000	0.39056
3	57300000	57400000	0.38369
3	57400000	57500000	0.38105
3	57500000	57600000	0.41224
3	57600000	57700000	0.40665
3	57700000	57800000	0.41919
3	57800000	57900000	0.38401
3	57900000	58000000	0.44993
3	58000000	58100000	0.46151
3	58100000	58200000	0.48153
3	58200000	58300000	0.45233
3	58300000	58400000	0.44009
3	58400000	58500000	0.44207
3	58500000	58600000	0.46811
3	58600000	58700000	0.48262
3	58700000	58800000	0.40108
3	58800000	58900000	0.39181
3	58900000	59000000	0.37861
3	59000000	59100000	0.38216
3	59100000	59200000	0.37323
3	59200000	59300000	0.39932
3	59300000	59400000	0.39618
3	59400000	59500000	0.41711
3	59500000	59600000	0.40202
3	59600000	59700000	0.41217
3	59700000	59800000	0.41885
3	59800000	59900000	0.40292
3	59900000	60000000	0.39819
3	60000000	60100000	0.39334
3	60100000	60200000	0.3928839288392884
3	60200000	60300000	0.3767937679376794
3	60300000	60400000	0.38083
3	60400000	60500000	0.37935
3	60500000	60600000	0.3878
3	60600000	60700000	0.37928
3	60700000	60800000	0.39589
3	60800000	60900000	0.38093
3	60900000	61000000	0.38644
3	61000000	61100000	0.38245
3	61100000	61200000	0.38662
3	61200000	61300000	0.39543
3	61300000	61400000	0.39754
3	61400000	61500000	0.40286
3	61500000	61600000	0.42484
3	61600000	61700000	0.42117
3	61700000	61800000	0.40408
3	61800000	61900000	0.39793
3	61900000	62000000	0.40055
3	62000000	62100000	0.3987
3	62100000	62200000	0.42556
3	62200000	62300000	0.39408
3	62300000	62400000	0.4055
3	62400000	62500000	0.40123
3	62500000	62600000	0.40038
3	62600000	62700000	0.40828
3	62700000	62800000	0.39793
3	62800000	62900000	0.39186
3	62900000	63000000	0.39022
3	63000000	63100000	0.38852
3	63100000	63200000	0.38678
3	63200000	63300000	0.3896
3	63300000	63400000	0.38416
3	63400000	63500000	0.39324
3	63500000	63600000	0.38357
3	63600000	63700000	0.40108
3	63700000	63800000	0.38735
3	63800000	63900000	0.40289
3	63900000	64000000	0.41378
3	64000000	64100000	0.4058
3	64100000	64200000	0.42331
3	64200000	64300000	0.41248
3	64300000	64400000	0.40729
3	64400000	64500000	0.42604
3	64500000	64600000	0.40535
3	64600000	64700000	0.39754
3	64700000	64800000	0.39626
3	64800000	64900000	0.39461
3	64900000	65000000	0.40306
3	65000000	65100000	0.38543
3	65100000	65200000	0.40003
3	65200000	65300000	0.39769
3	65300000	65400000	0.40919
3	65400000	65500000	0.39109
3	65500000	65600000	0.39945
3	65600000	65700000	0.38815
3	65700000	65800000	0.40438
3	65800000	65900000	0.40301
3	65900000	66000000	0.41716
3	66000000	66100000	0.4278
3	66100000	66200000	0.42266
3	66200000	66300000	0.38616
3	66300000	66400000	0.40816
3	66400000	66500000	0.45695
3	66500000	66600000	0.42718
3	66600000	66700000	0.40792
3	66700000	66800000	0.41138
3	66800000	66900000	0.40035
3	66900000	67000000	0.386
3	67000000	67100000	0.37366
3	67100000	67200000	0.3876
3	67200000	67300000	0.40518
3	67300000	67400000	0.38029
3	67400000	67500000	0.39124
3	67500000	67600000	0.3883
3	67600000	67700000	0.40023
3	67700000	67800000	0.37812
3	67800000	67900000	0.38927
3	67900000	68000000	0.37231
3	68000000	68100000	0.38532
3	68100000	68200000	0.37933
3	68200000	68300000	0.37707
3	68300000	68400000	0.37741
3	68400000	68500000	0.38774
3	68500000	68600000	0.38007
3	68600000	68700000	0.39698
3	68700000	68800000	0.3888
3	68800000	68900000	0.39441
3	68900000	69000000	0.40897
3	69000000	69100000	0.38937
3	69100000	69200000	0.40172
3	69200000	69300000	0.42288
3	69300000	69400000	0.41318
3	69400000	69500000	0.40892
3	69500000	69600000	0.40153
3	69600000	69700000	0.4004
3	69700000	69800000	0.39885
3	69800000	69900000	0.37971
3	69900000	70000000	0.38788
3	70000000	70100000	0.382
3	70100000	70200000	0.37373
3	70200000	70300000	0.37615
3	70300000	70400000	0.35564
3	70400000	70500000	0.36859
3	70500000	70600000	0.37201
3	70600000	70700000	0.37449
3	70700000	70800000	0.37446
3	70800000	70900000	0.3966
3	70900000	71000000	0.39453
3	71000000	71100000	0.39995
3	71100000	71200000	0.40896
3	71200000	71300000	0.41477
3	71300000	71400000	0.40588
3	71400000	71500000	0.42439
3	71500000	71600000	0.41832
3	71600000	71700000	0.41859
3	71700000	71800000	0.42424
3	71800000	71900000	0.41193
3	71900000	72000000	0.45148
3	72000000	72100000	0.44942
3	72100000	72200000	0.45647
3	72200000	72300000	0.45986
3	72300000	72400000	0.45463
3	72400000	72500000	0.4194
3	72500000	72600000	0.4537
3	72600000	72700000	0.45927
3	72700000	72800000	0.42687
3	72800000	72900000	0.40488
3	72900000	73000000	0.43006
3	73000000	73100000	0.4042
3	73100000	73200000	0.4293
3	73200000	73300000	0.41952
3	73300000	73400000	0.41891
3	73400000	73500000	0.4177
3	73500000	73600000	0.40417
3	73600000	73700000	0.40425
3	73700000	73800000	0.40021
3	73800000	73900000	0.38711
3	73900000	74000000	0.37294
3	74000000	74100000	0.38265
3	74100000	74200000	0.37209
3	74200000	74300000	0.37216
3	74300000	74400000	0.37095
3	74400000	74500000	0.36423
3	74500000	74600000	0.37726
3	74600000	74700000	0.36878
3	74700000	74800000	0.36124
3	74800000	74900000	0.36866
3	74900000	75000000	0.36613
3	75000000	75100000	0.36771
3	75100000	75200000	0.37513
3	75200000	75300000	0.38445
3	75300000	75400000	0.45642
3	75400000	75500000	0.47712
3	75500000	75600000	0.44617
3	75600000	75700000	0.44165
3	75700000	75800000	0.4137
3	75800000	75900000	0.3702
3	75900000	76000000	0.34576
3	76000000	76100000	0.35578
3	76100000	76200000	0.35647
3	76200000	76300000	0.36021
3	76300000	76400000	0.35198
3	76400000	76500000	0.36504
3	76500000	76600000	0.35995
3	76600000	76700000	0.36166
3	76700000	76800000	0.34646
3	76800000	76900000	0.35106
3	76900000	77000000	0.36006
3	77000000	77100000	0.36261
3	77100000	77200000	0.35659
3	77200000	77300000	0.37002
3	77300000	77400000	0.36417
3	77400000	77500000	0.35557
3	77500000	77600000	0.33982
3	77600000	77700000	0.362
3	77700000	77800000	0.37788
3	77800000	77900000	0.35816
3	77900000	78000000	0.35195
3	78000000	78100000	0.3682
3	78100000	78200000	0.35794
3	78200000	78300000	0.36753
3	78300000	78400000	0.37744
3	78400000	78500000	0.35524
3	78500000	78600000	0.38134
3	78600000	78700000	0.35943
3	78700000	78800000	0.3521
3	78800000	78900000	0.35178
3	78900000	79000000	0.35681
3	79000000	79100000	0.35738
3	79100000	79200000	0.35126
3	79200000	79300000	0.3448
3	79300000	79400000	0.35657
3	79400000	79500000	0.3435
3	79500000	79600000	0.33879
3	79600000	79700000	0.34518
3	79700000	79800000	0.3619
3	79800000	79900000	0.34995
3	79900000	80000000	0.35131
3	80000000	80100000	0.3428
3	80100000	80200000	0.34503
3	80200000	80300000	0.34407
3	80300000	80400000	0.36033
3	80400000	80500000	0.34135
3	80500000	80600000	0.3372
3	80600000	80700000	0.34808
3	80700000	80800000	0.34906
3	80800000	80900000	0.35667
3	80900000	81000000	0.3547
3	81000000	81100000	0.35458
3	81100000	81200000	0.35534
3	81200000	81300000	0.35649
3	81300000	81400000	0.36912
3	81400000	81500000	0.36392
3	81500000	81600000	0.34822
3	81600000	81700000	0.3538
3	81700000	81800000	0.36892
3	81800000	81900000	0.36635
3	81900000	82000000	0.36848
3	82000000	82100000	0.35618
3	82100000	82200000	0.36642
3	82200000	82300000	0.3501
3	82300000	82400000	0.35461
3	82400000	82500000	0.3526
3	82500000	82600000	0.36038
3	82600000	82700000	0.35587
3	82700000	82800000	0.35437
3	82800000	82900000	0.34144
3	82900000	83000000	0.32877
3	83000000	83100000	0.33293
3	83100000	83200000	0.32818
3	83200000	83300000	0.33679
3	83300000	83400000	0.34769
3	83400000	83500000	0.33953
3	83500000	83600000	0.35621
3	83600000	83700000	0.3339
3	83700000	83800000	0.33477
3	83800000	83900000	0.34214
3	83900000	84000000	0.33794
3	84000000	84100000	0.3466
3	84100000	84200000	0.34359
3	84200000	84300000	0.34371
3	84300000	84400000	0.33636
3	84400000	84500000	0.33765
3	84500000	84600000	0.34533
3	84600000	84700000	0.35059
3	84700000	84800000	0.35703
3	84800000	84900000	0.35849
3	84900000	85000000	0.36197
3	85000000	85100000	0.33648
3	85100000	85200000	0.3431
3	85200000	85300000	0.33646
3	85300000	85400000	0.33447
3	85400000	85500000	0.33792
3	85500000	85600000	0.34198
3	85600000	85700000	0.33917
3	85700000	85800000	0.34225
3	85800000	85900000	0.35108
3	85900000	86000000	0.32881
3	86000000	86100000	0.35613
3	86100000	86200000	0.36536
3	86200000	86300000	0.3404
3	86300000	86400000	0.34415
3	86400000	86500000	0.34799
3	86500000	86600000	0.35391
3	86600000	86700000	0.36189
3	86700000	86800000	0.36222
3	86800000	86900000	0.34357
3	86900000	87000000	0.3686
3	87000000	87100000	0.36994
3	87100000	87200000	0.36069
3	87200000	87300000	0.34487
3	87300000	87400000	0.36777
3	87400000	87500000	0.35744
3	87500000	87600000	0.35959
3	87600000	87700000	0.36392
3	87700000	87800000	0.36498
3	87800000	87900000	0.35105
3	87900000	88000000	0.37099
3	88000000	88100000	0.37892
3	88100000	88200000	0.36682
3	88200000	88300000	0.37205
3	88300000	88400000	0.35933
3	88400000	88500000	0.34528
3	88500000	88600000	0.35549
3	88600000	88700000	0.34594
3	88700000	88800000	0.36384
3	88800000	88900000	0.3508
3	88900000	89000000	0.35109
3	89000000	89100000	0.35123
3	89100000	89200000	0.33646
3	89200000	89300000	0.34575
3	89300000	89400000	0.35685
3	89400000	89500000	0.34365
3	89500000	89600000	0.35284
3	89600000	89700000	0.35017
3	89700000	89800000	0.36197
3	89800000	89900000	0.36536
3	89900000	90000000	0.37094
3	90000000	90100000	0.3606
3	90100000	90200000	0.36549
3	90200000	90300000	0.36399
3	90300000	90400000	0.37
3	90400000	90500000	0.37401
3	90500000	90600000	0.3563045440866687
3	90600000	90700000	0.35339067813562713
3	90700000	90800000	0.36804
3	90800000	90900000	0.37581
3	90900000	91000000	0.37703
3	91000000	91100000	0.3771
3	91100000	91200000	0.37729
3	91200000	91300000	0.37503336595782544
3	91300000	91400000	0.3794063172648546
3	91400000	91500000	0.37044408881776353
3	91500000	91600000	0.3702002002002002
3	91600000	91700000	0.38295
3	91700000	91800000	0.38304
3	91800000	91900000	0.38416416416416416
3	91900000	92000000	0.38328
3	92000000	92100000	0.38317
3	92100000	92200000	0.3832
3	92200000	92300000	0.38322
3	92300000	92400000	0.38314
3	92400000	92500000	0.38316
3	92500000	92600000	0.38282
3	92600000	92700000	0.38328
3	92700000	92800000	0.38336
3	92800000	92900000	0.38248
3	92900000	93000000	0.38286
3	93000000	93100000	0.38362
3	93100000	93200000	0.38294
3	93200000	93300000	0.38332
3	93300000	93400000	0.38336
3	93400000	93500000	0.38263263263263264
3	93500000	93600000	0.38348
3	93600000	93700000	0.3838125742253572
3	93700000	93800000	0.3915341113676318
3	93800000	93900000	0.37099
3	93900000	94000000	0.39609
3	94000000	94100000	0.3709
3	94100000	94200000	0.37358
3	94200000	94300000	0.379
3	94300000	94400000	0.36593
3	94400000	94500000	0.36788
3	94500000	94600000	0.35694
3	94600000	94700000	0.36335
3	94700000	94800000	0.35381
3	94800000	94900000	0.35502
3	94900000	95000000	0.34503
3	95000000	95100000	0.34265
3	95100000	95200000	0.34266
3	95200000	95300000	0.3437
3	95300000	95400000	0.33836
3	95400000	95500000	0.33933
3	95500000	95600000	0.3453
3	95600000	95700000	0.35317
3	95700000	95800000	0.34764
3	95800000	95900000	0.33945
3	95900000	96000000	0.34672
3	96000000	96100000	0.34587
3	96100000	96200000	0.34173
3	96200000	96300000	0.34495
3	96300000	96400000	0.35037
3	96400000	96500000	0.35271
3	96500000	96600000	0.34574
3	96600000	96700000	0.36545
3	96700000	96800000	0.36525
3	96800000	96900000	0.34984
3	96900000	97000000	0.35151
3	97000000	97100000	0.35078
3	97100000	97200000	0.3526
3	97200000	97300000	0.36403
3	97300000	97400000	0.34612
3	97400000	97500000	0.34605
3	97500000	97600000	0.36451
3	97600000	97700000	0.3585
3	97700000	97800000	0.35407
3	97800000	97900000	0.3679
3	97900000	98000000	0.3938
3	98000000	98100000	0.36341
3	98100000	98200000	0.37117
3	98200000	98300000	0.37538
3	98300000	98400000	0.36499
3	98400000	98500000	0.36932
3	98500000	98600000	0.38316
3	98600000	98700000	0.38001
3	98700000	98800000	0.40088
3	98800000	98900000	0.38437
3	98900000	99000000	0.38022
3	99000000	99100000	0.37519
3	99100000	99200000	0.37311
3	99200000	99300000	0.36521
3	99300000	99400000	0.36948
3	99400000	99500000	0.36891
3	99500000	99600000	0.37603
3	99600000	99700000	0.38558
3	99700000	99800000	0.38718
3	99800000	99900000	0.39396
3	99900000	100000000	0.38907
3	100000000	100100000	0.38187
3	100100000	100200000	0.39858
3	100200000	100300000	0.39449
3	100300000	100400000	0.38942
3	100400000	100500000	0.40993
3	100500000	100600000	0.39608
3	100600000	100700000	0.3867
3	100700000	100800000	0.3686
3	100800000	100900000	0.3647
3	100900000	101000000	0.37615
3	101000000	101100000	0.37647
3	101100000	101200000	0.38703
3	101200000	101300000	0.38218
3	101300000	101400000	0.35581
3	101400000	101500000	0.38703
3	101500000	101600000	0.41634
3	101600000	101700000	0.43098
3	101700000	101800000	0.40681
3	101800000	101900000	0.39661
3	101900000	102000000	0.38914
3	102000000	102100000	0.38386
3	102100000	102200000	0.37942
3	102200000	102300000	0.37793
3	102300000	102400000	0.35687
3	102400000	102500000	0.35707
3	102500000	102600000	0.3659
3	102600000	102700000	0.37122
3	102700000	102800000	0.37459
3	102800000	102900000	0.35149
3	102900000	103000000	0.3487
3	103000000	103100000	0.35053
3	103100000	103200000	0.34594
3	103200000	103300000	0.36162
3	103300000	103400000	0.33786
3	103400000	103500000	0.34786
3	103500000	103600000	0.35263
3	103600000	103700000	0.3468
3	103700000	103800000	0.34016
3	103800000	103900000	0.33418
3	103900000	104000000	0.34133
3	104000000	104100000	0.34787
3	104100000	104200000	0.3531
3	104200000	104300000	0.35185
3	104300000	104400000	0.34521
3	104400000	104500000	0.35936
3	104500000	104600000	0.35657
3	104600000	104700000	0.3538
3	104700000	104800000	0.34235
3	104800000	104900000	0.34886
3	104900000	105000000	0.36008
3	105000000	105100000	0.36408
3	105100000	105200000	0.35313
3	105200000	105300000	0.35087
3	105300000	105400000	0.35938
3	105400000	105500000	0.35121
3	105500000	105600000	0.36247
3	105600000	105700000	0.37121
3	105700000	105800000	0.35438
3	105800000	105900000	0.35911
3	105900000	106000000	0.3696
3	106000000	106100000	0.37015
3	106100000	106200000	0.37736
3	106200000	106300000	0.35968
3	106300000	106400000	0.367
3	106400000	106500000	0.36542
3	106500000	106600000	0.35742
3	106600000	106700000	0.36438
3	106700000	106800000	0.36435
3	106800000	106900000	0.36997
3	106900000	107000000	0.3709
3	107000000	107100000	0.37471
3	107100000	107200000	0.39407
3	107200000	107300000	0.3754
3	107300000	107400000	0.39242
3	107400000	107500000	0.3837
3	107500000	107600000	0.37702
3	107600000	107700000	0.36588
3	107700000	107800000	0.36812
3	107800000	107900000	0.40031
3	107900000	108000000	0.40768
3	108000000	108100000	0.40855
3	108100000	108200000	0.38576
3	108200000	108300000	0.384
3	108300000	108400000	0.39658
3	108400000	108500000	0.38478
3	108500000	108600000	0.36084
3	108600000	108700000	0.35551
3	108700000	108800000	0.39426
3	108800000	108900000	0.37226
3	108900000	109000000	0.38626
3	109000000	109100000	0.37066
3	109100000	109200000	0.39976
3	109200000	109300000	0.40243
3	109300000	109400000	0.43465
3	109400000	109500000	0.38548
3	109500000	109600000	0.38355
3	109600000	109700000	0.37612
3	109700000	109800000	0.37544
3	109800000	109900000	0.36241
3	109900000	110000000	0.35588
3	110000000	110100000	0.35082
3	110100000	110200000	0.34857
3	110200000	110300000	0.35423
3	110300000	110400000	0.36078
3	110400000	110500000	0.3535
3	110500000	110600000	0.3618
3	110600000	110700000	0.37392
3	110700000	110800000	0.36596
3	110800000	110900000	0.36173
3	110900000	111000000	0.37527
3	111000000	111100000	0.38013
3	111100000	111200000	0.34683
3	111200000	111300000	0.38307
3	111300000	111400000	0.37867
3	111400000	111500000	0.37201
3	111500000	111600000	0.38781
3	111600000	111700000	0.39285
3	111700000	111800000	0.39704
3	111800000	111900000	0.3912
3	111900000	112000000	0.37964
3	112000000	112100000	0.41122
3	112100000	112200000	0.39322
3	112200000	112300000	0.36857
3	112300000	112400000	0.38253
3	112400000	112500000	0.38902
3	112500000	112600000	0.37072
3	112600000	112700000	0.40293
3	112700000	112800000	0.40052
3	112800000	112900000	0.38187
3	112900000	113000000	0.36623
3	113000000	113100000	0.40997
3	113100000	113200000	0.41148
3	113200000	113300000	0.45705
3	113300000	113400000	0.38433
3	113400000	113500000	0.37926
3	113500000	113600000	0.39532
3	113600000	113700000	0.41199
3	113700000	113800000	0.38259
3	113800000	113900000	0.40667
3	113900000	114000000	0.39617
3	114000000	114100000	0.38944
3	114100000	114200000	0.40965
3	114200000	114300000	0.41312
3	114300000	114400000	0.39499
3	114400000	114500000	0.3799
3	114500000	114600000	0.36756
3	114600000	114700000	0.36007
3	114700000	114800000	0.35778
3	114800000	114900000	0.35535
3	114900000	115000000	0.3481
3	115000000	115100000	0.33345
3	115100000	115200000	0.36836
3	115200000	115300000	0.37828
3	115300000	115400000	0.37177
3	115400000	115500000	0.37992
3	115500000	115600000	0.38982
3	115600000	115700000	0.38809
3	115700000	115800000	0.39877
3	115800000	115900000	0.38153
3	115900000	116000000	0.37203
3	116000000	116100000	0.37361
3	116100000	116200000	0.37314
3	116200000	116300000	0.37488
3	116300000	116400000	0.37037
3	116400000	116500000	0.37638
3	116500000	116600000	0.36867
3	116600000	116700000	0.37276
3	116700000	116800000	0.36747
3	116800000	116900000	0.35611
3	116900000	117000000	0.37301
3	117000000	117100000	0.37625
3	117100000	117200000	0.37443
3	117200000	117300000	0.36442
3	117300000	117400000	0.36913
3	117400000	117500000	0.36724
3	117500000	117600000	0.36955
3	117600000	117700000	0.37266
3	117700000	117800000	0.37763
3	117800000	117900000	0.36138
3	117900000	118000000	0.36746
3	118000000	118100000	0.35075
3	118100000	118200000	0.3591
3	118200000	118300000	0.35898
3	118300000	118400000	0.36304
3	118400000	118500000	0.36737
3	118500000	118600000	0.38839
3	118600000	118700000	0.39232
3	118700000	118800000	0.38755
3	118800000	118900000	0.40563
3	118900000	119000000	0.37515
3	119000000	119100000	0.38667
3	119100000	119200000	0.40267
3	119200000	119300000	0.41535
3	119300000	119400000	0.42895
3	119400000	119500000	0.41059
3	119500000	119600000	0.4202
3	119600000	119700000	0.42991
3	119700000	119800000	0.39533
3	119800000	119900000	0.38993
3	119900000	120000000	0.36575
3	120000000	120100000	0.38939
3	120100000	120200000	0.4318
3	120200000	120300000	0.40442
3	120300000	120400000	0.40097
3	120400000	120500000	0.4349
3	120500000	120600000	0.40807
3	120600000	120700000	0.4067
3	120700000	120800000	0.38388
3	120800000	120900000	0.37981
3	120900000	121000000	0.35872
3	121000000	121100000	0.37538
3	121100000	121200000	0.35676
3	121200000	121300000	0.35009
3	121300000	121400000	0.37998
3	121400000	121500000	0.3797
3	121500000	121600000	0.41354
3	121600000	121700000	0.41886
3	121700000	121800000	0.3745
3	121800000	121900000	0.36428
3	121900000	122000000	0.40003
3	122000000	122100000	0.40816
3	122100000	122200000	0.40099
3	122200000	122300000	0.41145
3	122300000	122400000	0.40138
3	122400000	122500000	0.38551
3	122500000	122600000	0.41021
3	122600000	122700000	0.41485
3	122700000	122800000	0.40475
3	122800000	122900000	0.38391
3	122900000	123000000	0.49586
3	123000000	123100000	0.47287
3	123100000	123200000	0.45683
3	123200000	123300000	0.41369
3	123300000	123400000	0.50536
3	123400000	123500000	0.49481
3	123500000	123600000	0.40572
3	123600000	123700000	0.47261
3	123700000	123800000	0.4531
3	123800000	123900000	0.42097
3	123900000	124000000	0.38708
3	124000000	124100000	0.43031
3	124100000	124200000	0.42844
3	124200000	124300000	0.43418
3	124300000	124400000	0.41895
3	124400000	124500000	0.414
3	124500000	124600000	0.43742
3	124600000	124700000	0.43232
3	124700000	124800000	0.45801
3	124800000	124900000	0.45387
3	124900000	125000000	0.43576
3	125000000	125100000	0.44569
3	125100000	125200000	0.46095
3	125200000	125300000	0.38139
3	125300000	125400000	0.39074
3	125400000	125500000	0.41383
3	125500000	125600000	0.40888
3	125600000	125700000	0.43679
3	125700000	125800000	0.46105
3	125800000	125900000	0.44298
3	125900000	126000000	0.46098
3	126000000	126100000	0.45861
3	126100000	126200000	0.47597
3	126200000	126300000	0.43413
3	126300000	126400000	0.5019
3	126400000	126500000	0.50856
3	126500000	126600000	0.49517
3	126600000	126700000	0.43021
3	126700000	126800000	0.4464
3	126800000	126900000	0.45601
3	126900000	127000000	0.52945
3	127000000	127100000	0.5557
3	127100000	127200000	0.48452
3	127200000	127300000	0.45673
3	127300000	127400000	0.46847
3	127400000	127500000	0.49991
3	127500000	127600000	0.49148
3	127600000	127700000	0.50545
3	127700000	127800000	0.49186
3	127800000	127900000	0.43965
3	127900000	128000000	0.41187
3	128000000	128100000	0.4587
3	128100000	128200000	0.43372
3	128200000	128300000	0.45766
3	128300000	128400000	0.51144
3	128400000	128500000	0.56759
3	128500000	128600000	0.47067
3	128600000	128700000	0.48585
3	128700000	128800000	0.44941
3	128800000	128900000	0.47698
3	128900000	129000000	0.47493
3	129000000	129100000	0.51441
3	129100000	129200000	0.46008
3	129200000	129300000	0.46304
3	129300000	129400000	0.52273
3	129400000	129500000	0.46205
3	129500000	129600000	0.55122
3	129600000	129700000	0.46709
3	129700000	129800000	0.39435
3	129800000	129900000	0.39346
3	129900000	130000000	0.47268
3	130000000	130100000	0.47541
3	130100000	130200000	0.46732
3	130200000	130300000	0.38954
3	130300000	130400000	0.37971
3	130400000	130500000	0.38845
3	130500000	130600000	0.39683
3	130600000	130700000	0.38696
3	130700000	130800000	0.37611
3	130800000	130900000	0.40139
3	130900000	131000000	0.36327
3	131000000	131100000	0.38486
3	131100000	131200000	0.37935
3	131200000	131300000	0.39469
3	131300000	131400000	0.41056
3	131400000	131500000	0.37987
3	131500000	131600000	0.40473
3	131600000	131700000	0.38734
3	131700000	131800000	0.39096
3	131800000	131900000	0.37812
3	131900000	132000000	0.38777
3	132000000	132100000	0.39584
3	132100000	132200000	0.38867
3	132200000	132300000	0.3989
3	132300000	132400000	0.40454
3	132400000	132500000	0.36566
3	132500000	132600000	0.38391
3	132600000	132700000	0.36987
3	132700000	132800000	0.38393
3	132800000	132900000	0.39313
3	132900000	133000000	0.39036
3	133000000	133100000	0.40045
3	133100000	133200000	0.39606
3	133200000	133300000	0.39562
3	133300000	133400000	0.41797
3	133400000	133500000	0.44977
3	133500000	133600000	0.43593
3	133600000	133700000	0.39865
3	133700000	133800000	0.42958
3	133800000	133900000	0.47579
3	133900000	134000000	0.46529
3	134000000	134100000	0.4613
3	134100000	134200000	0.3917
3	134200000	134300000	0.40633
3	134300000	134400000	0.48769
3	134400000	134500000	0.42191
3	134500000	134600000	0.39304
3	134600000	134700000	0.47526
3	134700000	134800000	0.42888
3	134800000	134900000	0.45685
3	134900000	135000000	0.45712
3	135000000	135100000	0.4378
3	135100000	135200000	0.44496
3	135200000	135300000	0.41713
3	135300000	135400000	0.41647
3	135400000	135500000	0.40084
3	135500000	135600000	0.40847
3	135600000	135700000	0.40811
3	135700000	135800000	0.41952
3	135800000	135900000	0.40901
3	135900000	136000000	0.39704
3	136000000	136100000	0.38694
3	136100000	136200000	0.41003
3	136200000	136300000	0.4333
3	136300000	136400000	0.39902
3	136400000	136500000	0.38725
3	136500000	136600000	0.37489
3	136600000	136700000	0.38728
3	136700000	136800000	0.43295
3	136800000	136900000	0.41837
3	136900000	137000000	0.40186
3	137000000	137100000	0.4244
3	137100000	137200000	0.39954
3	137200000	137300000	0.39962
3	137300000	137400000	0.38034
3	137400000	137500000	0.389
3	137500000	137600000	0.38596
3	137600000	137700000	0.38983
3	137700000	137800000	0.40991
3	137800000	137900000	0.40419
3	137900000	138000000	0.39662
3	138000000	138100000	0.42842
3	138100000	138200000	0.42167
3	138200000	138300000	0.392
3	138300000	138400000	0.46385
3	138400000	138500000	0.46355
3	138500000	138600000	0.39802
3	138600000	138700000	0.39908
3	138700000	138800000	0.40246
3	138800000	138900000	0.4543
3	138900000	139000000	0.47175
3	139000000	139100000	0.39589
3	139100000	139200000	0.42637
3	139200000	139300000	0.44661
3	139300000	139400000	0.42354
3	139400000	139500000	0.41177
3	139500000	139600000	0.43419
3	139600000	139700000	0.42207
3	139700000	139800000	0.42933
3	139800000	139900000	0.39708
3	139900000	140000000	0.42517
3	140000000	140100000	0.43114
3	140100000	140200000	0.41863
3	140200000	140300000	0.42015
3	140300000	140400000	0.42419
3	140400000	140500000	0.43162
3	140500000	140600000	0.42553
3	140600000	140700000	0.39318
3	140700000	140800000	0.41439
3	140800000	140900000	0.40665
3	140900000	141000000	0.38546
3	141000000	141100000	0.44472
3	141100000	141200000	0.43978
3	141200000	141300000	0.45161
3	141300000	141400000	0.4269
3	141400000	141500000	0.42442
3	141500000	141600000	0.35983
3	141600000	141700000	0.43488
3	141700000	141800000	0.43375
3	141800000	141900000	0.42731
3	141900000	142000000	0.42088
3	142000000	142100000	0.39789
3	142100000	142200000	0.39051
3	142200000	142300000	0.41043
3	142300000	142400000	0.36742
3	142400000	142500000	0.37425
3	142500000	142600000	0.3825
3	142600000	142700000	0.3859
3	142700000	142800000	0.36268
3	142800000	142900000	0.40248
3	142900000	143000000	0.41703
3	143000000	143100000	0.39637
3	143100000	143200000	0.42541
3	143200000	143300000	0.41673
3	143300000	143400000	0.40183
3	143400000	143500000	0.38555
3	143500000	143600000	0.3885
3	143600000	143700000	0.37973
3	143700000	143800000	0.39532
3	143800000	143900000	0.39908
3	143900000	144000000	0.36891
3	144000000	144100000	0.37039
3	144100000	144200000	0.37459
3	144200000	144300000	0.36074
3	144300000	144400000	0.36667
3	144400000	144500000	0.35312
3	144500000	144600000	0.3598
3	144600000	144700000	0.34094
3	144700000	144800000	0.35186
3	144800000	144900000	0.35013
3	144900000	145000000	0.35951
3	145000000	145100000	0.35339
3	145100000	145200000	0.33715
3	145200000	145300000	0.34957
3	145300000	145400000	0.34593
3	145400000	145500000	0.34099
3	145500000	145600000	0.34908
3	145600000	145700000	0.34954
3	145700000	145800000	0.35957
3	145800000	145900000	0.34528
3	145900000	146000000	0.36228
3	146000000	146100000	0.35598
3	146100000	146200000	0.36667
3	146200000	146300000	0.36086
3	146300000	146400000	0.38235
3	146400000	146500000	0.37911
3	146500000	146600000	0.36421
3	146600000	146700000	0.34894
3	146700000	146800000	0.35001
3	146800000	146900000	0.33986
3	146900000	147000000	0.35713
3	147000000	147100000	0.35261
3	147100000	147200000	0.35429
3	147200000	147300000	0.34217
3	147300000	147400000	0.40325
3	147400000	147500000	0.38259
3	147500000	147600000	0.34735
3	147600000	147700000	0.35328
3	147700000	147800000	0.36192
3	147800000	147900000	0.36832
3	147900000	148000000	0.3585
3	148000000	148100000	0.3287
3	148100000	148200000	0.35951
3	148200000	148300000	0.36406
3	148300000	148400000	0.35258
3	148400000	148500000	0.36244
3	148500000	148600000	0.36327
3	148600000	148700000	0.36201
3	148700000	148800000	0.37378
3	148800000	148900000	0.3747
3	148900000	149000000	0.4004
3	149000000	149100000	0.3857
3	149100000	149200000	0.39103
3	149200000	149300000	0.39655
3	149300000	149400000	0.39338
3	149400000	149500000	0.40411
3	149500000	149600000	0.40602
3	149600000	149700000	0.41943
3	149700000	149800000	0.39385
3	149800000	149900000	0.36769
3	149900000	150000000	0.37191
3	150000000	150100000	0.40639
3	150100000	150200000	0.3866
3	150200000	150300000	0.40428
3	150300000	150400000	0.38963
3	150400000	150500000	0.36974
3	150500000	150600000	0.39085
3	150600000	150700000	0.39116
3	150700000	150800000	0.43959
3	150800000	150900000	0.42316
3	150900000	151000000	0.4031
3	151000000	151100000	0.41577
3	151100000	151200000	0.39451
3	151200000	151300000	0.39005
3	151300000	151400000	0.36966
3	151400000	151500000	0.39056
3	151500000	151600000	0.37716
3	151600000	151700000	0.37325
3	151700000	151800000	0.35766
3	151800000	151900000	0.37367
3	151900000	152000000	0.37325
3	152000000	152100000	0.35346
3	152100000	152200000	0.36758
3	152200000	152300000	0.35995
3	152300000	152400000	0.35534
3	152400000	152500000	0.35785
3	152500000	152600000	0.37786
3	152600000	152700000	0.37593
3	152700000	152800000	0.36163
3	152800000	152900000	0.37196
3	152900000	153000000	0.38212
3	153000000	153100000	0.40265
3	153100000	153200000	0.40657
3	153200000	153300000	0.39568
3	153300000	153400000	0.38255
3	153400000	153500000	0.36037
3	153500000	153600000	0.36764
3	153600000	153700000	0.37088
3	153700000	153800000	0.36824
3	153800000	153900000	0.36793
3	153900000	154000000	0.38255
3	154000000	154100000	0.37128
3	154100000	154200000	0.38535
3	154200000	154300000	0.3814
3	154300000	154400000	0.37084
3	154400000	154500000	0.36302
3	154500000	154600000	0.35702
3	154600000	154700000	0.36722
3	154700000	154800000	0.3657
3	154800000	154900000	0.369
3	154900000	155000000	0.37274
3	155000000	155100000	0.38445
3	155100000	155200000	0.3774
3	155200000	155300000	0.38661
3	155300000	155400000	0.38915
3	155400000	155500000	0.3953
3	155500000	155600000	0.39458
3	155600000	155700000	0.39165
3	155700000	155800000	0.40971
3	155800000	155900000	0.41204
3	155900000	156000000	0.39358
3	156000000	156100000	0.40698
3	156100000	156200000	0.40257
3	156200000	156300000	0.40472
3	156300000	156400000	0.40654
3	156400000	156500000	0.39475
3	156500000	156600000	0.3942
3	156600000	156700000	0.39849
3	156700000	156800000	0.39558
3	156800000	156900000	0.38321
3	156900000	157000000	0.353
3	157000000	157100000	0.39624
3	157100000	157200000	0.42599
3	157200000	157300000	0.3912
3	157300000	157400000	0.38442
3	157400000	157500000	0.38498
3	157500000	157600000	0.38096
3	157600000	157700000	0.40261
3	157700000	157800000	0.38122
3	157800000	157900000	0.39008
3	157900000	158000000	0.38095
3	158000000	158100000	0.37589
3	158100000	158200000	0.36773
3	158200000	158300000	0.35107
3	158300000	158400000	0.36234
3	158400000	158500000	0.34466
3	158500000	158600000	0.37431
3	158600000	158700000	0.38027
3	158700000	158800000	0.42595
3	158800000	158900000	0.40314
3	158900000	159000000	0.39702
3	159000000	159100000	0.38227
3	159100000	159200000	0.39582
3	159200000	159300000	0.38205
3	159300000	159400000	0.37752
3	159400000	159500000	0.38232
3	159500000	159600000	0.37905
3	159600000	159700000	0.39702
3	159700000	159800000	0.41306
3	159800000	159900000	0.40167
3	159900000	160000000	0.408
3	160000000	160100000	0.4502
3	160100000	160200000	0.42366
3	160200000	160300000	0.3919
3	160300000	160400000	0.362
3	160400000	160500000	0.39738
3	160500000	160600000	0.37919
3	160600000	160700000	0.38382
3	160700000	160800000	0.38833
3	160800000	160900000	0.37884
3	160900000	161000000	0.38151
3	161000000	161100000	0.39528
3	161100000	161200000	0.38813
3	161200000	161300000	0.37725
3	161300000	161400000	0.38474
3	161400000	161500000	0.37418
3	161500000	161600000	0.37208
3	161600000	161700000	0.36311
3	161700000	161800000	0.36463
3	161800000	161900000	0.37467
3	161900000	162000000	0.3638
3	162000000	162100000	0.34916
3	162100000	162200000	0.34666
3	162200000	162300000	0.34854
3	162300000	162400000	0.35121
3	162400000	162500000	0.3482
3	162500000	162600000	0.35129
3	162600000	162700000	0.35846
3	162700000	162800000	0.35489
3	162800000	162900000	0.34681
3	162900000	163000000	0.33952
3	163000000	163100000	0.34103
3	163100000	163200000	0.34649
3	163200000	163300000	0.33711
3	163300000	163400000	0.34521
3	163400000	163500000	0.34496
3	163500000	163600000	0.3417
3	163600000	163700000	0.34336
3	163700000	163800000	0.34602
3	163800000	163900000	0.33854
3	163900000	164000000	0.35741
3	164000000	164100000	0.36339
3	164100000	164200000	0.35647
3	164200000	164300000	0.34314
3	164300000	164400000	0.35382
3	164400000	164500000	0.35268
3	164500000	164600000	0.34493
3	164600000	164700000	0.3376
3	164700000	164800000	0.34305
3	164800000	164900000	0.35377
3	164900000	165000000	0.33801
3	165000000	165100000	0.31244
3	165100000	165200000	0.35914
3	165200000	165300000	0.33965
3	165300000	165400000	0.34396
3	165400000	165500000	0.35512
3	165500000	165600000	0.35307
3	165600000	165700000	0.35695
3	165700000	165800000	0.34783
3	165800000	165900000	0.34123
3	165900000	166000000	0.35732
3	166000000	166100000	0.35556
3	166100000	166200000	0.33227
3	166200000	166300000	0.33779
3	166300000	166400000	0.34802
3	166400000	166500000	0.33767
3	166500000	166600000	0.35171
3	166600000	166700000	0.34821
3	166700000	166800000	0.34457
3	166800000	166900000	0.35674
3	166900000	167000000	0.36143
3	167000000	167100000	0.36388
3	167100000	167200000	0.36357
3	167200000	167300000	0.37702
3	167300000	167400000	0.34718
3	167400000	167500000	0.37301
3	167500000	167600000	0.36734
3	167600000	167700000	0.36159
3	167700000	167800000	0.36456
3	167800000	167900000	0.36417
3	167900000	168000000	0.35948
3	168000000	168100000	0.38279
3	168100000	168200000	0.37387
3	168200000	168300000	0.37779
3	168300000	168400000	0.36313
3	168400000	168500000	0.35775
3	168500000	168600000	0.35541
3	168600000	168700000	0.36012
3	168700000	168800000	0.36225
3	168800000	168900000	0.3616
3	168900000	169000000	0.35374
3	169000000	169100000	0.36192
3	169100000	169200000	0.35914
3	169200000	169300000	0.36958
3	169300000	169400000	0.36728
3	169400000	169500000	0.37524
3	169500000	169600000	0.38562
3	169600000	169700000	0.41142
3	169700000	169800000	0.3816
3	169800000	169900000	0.41856
3	169900000	170000000	0.39615
3	170000000	170100000	0.41381
3	170100000	170200000	0.39192
3	170200000	170300000	0.40406
3	170300000	170400000	0.41442
3	170400000	170500000	0.43038
3	170500000	170600000	0.41185
3	170600000	170700000	0.4277
3	170700000	170800000	0.3963
3	170800000	170900000	0.39978
3	170900000	171000000	0.39269
3	171000000	171100000	0.38774
3	171100000	171200000	0.40216
3	171200000	171300000	0.39048
3	171300000	171400000	0.39106
3	171400000	171500000	0.40503
3	171500000	171600000	0.40792
3	171600000	171700000	0.3799
3	171700000	171800000	0.39139
3	171800000	171900000	0.39429
3	171900000	172000000	0.40429
3	172000000	172100000	0.39441
3	172100000	172200000	0.4006
3	172200000	172300000	0.39476
3	172300000	172400000	0.39919
3	172400000	172500000	0.39576
3	172500000	172600000	0.40842
3	172600000	172700000	0.41925
3	172700000	172800000	0.38813
3	172800000	172900000	0.37283
3	172900000	173000000	0.37481
3	173000000	173100000	0.35847
3	173100000	173200000	0.37317
3	173200000	173300000	0.37702
3	173300000	173400000	0.35833
3	173400000	173500000	0.3577
3	173500000	173600000	0.36049
3	173600000	173700000	0.35441
3	173700000	173800000	0.34874
3	173800000	173900000	0.34528
3	173900000	174000000	0.3568
3	174000000	174100000	0.35629
3	174100000	174200000	0.34721
3	174200000	174300000	0.36163
3	174300000	174400000	0.36637
3	174400000	174500000	0.36422
3	174500000	174600000	0.35113
3	174600000	174700000	0.35421
3	174700000	174800000	0.35744
3	174800000	174900000	0.35735
3	174900000	175000000	0.35499
3	175000000	175100000	0.35671
3	175100000	175200000	0.34873
3	175200000	175300000	0.34246
3	175300000	175400000	0.35451
3	175400000	175500000	0.34195
3	175500000	175600000	0.35868
3	175600000	175700000	0.34025
3	175700000	175800000	0.3574
3	175800000	175900000	0.3699
3	175900000	176000000	0.36343
3	176000000	176100000	0.34891
3	176100000	176200000	0.34383
3	176200000	176300000	0.34901
3	176300000	176400000	0.35733
3	176400000	176500000	0.3638
3	176500000	176600000	0.37765
3	176600000	176700000	0.36945
3	176700000	176800000	0.37808
3	176800000	176900000	0.38998
3	176900000	177000000	0.40389
3	177000000	177100000	0.3685
3	177100000	177200000	0.40244
3	177200000	177300000	0.44475
3	177300000	177400000	0.4192
3	177400000	177500000	0.41377
3	177500000	177600000	0.41064
3	177600000	177700000	0.39683
3	177700000	177800000	0.39366
3	177800000	177900000	0.39061
3	177900000	178000000	0.36914
3	178000000	178100000	0.36018
3	178100000	178200000	0.34944
3	178200000	178300000	0.36499
3	178300000	178400000	0.36255
3	178400000	178500000	0.38237
3	178500000	178600000	0.37842
3	178600000	178700000	0.38753
3	178700000	178800000	0.37977
3	178800000	178900000	0.3751
3	178900000	179000000	0.38663
3	179000000	179100000	0.39674
3	179100000	179200000	0.38202
3	179200000	179300000	0.3899
3	179300000	179400000	0.39623
3	179400000	179500000	0.3979
3	179500000	179600000	0.40851
3	179600000	179700000	0.4225
3	179700000	179800000	0.42195
3	179800000	179900000	0.38563
3	179900000	180000000	0.38201
3	180000000	180100000	0.37402
3	180100000	180200000	0.37265
3	180200000	180300000	0.37816
3	180300000	180400000	0.3666
3	180400000	180500000	0.36808
3	180500000	180600000	0.38462
3	180600000	180700000	0.3632
3	180700000	180800000	0.37045
3	180800000	180900000	0.38926
3	180900000	181000000	0.38277
3	181000000	181100000	0.37835
3	181100000	181200000	0.37598
3	181200000	181300000	0.374
3	181300000	181400000	0.3685
3	181400000	181500000	0.36271
3	181500000	181600000	0.36526
3	181600000	181700000	0.37842
3	181700000	181800000	0.41292
3	181800000	181900000	0.4218
3	181900000	182000000	0.39601
3	182000000	182100000	0.3784
3	182100000	182200000	0.38026
3	182200000	182300000	0.3861
3	182300000	182400000	0.37563
3	182400000	182500000	0.38011
3	182500000	182600000	0.37302
3	182600000	182700000	0.3903
3	182700000	182800000	0.41024
3	182800000	182900000	0.35553
3	182900000	183000000	0.39127
3	183000000	183100000	0.41694
3	183100000	183200000	0.45144
3	183200000	183300000	0.41924
3	183300000	183400000	0.4178
3	183400000	183500000	0.43135
3	183500000	183600000	0.44846
3	183600000	183700000	0.42725
3	183700000	183800000	0.4174
3	183800000	183900000	0.45394
3	183900000	184000000	0.46255
3	184000000	184100000	0.44756
3	184100000	184200000	0.48586
3	184200000	184300000	0.5048
3	184300000	184400000	0.52867
3	184400000	184500000	0.45959
3	184500000	184600000	0.50458
3	184600000	184700000	0.50801
3	184700000	184800000	0.47604
3	184800000	184900000	0.37785
3	184900000	185000000	0.38002
3	185000000	185100000	0.42774
3	185100000	185200000	0.40983
3	185200000	185300000	0.39544
3	185300000	185400000	0.39961
3	185400000	185500000	0.41333
3	185500000	185600000	0.44212
3	185600000	185700000	0.43132
3	185700000	185800000	0.42608
3	185800000	185900000	0.42701
3	185900000	186000000	0.43099
3	186000000	186100000	0.41685
3	186100000	186200000	0.44933
3	186200000	186300000	0.45824
3	186300000	186400000	0.42822
3	186400000	186500000	0.42713
3	186500000	186600000	0.42219
3	186600000	186700000	0.43459
3	186700000	186800000	0.42881
3	186800000	186900000	0.45056
3	186900000	187000000	0.44805
3	187000000	187100000	0.42078
3	187100000	187200000	0.42069
3	187200000	187300000	0.44478
3	187300000	187400000	0.41477
3	187400000	187500000	0.39605
3	187500000	187600000	0.39271
3	187600000	187700000	0.41443
3	187700000	187800000	0.43163
3	187800000	187900000	0.41171
3	187900000	188000000	0.42157
3	188000000	188100000	0.41847
3	188100000	188200000	0.43151
3	188200000	188300000	0.41751
3	188300000	188400000	0.3924
3	188400000	188500000	0.3779
3	188500000	188600000	0.38039
3	188600000	188700000	0.38307
3	188700000	188800000	0.38065
3	188800000	188900000	0.38398
3	188900000	189000000	0.41377
3	189000000	189100000	0.38801
3	189100000	189200000	0.40515
3	189200000	189300000	0.38866
3	189300000	189400000	0.37912
3	189400000	189500000	0.36273
3	189500000	189600000	0.37669
3	189600000	189700000	0.36355
3	189700000	189800000	0.3714
3	189800000	189900000	0.38107
3	189900000	190000000	0.38449
3	190000000	190100000	0.37405
3	190100000	190200000	0.39342
3	190200000	190300000	0.37691
3	190300000	190400000	0.37636
3	190400000	190500000	0.36023
3	190500000	190600000	0.38988
3	190600000	190700000	0.36692
3	190700000	190800000	0.35681
3	190800000	190900000	0.36264
3	190900000	191000000	0.38061
3	191000000	191100000	0.36132
3	191100000	191200000	0.36729
3	191200000	191300000	0.36201
3	191300000	191400000	0.38331
3	191400000	191500000	0.37501
3	191500000	191600000	0.35816
3	191600000	191700000	0.37598
3	191700000	191800000	0.36693
3	191800000	191900000	0.36864
3	191900000	192000000	0.36595
3	192000000	192100000	0.36469
3	192100000	192200000	0.36605
3	192200000	192300000	0.36244
3	192300000	192400000	0.36745
3	192400000	192500000	0.38791
3	192500000	192600000	0.37563
3	192600000	192700000	0.37828
3	192700000	192800000	0.38606
3	192800000	192900000	0.42273
3	192900000	193000000	0.41534
3	193000000	193100000	0.38486
3	193100000	193200000	0.38676
3	193200000	193300000	0.38393
3	193300000	193400000	0.40451
3	193400000	193500000	0.38194
3	193500000	193600000	0.39927
3	193600000	193700000	0.36667
3	193700000	193800000	0.44068
3	193800000	193900000	0.45216
3	193900000	194000000	0.43833
3	194000000	194100000	0.46555
3	194100000	194200000	0.47081
3	194200000	194300000	0.47028
3	194300000	194400000	0.51075
3	194400000	194500000	0.39126
3	194500000	194600000	0.46207
3	194600000	194700000	0.47568
3	194700000	194800000	0.46414
3	194800000	194900000	0.46821
3	194900000	195000000	0.45181
3	195000000	195100000	0.50491
3	195100000	195200000	0.47656
3	195200000	195300000	0.45893
3	195300000	195400000	0.37978
3	195400000	195500000	0.41767
3	195500000	195600000	0.43287
3	195600000	195700000	0.4923
3	195700000	195800000	0.51271
3	195800000	195900000	0.54691
3	195900000	196000000	0.49289
3	196000000	196100000	0.43992
3	196100000	196200000	0.49859
3	196200000	196300000	0.47229
3	196300000	196400000	0.44459
3	196400000	196500000	0.43743
3	196500000	196600000	0.44265
3	196600000	196700000	0.47148
3	196700000	196800000	0.42141
3	196800000	196900000	0.42642
3	196900000	197000000	0.46575
3	197000000	197100000	0.44025
3	197100000	197200000	0.35881
3	197200000	197300000	0.37397
3	197300000	197400000	0.44838
3	197400000	197500000	0.47721
3	197500000	197600000	0.48548
3	197600000	197700000	0.48952
3	197700000	197800000	0.43433
3	197800000	197900000	0.406
3	197900000	198000000	0.42553
3	198000000	198100000	0.39964
3	198100000	198200000	0.45049
3	198200000	198295559	0.4688264574369358
4	0	100000	0.40347777777777777
4	100000	200000	0.40939
4	200000	300000	0.39105
4	300000	400000	0.42337
4	400000	500000	0.41652
4	500000	600000	0.48674
4	600000	700000	0.56064
4	700000	800000	0.56424
4	800000	900000	0.55954
4	900000	1000000	0.56918
4	1000000	1100000	0.5788
4	1100000	1200000	0.47182
4	1200000	1300000	0.54743
4	1300000	1400000	0.55779
4	1400000	1500000	0.5445779358793655
4	1500000	1600000	0.58204
4	1600000	1700000	0.56137
4	1700000	1800000	0.6032
4	1800000	1900000	0.53601
4	1900000	2000000	0.48119
4	2000000	2100000	0.52082
4	2100000	2200000	0.43074
4	2200000	2300000	0.5031
4	2300000	2400000	0.51409
4	2400000	2500000	0.52854
4	2500000	2600000	0.47284
4	2600000	2700000	0.45238
4	2700000	2800000	0.50546
4	2800000	2900000	0.49528
4	2900000	3000000	0.48905
4	3000000	3100000	0.46331
4	3100000	3200000	0.43663
4	3200000	3300000	0.52174
4	3300000	3400000	0.48714
4	3400000	3500000	0.58939
4	3500000	3600000	0.53855
4	3600000	3700000	0.54397
4	3700000	3800000	0.57171
4	3800000	3900000	0.53757
4	3900000	4000000	0.47725
4	4000000	4100000	0.44353
4	4100000	4200000	0.47716
4	4200000	4300000	0.44753
4	4300000	4400000	0.48133
4	4400000	4500000	0.44529
4	4500000	4600000	0.42132
4	4600000	4700000	0.46399
4	4700000	4800000	0.46069
4	4800000	4900000	0.49047
4	4900000	5000000	0.44388
4	5000000	5100000	0.42701
4	5100000	5200000	0.43125
4	5200000	5300000	0.41372
4	5300000	5400000	0.42245
4	5400000	5500000	0.45462
4	5500000	5600000	0.43477
4	5600000	5700000	0.45101
4	5700000	5800000	0.47036
4	5800000	5900000	0.49865
4	5900000	6000000	0.48588
4	6000000	6100000	0.50009
4	6100000	6200000	0.49129
4	6200000	6300000	0.5139
4	6300000	6400000	0.53673
4	6400000	6500000	0.50036
4	6500000	6600000	0.52296
4	6600000	6700000	0.50551
4	6700000	6800000	0.48827
4	6800000	6900000	0.42864
4	6900000	7000000	0.49856
4	7000000	7100000	0.49611
4	7100000	7200000	0.52224
4	7200000	7300000	0.54239
4	7300000	7400000	0.5293
4	7400000	7500000	0.54323
4	7500000	7600000	0.52264
4	7600000	7700000	0.52927
4	7700000	7800000	0.53226
4	7800000	7900000	0.4559
4	7900000	8000000	0.4901
4	8000000	8100000	0.53907
4	8100000	8200000	0.55257
4	8200000	8300000	0.56971
4	8300000	8400000	0.5166
4	8400000	8500000	0.49621
4	8500000	8600000	0.52301
4	8600000	8700000	0.53136
4	8700000	8800000	0.5240313099500395
4	8800000	8900000	0.5506746644636806
4	8900000	9000000	0.48433
4	9000000	9100000	0.44828
4	9100000	9200000	0.46056
4	9200000	9300000	0.4808958253332602
4	9300000	9400000	0.4567744278968398
4	9400000	9500000	0.42725
4	9500000	9600000	0.4554
4	9600000	9700000	0.46176
4	9700000	9800000	0.47025
4	9800000	9900000	0.44285
4	9900000	10000000	0.45123
4	10000000	10100000	0.48571
4	10100000	10200000	0.48108
4	10200000	10300000	0.44135
4	10300000	10400000	0.42605
4	10400000	10500000	0.41753
4	10500000	10600000	0.41686
4	10600000	10700000	0.41242
4	10700000	10800000	0.40045
4	10800000	10900000	0.38978
4	10900000	11000000	0.39665
4	11000000	11100000	0.39763
4	11100000	11200000	0.39373
4	11200000	11300000	0.39891
4	11300000	11400000	0.40812
4	11400000	11500000	0.40551
4	11500000	11600000	0.3915
4	11600000	11700000	0.38868
4	11700000	11800000	0.36965
4	11800000	11900000	0.37127
4	11900000	12000000	0.37385
4	12000000	12100000	0.3691
4	12100000	12200000	0.36126
4	12200000	12300000	0.36539
4	12300000	12400000	0.36425
4	12400000	12500000	0.37961
4	12500000	12600000	0.36781
4	12600000	12700000	0.37825
4	12700000	12800000	0.37815
4	12800000	12900000	0.37966
4	12900000	13000000	0.38564
4	13000000	13100000	0.39056
4	13100000	13200000	0.40693
4	13200000	13300000	0.40088
4	13300000	13400000	0.38842
4	13400000	13500000	0.36298
4	13500000	13600000	0.422
4	13600000	13700000	0.39615
4	13700000	13800000	0.40179
4	13800000	13900000	0.40314
4	13900000	14000000	0.40961
4	14000000	14100000	0.39491
4	14100000	14200000	0.38898
4	14200000	14300000	0.37465
4	14300000	14400000	0.384
4	14400000	14500000	0.38569
4	14500000	14600000	0.37478
4	14600000	14700000	0.39465
4	14700000	14800000	0.39954
4	14800000	14900000	0.41693
4	14900000	15000000	0.37415
4	15000000	15100000	0.35809
4	15100000	15200000	0.40921
4	15200000	15300000	0.39032
4	15300000	15400000	0.41248
4	15400000	15500000	0.39948
4	15500000	15600000	0.40068
4	15600000	15700000	0.38011
4	15700000	15800000	0.43068
4	15800000	15900000	0.40126
4	15900000	16000000	0.44206
4	16000000	16100000	0.42202
4	16100000	16200000	0.41687
4	16200000	16300000	0.40069
4	16300000	16400000	0.40408
4	16400000	16500000	0.4015
4	16500000	16600000	0.40562
4	16600000	16700000	0.40299
4	16700000	16800000	0.40323
4	16800000	16900000	0.39698
4	16900000	17000000	0.40642
4	17000000	17100000	0.41147
4	17100000	17200000	0.39376
4	17200000	17300000	0.40363
4	17300000	17400000	0.40272
4	17400000	17500000	0.43185
4	17500000	17600000	0.44169
4	17600000	17700000	0.4443
4	17700000	17800000	0.43064
4	17800000	17900000	0.35995
4	17900000	18000000	0.35728
4	18000000	18100000	0.38269
4	18100000	18200000	0.38318
4	18200000	18300000	0.38781
4	18300000	18400000	0.37907
4	18400000	18500000	0.38288
4	18500000	18600000	0.37764
4	18600000	18700000	0.38406
4	18700000	18800000	0.35917
4	18800000	18900000	0.36952
4	18900000	19000000	0.36026
4	19000000	19100000	0.37485
4	19100000	19200000	0.35488
4	19200000	19300000	0.36046
4	19300000	19400000	0.35416
4	19400000	19500000	0.36076
4	19500000	19600000	0.36394
4	19600000	19700000	0.36082
4	19700000	19800000	0.37095
4	19800000	19900000	0.3735
4	19900000	20000000	0.36491
4	20000000	20100000	0.36903
4	20100000	20200000	0.36742
4	20200000	20300000	0.36204
4	20300000	20400000	0.35443
4	20400000	20500000	0.3588
4	20500000	20600000	0.35864
4	20600000	20700000	0.39726
4	20700000	20800000	0.38345
4	20800000	20900000	0.38285
4	20900000	21000000	0.38132
4	21000000	21100000	0.37604
4	21100000	21200000	0.38232
4	21200000	21300000	0.37514
4	21300000	21400000	0.37376
4	21400000	21500000	0.37777
4	21500000	21600000	0.36889
4	21600000	21700000	0.37445
4	21700000	21800000	0.37242
4	21800000	21900000	0.37353
4	21900000	22000000	0.38644
4	22000000	22100000	0.3819
4	22100000	22200000	0.3724
4	22200000	22300000	0.38521
4	22300000	22400000	0.38888
4	22400000	22500000	0.3829
4	22500000	22600000	0.40071
4	22600000	22700000	0.38896
4	22700000	22800000	0.38121
4	22800000	22900000	0.39245
4	22900000	23000000	0.37938
4	23000000	23100000	0.36778
4	23100000	23200000	0.37298
4	23200000	23300000	0.36077
4	23300000	23400000	0.36277
4	23400000	23500000	0.36454
4	23500000	23600000	0.36985
4	23600000	23700000	0.36896
4	23700000	23800000	0.39617
4	23800000	23900000	0.37943
4	23900000	24000000	0.39134
4	24000000	24100000	0.40053
4	24100000	24200000	0.4098
4	24200000	24300000	0.41157
4	24300000	24400000	0.40207
4	24400000	24500000	0.43426
4	24500000	24600000	0.39553
4	24600000	24700000	0.42345
4	24700000	24800000	0.41728
4	24800000	24900000	0.4352
4	24900000	25000000	0.43842
4	25000000	25100000	0.4469
4	25100000	25200000	0.39836
4	25200000	25300000	0.41225
4	25300000	25400000	0.40096
4	25400000	25500000	0.42667
4	25500000	25600000	0.45202
4	25600000	25700000	0.46147
4	25700000	25800000	0.43167
4	25800000	25900000	0.44169
4	25900000	26000000	0.45118
4	26000000	26100000	0.44678
4	26100000	26200000	0.4313
4	26200000	26300000	0.42165
4	26300000	26400000	0.40076
4	26400000	26500000	0.41597
4	26500000	26600000	0.39899
4	26600000	26700000	0.36718
4	26700000	26800000	0.37112
4	26800000	26900000	0.41068
4	26900000	27000000	0.36065
4	27000000	27100000	0.41149
4	27100000	27200000	0.41308
4	27200000	27300000	0.39015
4	27300000	27400000	0.39863
4	27400000	27500000	0.36481
4	27500000	27600000	0.35273
4	27600000	27700000	0.35313
4	27700000	27800000	0.35924
4	27800000	27900000	0.3502
4	27900000	28000000	0.35503
4	28000000	28100000	0.35623
4	28100000	28200000	0.35105
4	28200000	28300000	0.35784
4	28300000	28400000	0.35251
4	28400000	28500000	0.36693
4	28500000	28600000	0.35991
4	28600000	28700000	0.3491
4	28700000	28800000	0.3521
4	28800000	28900000	0.36028
4	28900000	29000000	0.34822
4	29000000	29100000	0.34683
4	29100000	29200000	0.3441
4	29200000	29300000	0.33797
4	29300000	29400000	0.34454
4	29400000	29500000	0.34043
4	29500000	29600000	0.33714
4	29600000	29700000	0.34302
4	29700000	29800000	0.34895
4	29800000	29900000	0.34773
4	29900000	30000000	0.34148
4	30000000	30100000	0.3515
4	30100000	30200000	0.35116
4	30200000	30300000	0.35044
4	30300000	30400000	0.34652
4	30400000	30500000	0.34099
4	30500000	30600000	0.36076
4	30600000	30700000	0.36163
4	30700000	30800000	0.3722
4	30800000	30900000	0.36148
4	30900000	31000000	0.34652
4	31000000	31100000	0.34954
4	31100000	31200000	0.36454
4	31200000	31300000	0.35864
4	31300000	31400000	0.35403
4	31400000	31500000	0.35168
4	31500000	31600000	0.35119
4	31600000	31700000	0.34258
4	31700000	31800000	0.34362
4	31800000	31900000	0.3305538255714714
4	31900000	32000000	0.36023
4	32000000	32100000	0.36212
4	32100000	32200000	0.35286
4	32200000	32300000	0.34504
4	32300000	32400000	0.35049
4	32400000	32500000	0.33662
4	32500000	32600000	0.33518
4	32600000	32700000	0.35056
4	32700000	32800000	0.34897
4	32800000	32900000	0.33854255319148935
4	32900000	33000000	0.34766
4	33000000	33100000	0.34867
4	33100000	33200000	0.35219
4	33200000	33300000	0.35222
4	33300000	33400000	0.34358
4	33400000	33500000	0.34694
4	33500000	33600000	0.34601
4	33600000	33700000	0.35609
4	33700000	33800000	0.34909
4	33800000	33900000	0.34554
4	33900000	34000000	0.34692
4	34000000	34100000	0.34107
4	34100000	34200000	0.33426
4	34200000	34300000	0.35331
4	34300000	34400000	0.35211
4	34400000	34500000	0.33693
4	34500000	34600000	0.33944
4	34600000	34700000	0.35229
4	34700000	34800000	0.34017
4	34800000	34900000	0.3417
4	34900000	35000000	0.33351
4	35000000	35100000	0.34083
4	35100000	35200000	0.35582
4	35200000	35300000	0.34735
4	35300000	35400000	0.35458
4	35400000	35500000	0.34565
4	35500000	35600000	0.333
4	35600000	35700000	0.3441
4	35700000	35800000	0.352
4	35800000	35900000	0.36511
4	35900000	36000000	0.35985
4	36000000	36100000	0.35638
4	36100000	36200000	0.35096
4	36200000	36300000	0.36374
4	36300000	36400000	0.37486
4	36400000	36500000	0.36723
4	36500000	36600000	0.36225
4	36600000	36700000	0.36526
4	36700000	36800000	0.36737
4	36800000	36900000	0.36757
4	36900000	37000000	0.36997
4	37000000	37100000	0.37315
4	37100000	37200000	0.37378
4	37200000	37300000	0.38855
4	37300000	37400000	0.3873
4	37400000	37500000	0.39298
4	37500000	37600000	0.41731
4	37600000	37700000	0.43244
4	37700000	37800000	0.41466
4	37800000	37900000	0.41228
4	37900000	38000000	0.42651
4	38000000	38100000	0.42366
4	38100000	38200000	0.44466
4	38200000	38300000	0.42321
4	38300000	38400000	0.41285
4	38400000	38500000	0.40725
4	38500000	38600000	0.41321
4	38600000	38700000	0.42946
4	38700000	38800000	0.41857
4	38800000	38900000	0.41742
4	38900000	39000000	0.41665
4	39000000	39100000	0.37691
4	39100000	39200000	0.39175
4	39200000	39300000	0.39427
4	39300000	39400000	0.40012
4	39400000	39500000	0.41966
4	39500000	39600000	0.42179
4	39600000	39700000	0.42636
4	39700000	39800000	0.42336
4	39800000	39900000	0.41286
4	39900000	40000000	0.42298
4	40000000	40100000	0.4444
4	40100000	40200000	0.40175
4	40200000	40300000	0.43831
4	40300000	40400000	0.43955
4	40400000	40500000	0.41976
4	40500000	40600000	0.44236
4	40600000	40700000	0.44567
4	40700000	40800000	0.39812
4	40800000	40900000	0.44602
4	40900000	41000000	0.43462
4	41000000	41100000	0.40647
4	41100000	41200000	0.40329
4	41200000	41300000	0.42017
4	41300000	41400000	0.41808
4	41400000	41500000	0.41157
4	41500000	41600000	0.39895
4	41600000	41700000	0.39728
4	41700000	41800000	0.40848
4	41800000	41900000	0.41707
4	41900000	42000000	0.3949
4	42000000	42100000	0.36981
4	42100000	42200000	0.41958
4	42200000	42300000	0.43092
4	42300000	42400000	0.43245
4	42400000	42500000	0.3842
4	42500000	42600000	0.37775
4	42600000	42700000	0.38079
4	42700000	42800000	0.37663
4	42800000	42900000	0.37496
4	42900000	43000000	0.37435
4	43000000	43100000	0.37672
4	43100000	43200000	0.36093
4	43200000	43300000	0.35935
4	43300000	43400000	0.36026
4	43400000	43500000	0.3498
4	43500000	43600000	0.35153
4	43600000	43700000	0.36077
4	43700000	43800000	0.34968
4	43800000	43900000	0.35859
4	43900000	44000000	0.35763
4	44000000	44100000	0.35502
4	44100000	44200000	0.3668
4	44200000	44300000	0.35604
4	44300000	44400000	0.34527
4	44400000	44500000	0.36752
4	44500000	44600000	0.36154
4	44600000	44700000	0.36316
4	44700000	44800000	0.36208
4	44800000	44900000	0.37203
4	44900000	45000000	0.35941
4	45000000	45100000	0.35051
4	45100000	45200000	0.35445
4	45200000	45300000	0.35248
4	45300000	45400000	0.34562
4	45400000	45500000	0.35409
4	45500000	45600000	0.36148
4	45600000	45700000	0.36049
4	45700000	45800000	0.34327
4	45800000	45900000	0.34843
4	45900000	46000000	0.35647
4	46000000	46100000	0.3378
4	46100000	46200000	0.34877
4	46200000	46300000	0.34911
4	46300000	46400000	0.35846
4	46400000	46500000	0.36412
4	46500000	46600000	0.35865
4	46600000	46700000	0.36831
4	46700000	46800000	0.36932
4	46800000	46900000	0.36741
4	46900000	47000000	0.35522
4	47000000	47100000	0.36639
4	47100000	47200000	0.35607
4	47200000	47300000	0.36905
4	47300000	47400000	0.37419
4	47400000	47500000	0.37248
4	47500000	47600000	0.37756
4	47600000	47700000	0.38956
4	47700000	47800000	0.37451
4	47800000	47900000	0.37237
4	47900000	48000000	0.38545
4	48000000	48100000	0.4008
4	48100000	48200000	0.39885
4	48200000	48300000	0.41043
4	48300000	48400000	0.38441
4	48400000	48500000	0.39945
4	48500000	48600000	0.36106
4	48600000	48700000	0.35543
4	48700000	48800000	0.40114
4	48800000	48900000	0.39538
4	48900000	49000000	0.42077
4	49000000	49100000	0.39089
4	49100000	49200000	0.41511
4	49200000	49300000	0.45643
4	49300000	49400000	0.5060935976600585
4	49400000	49500000	0.3607372285102478
4	49500000	49600000	0.43526
4	49600000	49700000	0.4127194492254733
4	49700000	49800000	0.3708823529411765
4	49800000	49900000	0.37542
4	49900000	50000000	0.37566
4	50000000	50100000	0.37469
4	50100000	50200000	0.37474
4	50200000	50300000	0.37555
4	50300000	50400000	0.37486
4	50400000	50500000	0.3747847847847848
4	50500000	50600000	0.37583
4	50600000	50700000	0.37544
4	50700000	50800000	0.37587
4	50800000	50900000	0.37508
4	50900000	51000000	0.37515
4	51000000	51100000	0.37473
4	51100000	51200000	0.37505505505505504
4	51200000	51300000	0.37488
4	51300000	51400000	0.3752
4	51400000	51500000	0.3751851851851852
4	51500000	51600000	0.37586
4	51600000	51700000	0.37612
4	51700000	51800000	0.3789
4	51800000	51900000	0.4066
4	51900000	52000000	0.40703
4	52000000	52100000	0.39391
4	52100000	52200000	0.3941
4	52200000	52300000	0.40031
4	52300000	52400000	0.39476
4	52400000	52500000	0.40272
4	52500000	52600000	0.4103
4	52600000	52700000	0.41435
4	52700000	52800000	0.41845
4	52800000	52900000	0.44053
4	52900000	53000000	0.41849
4	53000000	53100000	0.38501
4	53100000	53200000	0.3802
4	53200000	53300000	0.39634
4	53300000	53400000	0.38941
4	53400000	53500000	0.37477
4	53500000	53600000	0.42613
4	53600000	53700000	0.40584
4	53700000	53800000	0.4048
4	53800000	53900000	0.41105
4	53900000	54000000	0.41902
4	54000000	54100000	0.38725
4	54100000	54200000	0.42779
4	54200000	54300000	0.43968
4	54300000	54400000	0.42345
4	54400000	54500000	0.40092
4	54500000	54600000	0.41508
4	54600000	54700000	0.42594
4	54700000	54800000	0.39342
4	54800000	54900000	0.39765
4	54900000	55000000	0.40203
4	55000000	55100000	0.39948
4	55100000	55200000	0.39342
4	55200000	55300000	0.39453
4	55300000	55400000	0.42225
4	55400000	55500000	0.37469
4	55500000	55600000	0.38881
4	55600000	55700000	0.38979
4	55700000	55800000	0.3877
4	55800000	55900000	0.37094
4	55900000	56000000	0.39264
4	56000000	56100000	0.4041
4	56100000	56200000	0.39965
4	56200000	56300000	0.40863
4	56300000	56400000	0.41013
4	56400000	56500000	0.38819
4	56500000	56600000	0.41086
4	56600000	56700000	0.43251
4	56700000	56800000	0.44119
4	56800000	56900000	0.45066
4	56900000	57000000	0.43528
4	57000000	57100000	0.4143
4	57100000	57200000	0.43238
4	57200000	57300000	0.40772
4	57300000	57400000	0.39658
4	57400000	57500000	0.39092
4	57500000	57600000	0.38558
4	57600000	57700000	0.38057
4	57700000	57800000	0.37571
4	57800000	57900000	0.35239
4	57900000	58000000	0.36774
4	58000000	58100000	0.35635
4	58100000	58200000	0.36028
4	58200000	58300000	0.36001
4	58300000	58400000	0.37071
4	58400000	58500000	0.36607
4	58500000	58600000	0.34134
4	58600000	58700000	0.35422
4	58700000	58800000	0.34035
4	58800000	58900000	0.3292551368776414
4	58900000	59000000	0.329233391419377
4	59000000	59100000	0.34271
4	59100000	59200000	0.35099
4	59200000	59300000	0.34894
4	59300000	59400000	0.34947
4	59400000	59500000	0.33636
4	59500000	59600000	0.36251
4	59600000	59700000	0.35002
4	59700000	59800000	0.34157
4	59800000	59900000	0.34188
4	59900000	60000000	0.35388
4	60000000	60100000	0.34965
4	60100000	60200000	0.33684
4	60200000	60300000	0.34297
4	60300000	60400000	0.34937
4	60400000	60500000	0.35461
4	60500000	60600000	0.3443
4	60600000	60700000	0.35686
4	60700000	60800000	0.35391
4	60800000	60900000	0.352
4	60900000	61000000	0.3476
4	61000000	61100000	0.36512
4	61100000	61200000	0.35595
4	61200000	61300000	0.35748
4	61300000	61400000	0.35067
4	61400000	61500000	0.3437
4	61500000	61600000	0.35102
4	61600000	61700000	0.34955
4	61700000	61800000	0.37156
4	61800000	61900000	0.36721
4	61900000	62000000	0.35352
4	62000000	62100000	0.33373
4	62100000	62200000	0.36507
4	62200000	62300000	0.35347
4	62300000	62400000	0.35956
4	62400000	62500000	0.36592
4	62500000	62600000	0.36322
4	62600000	62700000	0.33979
4	62700000	62800000	0.34081
4	62800000	62900000	0.35064
4	62900000	63000000	0.34132
4	63000000	63100000	0.35707
4	63100000	63200000	0.36104
4	63200000	63300000	0.33741
4	63300000	63400000	0.34514
4	63400000	63500000	0.33831
4	63500000	63600000	0.36129
4	63600000	63700000	0.33205
4	63700000	63800000	0.33135
4	63800000	63900000	0.33034
4	63900000	64000000	0.33966
4	64000000	64100000	0.35084
4	64100000	64200000	0.34641
4	64200000	64300000	0.34147
4	64300000	64400000	0.34276
4	64400000	64500000	0.34982
4	64500000	64600000	0.3374
4	64600000	64700000	0.35356
4	64700000	64800000	0.3565
4	64800000	64900000	0.34979
4	64900000	65000000	0.33787
4	65000000	65100000	0.36184
4	65100000	65200000	0.3479
4	65200000	65300000	0.34707
4	65300000	65400000	0.33909
4	65400000	65500000	0.33433
4	65500000	65600000	0.32987
4	65600000	65700000	0.33931
4	65700000	65800000	0.35833
4	65800000	65900000	0.35093
4	65900000	66000000	0.34069
4	66000000	66100000	0.34834
4	66100000	66200000	0.35007
4	66200000	66300000	0.34719
4	66300000	66400000	0.34277
4	66400000	66500000	0.34701
4	66500000	66600000	0.3465
4	66600000	66700000	0.34878
4	66700000	66800000	0.35839
4	66800000	66900000	0.36115
4	66900000	67000000	0.36004
4	67000000	67100000	0.3635
4	67100000	67200000	0.36728
4	67200000	67300000	0.38634
4	67300000	67400000	0.38991
4	67400000	67500000	0.37886
4	67500000	67600000	0.37042
4	67600000	67700000	0.35588
4	67700000	67800000	0.37601
4	67800000	67900000	0.3674
4	67900000	68000000	0.37233
4	68000000	68100000	0.36905
4	68100000	68200000	0.3678
4	68200000	68300000	0.36392
4	68300000	68400000	0.3775
4	68400000	68500000	0.37719
4	68500000	68600000	0.37698
4	68600000	68700000	0.37162
4	68700000	68800000	0.35671
4	68800000	68900000	0.3547
4	68900000	69000000	0.35534
4	69000000	69100000	0.35218
4	69100000	69200000	0.35068
4	69200000	69300000	0.35148
4	69300000	69400000	0.35823
4	69400000	69500000	0.34395
4	69500000	69600000	0.36338
4	69600000	69700000	0.35409
4	69700000	69800000	0.36612
4	69800000	69900000	0.35906
4	69900000	70000000	0.3451
4	70000000	70100000	0.34827
4	70100000	70200000	0.33564
4	70200000	70300000	0.34884
4	70300000	70400000	0.3623
4	70400000	70500000	0.38429
4	70500000	70600000	0.38192
4	70600000	70700000	0.38094
4	70700000	70800000	0.39857
4	70800000	70900000	0.42588
4	70900000	71000000	0.40397
4	71000000	71100000	0.39286
4	71100000	71200000	0.39427
4	71200000	71300000	0.38663
4	71300000	71400000	0.37933
4	71400000	71500000	0.36747
4	71500000	71600000	0.36
4	71600000	71700000	0.38337
4	71700000	71800000	0.37287
4	71800000	71900000	0.36452
4	71900000	72000000	0.35962
4	72000000	72100000	0.3622
4	72100000	72200000	0.37211
4	72200000	72300000	0.36688
4	72300000	72400000	0.35462
4	72400000	72500000	0.35026
4	72500000	72600000	0.37344
4	72600000	72700000	0.37392
4	72700000	72800000	0.3802
4	72800000	72900000	0.37824
4	72900000	73000000	0.38717
4	73000000	73100000	0.39377
4	73100000	73200000	0.35666
4	73200000	73300000	0.3792
4	73300000	73400000	0.3814
4	73400000	73500000	0.36044
4	73500000	73600000	0.37325
4	73600000	73700000	0.38154
4	73700000	73800000	0.37335
4	73800000	73900000	0.37508
4	73900000	74000000	0.38015
4	74000000	74100000	0.37267
4	74100000	74200000	0.36321
4	74200000	74300000	0.36472
4	74300000	74400000	0.36824
4	74400000	74500000	0.37181
4	74500000	74600000	0.36277
4	74600000	74700000	0.3697
4	74700000	74800000	0.38143
4	74800000	74900000	0.38371
4	74900000	75000000	0.39222
4	75000000	75100000	0.40702
4	75100000	75200000	0.38887
4	75200000	75300000	0.38759
4	75300000	75400000	0.40427
4	75400000	75500000	0.38027
4	75500000	75600000	0.39531
4	75600000	75700000	0.40571
4	75700000	75800000	0.39366
4	75800000	75900000	0.41829
4	75900000	76000000	0.42104
4	76000000	76100000	0.40127
4	76100000	76200000	0.39181
4	76200000	76300000	0.41407
4	76300000	76400000	0.39059
4	76400000	76500000	0.40584
4	76500000	76600000	0.41577
4	76600000	76700000	0.4119
4	76700000	76800000	0.41478
4	76800000	76900000	0.41759
4	76900000	77000000	0.41405
4	77000000	77100000	0.40396
4	77100000	77200000	0.41581
4	77200000	77300000	0.44017
4	77300000	77400000	0.4301
4	77400000	77500000	0.41892
4	77500000	77600000	0.40887
4	77600000	77700000	0.39728
4	77700000	77800000	0.36553
4	77800000	77900000	0.39621
4	77900000	78000000	0.3696
4	78000000	78100000	0.39098
4	78100000	78200000	0.39412
4	78200000	78300000	0.39698
4	78300000	78400000	0.40368
4	78400000	78500000	0.39498
4	78500000	78600000	0.40912
4	78600000	78700000	0.39821
4	78700000	78800000	0.39123
4	78800000	78900000	0.35303
4	78900000	79000000	0.37204
4	79000000	79100000	0.35561
4	79100000	79200000	0.37274
4	79200000	79300000	0.37793
4	79300000	79400000	0.36175
4	79400000	79500000	0.35145
4	79500000	79600000	0.36355
4	79600000	79700000	0.36186
4	79700000	79800000	0.35297
4	79800000	79900000	0.35102
4	79900000	80000000	0.3519
4	80000000	80100000	0.36288
4	80100000	80200000	0.38812
4	80200000	80300000	0.38039
4	80300000	80400000	0.37893
4	80400000	80500000	0.36944
4	80500000	80600000	0.34772
4	80600000	80700000	0.35656
4	80700000	80800000	0.35086
4	80800000	80900000	0.35131
4	80900000	81000000	0.35468
4	81000000	81100000	0.37862
4	81100000	81200000	0.36983
4	81200000	81300000	0.38206
4	81300000	81400000	0.3851
4	81400000	81500000	0.40123
4	81500000	81600000	0.38563
4	81600000	81700000	0.38502
4	81700000	81800000	0.38893
4	81800000	81900000	0.39912
4	81900000	82000000	0.38714
4	82000000	82100000	0.40252
4	82100000	82200000	0.38602
4	82200000	82300000	0.39084
4	82300000	82400000	0.41194
4	82400000	82500000	0.42846
4	82500000	82600000	0.41941
4	82600000	82700000	0.42484
4	82700000	82800000	0.45004
4	82800000	82900000	0.39145
4	82900000	83000000	0.38195
4	83000000	83100000	0.41525
4	83100000	83200000	0.43178
4	83200000	83300000	0.41207
4	83300000	83400000	0.42056
4	83400000	83500000	0.39403
4	83500000	83600000	0.41614
4	83600000	83700000	0.39802
4	83700000	83800000	0.37603
4	83800000	83900000	0.37111
4	83900000	84000000	0.37945
4	84000000	84100000	0.37456
4	84100000	84200000	0.37238
4	84200000	84300000	0.38652
4	84300000	84400000	0.38513
4	84400000	84500000	0.39269
4	84500000	84600000	0.40001
4	84600000	84700000	0.39281
4	84700000	84800000	0.36633
4	84800000	84900000	0.35933
4	84900000	85000000	0.37494
4	85000000	85100000	0.37675
4	85100000	85200000	0.37937
4	85200000	85300000	0.36481
4	85300000	85400000	0.37109
4	85400000	85500000	0.37962
4	85500000	85600000	0.36771
4	85600000	85700000	0.3651
4	85700000	85800000	0.36901
4	85800000	85900000	0.36679
4	85900000	86000000	0.36729
4	86000000	86100000	0.36629
4	86100000	86200000	0.36735
4	86200000	86300000	0.36542
4	86300000	86400000	0.37453
4	86400000	86500000	0.38947
4	86500000	86600000	0.38239
4	86600000	86700000	0.35634
4	86700000	86800000	0.36225
4	86800000	86900000	0.40944
4	86900000	87000000	0.43062
4	87000000	87100000	0.40628
4	87100000	87200000	0.38538
4	87200000	87300000	0.39921
4	87300000	87400000	0.4017
4	87400000	87500000	0.39528
4	87500000	87600000	0.39062
4	87600000	87700000	0.39145
4	87700000	87800000	0.38159
4	87800000	87900000	0.39025
4	87900000	88000000	0.39172
4	88000000	88100000	0.40207
4	88100000	88200000	0.41371
4	88200000	88300000	0.41841
4	88300000	88400000	0.40888
4	88400000	88500000	0.4044
4	88500000	88600000	0.40144
4	88600000	88700000	0.38642
4	88700000	88800000	0.38242
4	88800000	88900000	0.37825
4	88900000	89000000	0.38089
4	89000000	89100000	0.38232
4	89100000	89200000	0.39216
4	89200000	89300000	0.38753
4	89300000	89400000	0.37797
4	89400000	89500000	0.37515
4	89500000	89600000	0.37205
4	89600000	89700000	0.36515
4	89700000	89800000	0.36099
4	89800000	89900000	0.35948
4	89900000	90000000	0.35594
4	90000000	90100000	0.35945
4	90100000	90200000	0.35801
4	90200000	90300000	0.35664
4	90300000	90400000	0.34498
4	90400000	90500000	0.36919
4	90500000	90600000	0.34948
4	90600000	90700000	0.34562
4	90700000	90800000	0.3568
4	90800000	90900000	0.34776
4	90900000	91000000	0.33946
4	91000000	91100000	0.35821
4	91100000	91200000	0.36256
4	91200000	91300000	0.34358
4	91300000	91400000	0.34831
4	91400000	91500000	0.34853
4	91500000	91600000	0.34614
4	91600000	91700000	0.36522
4	91700000	91800000	0.35565
4	91800000	91900000	0.35133
4	91900000	92000000	0.34517
4	92000000	92100000	0.37961
4	92100000	92200000	0.35305
4	92200000	92300000	0.35809
4	92300000	92400000	0.34358
4	92400000	92500000	0.34421
4	92500000	92600000	0.34195
4	92600000	92700000	0.33423
4	92700000	92800000	0.34873
4	92800000	92900000	0.34217
4	92900000	93000000	0.3444
4	93000000	93100000	0.33723
4	93100000	93200000	0.35433
4	93200000	93300000	0.34112
4	93300000	93400000	0.35036
4	93400000	93500000	0.33985
4	93500000	93600000	0.36568
4	93600000	93700000	0.36449
4	93700000	93800000	0.36793
4	93800000	93900000	0.37995
4	93900000	94000000	0.3583
4	94000000	94100000	0.37227
4	94100000	94200000	0.39292
4	94200000	94300000	0.36715
4	94300000	94400000	0.38497
4	94400000	94500000	0.37096
4	94500000	94600000	0.36619
4	94600000	94700000	0.37891
4	94700000	94800000	0.38826
4	94800000	94900000	0.36841
4	94900000	95000000	0.36855
4	95000000	95100000	0.35557
4	95100000	95200000	0.39576
4	95200000	95300000	0.3858
4	95300000	95400000	0.3648
4	95400000	95500000	0.36156
4	95500000	95600000	0.36173
4	95600000	95700000	0.36552
4	95700000	95800000	0.37069
4	95800000	95900000	0.35127
4	95900000	96000000	0.37038
4	96000000	96100000	0.35265
4	96100000	96200000	0.35217
4	96200000	96300000	0.34644
4	96300000	96400000	0.34902
4	96400000	96500000	0.36208
4	96500000	96600000	0.35807
4	96600000	96700000	0.35193
4	96700000	96800000	0.34844
4	96800000	96900000	0.35068
4	96900000	97000000	0.36089
4	97000000	97100000	0.35084
4	97100000	97200000	0.35567
4	97200000	97300000	0.36171
4	97300000	97400000	0.37014
4	97400000	97500000	0.35602
4	97500000	97600000	0.35009
4	97600000	97700000	0.34582
4	97700000	97800000	0.3549
4	97800000	97900000	0.35425
4	97900000	98000000	0.37362
4	98000000	98100000	0.35962
4	98100000	98200000	0.37116
4	98200000	98300000	0.37452
4	98300000	98400000	0.35718
4	98400000	98500000	0.4045
4	98500000	98600000	0.41574
4	98600000	98700000	0.41423
4	98700000	98800000	0.39695
4	98800000	98900000	0.38551
4	98900000	99000000	0.4085
4	99000000	99100000	0.39121
4	99100000	99200000	0.39588
4	99200000	99300000	0.38022
4	99300000	99400000	0.37535
4	99400000	99500000	0.38447
4	99500000	99600000	0.36567
4	99600000	99700000	0.39323
4	99700000	99800000	0.39501
4	99800000	99900000	0.38869
4	99900000	100000000	0.37237
4	100000000	100100000	0.39732
4	100100000	100200000	0.38312
4	100200000	100300000	0.37399
4	100300000	100400000	0.37219
4	100400000	100500000	0.35106
4	100500000	100600000	0.36364
4	100600000	100700000	0.36276
4	100700000	100800000	0.35859
4	100800000	100900000	0.36908
4	100900000	101000000	0.37518
4	101000000	101100000	0.35924
4	101100000	101200000	0.3621
4	101200000	101300000	0.35071
4	101300000	101400000	0.37076
4	101400000	101500000	0.3728
4	101500000	101600000	0.36881
4	101600000	101700000	0.38302
4	101700000	101800000	0.36253
4	101800000	101900000	0.34787
4	101900000	102000000	0.35305
4	102000000	102100000	0.36039
4	102100000	102200000	0.37696
4	102200000	102300000	0.39436
4	102300000	102400000	0.38574
4	102400000	102500000	0.37841
4	102500000	102600000	0.37449
4	102600000	102700000	0.3915
4	102700000	102800000	0.39767
4	102800000	102900000	0.38716
4	102900000	103000000	0.36904
4	103000000	103100000	0.38101
4	103100000	103200000	0.35241
4	103200000	103300000	0.38496
4	103300000	103400000	0.37122
4	103400000	103500000	0.3752
4	103500000	103600000	0.36555
4	103600000	103700000	0.3521
4	103700000	103800000	0.36052
4	103800000	103900000	0.353
4	103900000	104000000	0.36357
4	104000000	104100000	0.34835
4	104100000	104200000	0.34461
4	104200000	104300000	0.34099
4	104300000	104400000	0.35312
4	104400000	104500000	0.35235
4	104500000	104600000	0.36522
4	104600000	104700000	0.36333
4	104700000	104800000	0.36415
4	104800000	104900000	0.35948
4	104900000	105000000	0.37044
4	105000000	105100000	0.37491
4	105100000	105200000	0.37103
4	105200000	105300000	0.3662
4	105300000	105400000	0.3745
4	105400000	105500000	0.37629
4	105500000	105600000	0.36829
4	105600000	105700000	0.36094
4	105700000	105800000	0.36153
4	105800000	105900000	0.3749
4	105900000	106000000	0.37473
4	106000000	106100000	0.38466
4	106100000	106200000	0.36101
4	106200000	106300000	0.34398
4	106300000	106400000	0.36051
4	106400000	106500000	0.37396
4	106500000	106600000	0.37236
4	106600000	106700000	0.36972
4	106700000	106800000	0.34697
4	106800000	106900000	0.35324
4	106900000	107000000	0.36811
4	107000000	107100000	0.36288
4	107100000	107200000	0.35043
4	107200000	107300000	0.36752
4	107300000	107400000	0.36973
4	107400000	107500000	0.37923
4	107500000	107600000	0.36781
4	107600000	107700000	0.38311
4	107700000	107800000	0.39689
4	107800000	107900000	0.38832
4	107900000	108000000	0.39397
4	108000000	108100000	0.41791
4	108100000	108200000	0.40384
4	108200000	108300000	0.3921
4	108300000	108400000	0.4088
4	108400000	108500000	0.40412
4	108500000	108600000	0.39758
4	108600000	108700000	0.39453
4	108700000	108800000	0.41616
4	108800000	108900000	0.37187
4	108900000	109000000	0.37045
4	109000000	109100000	0.37882
4	109100000	109200000	0.36436
4	109200000	109300000	0.36137
4	109300000	109400000	0.4077
4	109400000	109500000	0.39042
4	109500000	109600000	0.40279
4	109600000	109700000	0.40683
4	109700000	109800000	0.39574
4	109800000	109900000	0.38648
4	109900000	110000000	0.38926
4	110000000	110100000	0.39785
4	110100000	110200000	0.39888
4	110200000	110300000	0.42531
4	110300000	110400000	0.39253
4	110400000	110500000	0.39517
4	110500000	110600000	0.37451
4	110600000	110700000	0.41732
4	110700000	110800000	0.3666
4	110800000	110900000	0.36333
4	110900000	111000000	0.34467
4	111000000	111100000	0.36665
4	111100000	111200000	0.36649
4	111200000	111300000	0.34874
4	111300000	111400000	0.35678
4	111400000	111500000	0.35498
4	111500000	111600000	0.34641
4	111600000	111700000	0.35754
4	111700000	111800000	0.34696
4	111800000	111900000	0.36045
4	111900000	112000000	0.36837
4	112000000	112100000	0.37586
4	112100000	112200000	0.38053
4	112200000	112300000	0.38653
4	112300000	112400000	0.40094
4	112400000	112500000	0.40202
4	112500000	112600000	0.3955
4	112600000	112700000	0.40092
4	112700000	112800000	0.42127
4	112800000	112900000	0.39506
4	112900000	113000000	0.37101
4	113000000	113100000	0.36698
4	113100000	113200000	0.36113
4	113200000	113300000	0.36725
4	113300000	113400000	0.37312
4	113400000	113500000	0.38211
4	113500000	113600000	0.35716
4	113600000	113700000	0.3631
4	113700000	113800000	0.36234
4	113800000	113900000	0.36247
4	113900000	114000000	0.36886
4	114000000	114100000	0.36728
4	114100000	114200000	0.36514
4	114200000	114300000	0.35984
4	114300000	114400000	0.3578
4	114400000	114500000	0.36602
4	114500000	114600000	0.3731
4	114600000	114700000	0.35409
4	114700000	114800000	0.3632
4	114800000	114900000	0.34868
4	114900000	115000000	0.3422
4	115000000	115100000	0.34671
4	115100000	115200000	0.34451
4	115200000	115300000	0.33368
4	115300000	115400000	0.34446
4	115400000	115500000	0.35119
4	115500000	115600000	0.33543
4	115600000	115700000	0.33689
4	115700000	115800000	0.33007
4	115800000	115900000	0.34511
4	115900000	116000000	0.35532
4	116000000	116100000	0.34119
4	116100000	116200000	0.33747
4	116200000	116300000	0.35264
4	116300000	116400000	0.34086
4	116400000	116500000	0.34313
4	116500000	116600000	0.35253
4	116600000	116700000	0.33932
4	116700000	116800000	0.34946
4	116800000	116900000	0.33557
4	116900000	117000000	0.34053
4	117000000	117100000	0.34046
4	117100000	117200000	0.35561
4	117200000	117300000	0.34152
4	117300000	117400000	0.33267
4	117400000	117500000	0.34836
4	117500000	117600000	0.34312
4	117600000	117700000	0.35876
4	117700000	117800000	0.34922
4	117800000	117900000	0.36124
4	117900000	118000000	0.37598
4	118000000	118100000	0.36064
4	118100000	118200000	0.36472
4	118200000	118300000	0.36824
4	118300000	118400000	0.37629
4	118400000	118500000	0.39838
4	118500000	118600000	0.3944
4	118600000	118700000	0.4148
4	118700000	118800000	0.3791
4	118800000	118900000	0.39175
4	118900000	119000000	0.38703
4	119000000	119100000	0.38598
4	119100000	119200000	0.37234
4	119200000	119300000	0.36437
4	119300000	119400000	0.38317
4	119400000	119500000	0.42572
4	119500000	119600000	0.36066
4	119600000	119700000	0.37266
4	119700000	119800000	0.37058
4	119800000	119900000	0.35713
4	119900000	120000000	0.36945
4	120000000	120100000	0.36767
4	120100000	120200000	0.36635
4	120200000	120300000	0.3632
4	120300000	120400000	0.35599
4	120400000	120500000	0.35677
4	120500000	120600000	0.36557
4	120600000	120700000	0.36234
4	120700000	120800000	0.37091
4	120800000	120900000	0.37943
4	120900000	121000000	0.38152
4	121000000	121100000	0.37941
4	121100000	121200000	0.37239
4	121200000	121300000	0.38902
4	121300000	121400000	0.37771
4	121400000	121500000	0.37127
4	121500000	121600000	0.38294
4	121600000	121700000	0.38371
4	121700000	121800000	0.40123
4	121800000	121900000	0.36298
4	121900000	122000000	0.39196
4	122000000	122100000	0.37901
4	122100000	122200000	0.3721
4	122200000	122300000	0.34774
4	122300000	122400000	0.35744
4	122400000	122500000	0.36588
4	122500000	122600000	0.39068
4	122600000	122700000	0.39781
4	122700000	122800000	0.38495
4	122800000	122900000	0.39595
4	122900000	123000000	0.38455
4	123000000	123100000	0.37376
4	123100000	123200000	0.36349
4	123200000	123300000	0.37189
4	123300000	123400000	0.40785
4	123400000	123500000	0.39743
4	123500000	123600000	0.39988
4	123600000	123700000	0.38445
4	123700000	123800000	0.37649
4	123800000	123900000	0.36548
4	123900000	124000000	0.36263
4	124000000	124100000	0.35938
4	124100000	124200000	0.35932
4	124200000	124300000	0.35706
4	124300000	124400000	0.36214
4	124400000	124500000	0.3698
4	124500000	124600000	0.35641
4	124600000	124700000	0.35495
4	124700000	124800000	0.35663
4	124800000	124900000	0.36124
4	124900000	125000000	0.35702
4	125000000	125100000	0.35248
4	125100000	125200000	0.35349
4	125200000	125300000	0.35822
4	125300000	125400000	0.34801
4	125400000	125500000	0.34406
4	125500000	125600000	0.36003
4	125600000	125700000	0.36722
4	125700000	125800000	0.36075
4	125800000	125900000	0.34434
4	125900000	126000000	0.34325
4	126000000	126100000	0.3506
4	126100000	126200000	0.35872
4	126200000	126300000	0.34225
4	126300000	126400000	0.33859
4	126400000	126500000	0.35814
4	126500000	126600000	0.34833
4	126600000	126700000	0.35643
4	126700000	126800000	0.35161
4	126800000	126900000	0.35461
4	126900000	127000000	0.36036
4	127000000	127100000	0.37533
4	127100000	127200000	0.36699
4	127200000	127300000	0.36999
4	127300000	127400000	0.3705
4	127400000	127500000	0.37478
4	127500000	127600000	0.3909
4	127600000	127700000	0.37218
4	127700000	127800000	0.37166
4	127800000	127900000	0.36959
4	127900000	128000000	0.3934
4	128000000	128100000	0.42714
4	128100000	128200000	0.3755
4	128200000	128300000	0.39059
4	128300000	128400000	0.40762
4	128400000	128500000	0.40154
4	128500000	128600000	0.41356
4	128600000	128700000	0.41543
4	128700000	128800000	0.41941
4	128800000	128900000	0.42256
4	128900000	129000000	0.34767
4	129000000	129100000	0.37035
4	129100000	129200000	0.36731
4	129200000	129300000	0.36768
4	129300000	129400000	0.38868
4	129400000	129500000	0.3679
4	129500000	129600000	0.35637
4	129600000	129700000	0.35302
4	129700000	129800000	0.35541
4	129800000	129900000	0.36134
4	129900000	130000000	0.34894
4	130000000	130100000	0.36899
4	130100000	130200000	0.34538
4	130200000	130300000	0.34027
4	130300000	130400000	0.35338
4	130400000	130500000	0.34825
4	130500000	130600000	0.34962
4	130600000	130700000	0.34411
4	130700000	130800000	0.35928
4	130800000	130900000	0.34368
4	130900000	131000000	0.32934
4	131000000	131100000	0.34295
4	131100000	131200000	0.34331
4	131200000	131300000	0.33231
4	131300000	131400000	0.35123
4	131400000	131500000	0.35634
4	131500000	131600000	0.33774
4	131600000	131700000	0.35554
4	131700000	131800000	0.46047
4	131800000	131900000	0.34357
4	131900000	132000000	0.34094
4	132000000	132100000	0.34159
4	132100000	132200000	0.35421
4	132200000	132300000	0.33901
4	132300000	132400000	0.35169
4	132400000	132500000	0.34079
4	132500000	132600000	0.34094
4	132600000	132700000	0.34602
4	132700000	132800000	0.3323
4	132800000	132900000	0.3494
4	132900000	133000000	0.35163
4	133000000	133100000	0.3425
4	133100000	133200000	0.33892
4	133200000	133300000	0.35328
4	133300000	133400000	0.34141
4	133400000	133500000	0.34212
4	133500000	133600000	0.35844
4	133600000	133700000	0.35062
4	133700000	133800000	0.34065
4	133800000	133900000	0.33474
4	133900000	134000000	0.3601
4	134000000	134100000	0.35232
4	134100000	134200000	0.33125
4	134200000	134300000	0.34333
4	134300000	134400000	0.34843
4	134400000	134500000	0.34419
4	134500000	134600000	0.33998
4	134600000	134700000	0.34769
4	134700000	134800000	0.35418
4	134800000	134900000	0.33513
4	134900000	135000000	0.35143
4	135000000	135100000	0.34652
4	135100000	135200000	0.35282
4	135200000	135300000	0.33005
4	135300000	135400000	0.34494
4	135400000	135500000	0.3532
4	135500000	135600000	0.33886
4	135600000	135700000	0.34316
4	135700000	135800000	0.33926
4	135800000	135900000	0.33915
4	135900000	136000000	0.33566
4	136000000	136100000	0.32891
4	136100000	136200000	0.33308
4	136200000	136300000	0.35154
4	136300000	136400000	0.35409
4	136400000	136500000	0.34331
4	136500000	136600000	0.34369
4	136600000	136700000	0.35951
4	136700000	136800000	0.34859
4	136800000	136900000	0.36145
4	136900000	137000000	0.3624
4	137000000	137100000	0.34084
4	137100000	137200000	0.34017
4	137200000	137300000	0.33728
4	137300000	137400000	0.3482
4	137400000	137500000	0.37938
4	137500000	137600000	0.35491
4	137600000	137700000	0.36143
4	137700000	137800000	0.35426
4	137800000	137900000	0.34631
4	137900000	138000000	0.35294
4	138000000	138100000	0.37728
4	138100000	138200000	0.36695
4	138200000	138300000	0.34926
4	138300000	138400000	0.3771
4	138400000	138500000	0.37774
4	138500000	138600000	0.38125
4	138600000	138700000	0.40507
4	138700000	138800000	0.39632
4	138800000	138900000	0.41967
4	138900000	139000000	0.42409
4	139000000	139100000	0.41607
4	139100000	139200000	0.40975
4	139200000	139300000	0.41615
4	139300000	139400000	0.3877
4	139400000	139500000	0.41324
4	139500000	139600000	0.42788
4	139600000	139700000	0.43281
4	139700000	139800000	0.43245
4	139800000	139900000	0.41767
4	139900000	140000000	0.40688
4	140000000	140100000	0.40553
4	140100000	140200000	0.40892
4	140200000	140300000	0.42765
4	140300000	140400000	0.38755
4	140400000	140500000	0.36929
4	140500000	140600000	0.38677
4	140600000	140700000	0.41859
4	140700000	140800000	0.40836
4	140800000	140900000	0.39924
4	140900000	141000000	0.38571
4	141000000	141100000	0.37299
4	141100000	141200000	0.39551
4	141200000	141300000	0.37428
4	141300000	141400000	0.39245
4	141400000	141500000	0.36709
4	141500000	141600000	0.36191
4	141600000	141700000	0.37259
4	141700000	141800000	0.36445
4	141800000	141900000	0.37202
4	141900000	142000000	0.37215
4	142000000	142100000	0.36187
4	142100000	142200000	0.35892
4	142200000	142300000	0.36466
4	142300000	142400000	0.36586
4	142400000	142500000	0.36777
4	142500000	142600000	0.36383
4	142600000	142700000	0.36451
4	142700000	142800000	0.36141
4	142800000	142900000	0.38006
4	142900000	143000000	0.37333
4	143000000	143100000	0.37349
4	143100000	143200000	0.38093
4	143200000	143300000	0.38165
4	143300000	143400000	0.41323
4	143400000	143500000	0.37441
4	143500000	143600000	0.38116
4	143600000	143700000	0.38776
4	143700000	143800000	0.37379
4	143800000	143900000	0.37778
4	143900000	144000000	0.38148
4	144000000	144100000	0.37891
4	144100000	144200000	0.37436
4	144200000	144300000	0.35842
4	144300000	144400000	0.37685
4	144400000	144500000	0.36143
4	144500000	144600000	0.38615
4	144600000	144700000	0.37177
4	144700000	144800000	0.37278
4	144800000	144900000	0.37537
4	144900000	145000000	0.37308
4	145000000	145100000	0.37682
4	145100000	145200000	0.38073
4	145200000	145300000	0.39931
4	145300000	145400000	0.38931
4	145400000	145500000	0.3916
4	145500000	145600000	0.38784
4	145600000	145700000	0.39502
4	145700000	145800000	0.41761
4	145800000	145900000	0.41158
4	145900000	146000000	0.39988
4	146000000	146100000	0.39173
4	146100000	146200000	0.39733
4	146200000	146300000	0.41219
4	146300000	146400000	0.37299
4	146400000	146500000	0.35758
4	146500000	146600000	0.39616
4	146600000	146700000	0.39146
4	146700000	146800000	0.36564
4	146800000	146900000	0.37111
4	146900000	147000000	0.36708
4	147000000	147100000	0.38079
4	147100000	147200000	0.38508
4	147200000	147300000	0.36501
4	147300000	147400000	0.37897
4	147400000	147500000	0.38519
4	147500000	147600000	0.4016
4	147600000	147700000	0.39738
4	147700000	147800000	0.41887
4	147800000	147900000	0.40931
4	147900000	148000000	0.39804
4	148000000	148100000	0.42619
4	148100000	148200000	0.39605
4	148200000	148300000	0.37946
4	148300000	148400000	0.3695
4	148400000	148500000	0.37602
4	148500000	148600000	0.38257
4	148600000	148700000	0.36676
4	148700000	148800000	0.37756
4	148800000	148900000	0.3783
4	148900000	149000000	0.37573
4	149000000	149100000	0.38098
4	149100000	149200000	0.3754
4	149200000	149300000	0.36109
4	149300000	149400000	0.35853
4	149400000	149500000	0.35256
4	149500000	149600000	0.35575
4	149600000	149700000	0.35485
4	149700000	149800000	0.36324
4	149800000	149900000	0.36341
4	149900000	150000000	0.37304
4	150000000	150100000	0.39584
4	150100000	150200000	0.3948
4	150200000	150300000	0.4156
4	150300000	150400000	0.35876
4	150400000	150500000	0.34012
4	150500000	150600000	0.35907
4	150600000	150700000	0.36147
4	150700000	150800000	0.35686
4	150800000	150900000	0.35865
4	150900000	151000000	0.37822
4	151000000	151100000	0.44173
4	151100000	151200000	0.40682
4	151200000	151300000	0.40612
4	151300000	151400000	0.41024
4	151400000	151500000	0.38857
4	151500000	151600000	0.3944
4	151600000	151700000	0.42772
4	151700000	151800000	0.41405
4	151800000	151900000	0.42983
4	151900000	152000000	0.4209
4	152000000	152100000	0.43354
4	152100000	152200000	0.4304
4	152200000	152300000	0.42217
4	152300000	152400000	0.34829
4	152400000	152500000	0.36156
4	152500000	152600000	0.39849
4	152600000	152700000	0.42562
4	152700000	152800000	0.41148
4	152800000	152900000	0.37547
4	152900000	153000000	0.43326
4	153000000	153100000	0.43609
4	153100000	153200000	0.43925
4	153200000	153300000	0.4257
4	153300000	153400000	0.38989
4	153400000	153500000	0.43288
4	153500000	153600000	0.40836
4	153600000	153700000	0.41384
4	153700000	153800000	0.41079
4	153800000	153900000	0.4017
4	153900000	154000000	0.39229
4	154000000	154100000	0.40827
4	154100000	154200000	0.39382
4	154200000	154300000	0.36879
4	154300000	154400000	0.37291
4	154400000	154500000	0.39641
4	154500000	154600000	0.37642
4	154600000	154700000	0.37969
4	154700000	154800000	0.3831
4	154800000	154900000	0.37128
4	154900000	155000000	0.39076
4	155000000	155100000	0.38374
4	155100000	155200000	0.36223
4	155200000	155300000	0.35782
4	155300000	155400000	0.38004
4	155400000	155500000	0.37608
4	155500000	155600000	0.37107
4	155600000	155700000	0.37359
4	155700000	155800000	0.37143
4	155800000	155900000	0.36765
4	155900000	156000000	0.37206
4	156000000	156100000	0.35595
4	156100000	156200000	0.36267
4	156200000	156300000	0.36194
4	156300000	156400000	0.34816
4	156400000	156500000	0.35898
4	156500000	156600000	0.35456
4	156600000	156700000	0.36538
4	156700000	156800000	0.36498
4	156800000	156900000	0.35334
4	156900000	157000000	0.37582
4	157000000	157100000	0.36282
4	157100000	157200000	0.35246
4	157200000	157300000	0.35179
4	157300000	157400000	0.33897
4	157400000	157500000	0.35221
4	157500000	157600000	0.36538
4	157600000	157700000	0.3514
4	157700000	157800000	0.35854
4	157800000	157900000	0.35791
4	157900000	158000000	0.3576
4	158000000	158100000	0.36641
4	158100000	158200000	0.36931
4	158200000	158300000	0.37425
4	158300000	158400000	0.37957
4	158400000	158500000	0.37515
4	158500000	158600000	0.38254
4	158600000	158700000	0.38493
4	158700000	158800000	0.40354
4	158800000	158900000	0.40775
4	158900000	159000000	0.4038
4	159000000	159100000	0.40313
4	159100000	159200000	0.37851
4	159200000	159300000	0.36459
4	159300000	159400000	0.38524
4	159400000	159500000	0.41474
4	159500000	159600000	0.3949
4	159600000	159700000	0.37547
4	159700000	159800000	0.36771
4	159800000	159900000	0.36893
4	159900000	160000000	0.37061
4	160000000	160100000	0.37022
4	160100000	160200000	0.36104
4	160200000	160300000	0.36262
4	160300000	160400000	0.34767
4	160400000	160500000	0.35761
4	160500000	160600000	0.34885
4	160600000	160700000	0.34855
4	160700000	160800000	0.35177
4	160800000	160900000	0.33616
4	160900000	161000000	0.32785
4	161000000	161100000	0.34393
4	161100000	161200000	0.34777
4	161200000	161300000	0.35559
4	161300000	161400000	0.35412
4	161400000	161500000	0.34305
4	161500000	161600000	0.33766
4	161600000	161700000	0.34151
4	161700000	161800000	0.33812
4	161800000	161900000	0.34348
4	161900000	162000000	0.33112
4	162000000	162100000	0.33066
4	162100000	162200000	0.33942
4	162200000	162300000	0.34959
4	162300000	162400000	0.34366
4	162400000	162500000	0.35244
4	162500000	162600000	0.34954
4	162600000	162700000	0.35785
4	162700000	162800000	0.36479
4	162800000	162900000	0.3646
4	162900000	163000000	0.36638
4	163000000	163100000	0.38251
4	163100000	163200000	0.38192
4	163200000	163300000	0.37739
4	163300000	163400000	0.37277
4	163400000	163500000	0.37455
4	163500000	163600000	0.36753
4	163600000	163700000	0.36763
4	163700000	163800000	0.35596
4	163800000	163900000	0.35086
4	163900000	164000000	0.353
4	164000000	164100000	0.35258
4	164100000	164200000	0.35416
4	164200000	164300000	0.34844
4	164300000	164400000	0.35511
4	164400000	164500000	0.36318
4	164500000	164600000	0.38334
4	164600000	164700000	0.38255
4	164700000	164800000	0.38919
4	164800000	164900000	0.38856
4	164900000	165000000	0.42508
4	165000000	165100000	0.44271
4	165100000	165200000	0.40894
4	165200000	165300000	0.38991
4	165300000	165400000	0.38039
4	165400000	165500000	0.38551
4	165500000	165600000	0.39201
4	165600000	165700000	0.37132
4	165700000	165800000	0.36771
4	165800000	165900000	0.3656
4	165900000	166000000	0.36418
4	166000000	166100000	0.34185
4	166100000	166200000	0.35678
4	166200000	166300000	0.35156
4	166300000	166400000	0.3515
4	166400000	166500000	0.34416
4	166500000	166600000	0.36314
4	166600000	166700000	0.33907
4	166700000	166800000	0.36028
4	166800000	166900000	0.34847
4	166900000	167000000	0.35188
4	167000000	167100000	0.34244
4	167100000	167200000	0.35179
4	167200000	167300000	0.35133
4	167300000	167400000	0.35042
4	167400000	167500000	0.36318
4	167500000	167600000	0.35394
4	167600000	167700000	0.35648
4	167700000	167800000	0.34647
4	167800000	167900000	0.36285
4	167900000	168000000	0.37082
4	168000000	168100000	0.35405
4	168100000	168200000	0.36615
4	168200000	168300000	0.36578
4	168300000	168400000	0.38321
4	168400000	168500000	0.37758
4	168500000	168600000	0.38446
4	168600000	168700000	0.40582
4	168700000	168800000	0.40209
4	168800000	168900000	0.41104
4	168900000	169000000	0.38535
4	169000000	169100000	0.43342
4	169100000	169200000	0.39199
4	169200000	169300000	0.39686
4	169300000	169400000	0.40437
4	169400000	169500000	0.37609
4	169500000	169600000	0.36732
4	169600000	169700000	0.37129
4	169700000	169800000	0.39738
4	169800000	169900000	0.4116
4	169900000	170000000	0.41865
4	170000000	170100000	0.42074
4	170100000	170200000	0.39774
4	170200000	170300000	0.37798
4	170300000	170400000	0.37821
4	170400000	170500000	0.36623
4	170500000	170600000	0.36487
4	170600000	170700000	0.36905
4	170700000	170800000	0.35398
4	170800000	170900000	0.33466
4	170900000	171000000	0.34879
4	171000000	171100000	0.34527
4	171100000	171200000	0.34467
4	171200000	171300000	0.3441
4	171300000	171400000	0.35027
4	171400000	171500000	0.33707
4	171500000	171600000	0.36107
4	171600000	171700000	0.36149
4	171700000	171800000	0.36177
4	171800000	171900000	0.35116
4	171900000	172000000	0.35706
4	172000000	172100000	0.35058
4	172100000	172200000	0.35609
4	172200000	172300000	0.34603
4	172300000	172400000	0.36404
4	172400000	172500000	0.35821
4	172500000	172600000	0.36402
4	172600000	172700000	0.36293
4	172700000	172800000	0.36578
4	172800000	172900000	0.38927
4	172900000	173000000	0.39616
4	173000000	173100000	0.4012
4	173100000	173200000	0.39539
4	173200000	173300000	0.3833
4	173300000	173400000	0.38363
4	173400000	173500000	0.39566
4	173500000	173600000	0.4348
4	173600000	173700000	0.38001
4	173700000	173800000	0.38146
4	173800000	173900000	0.36321
4	173900000	174000000	0.36593
4	174000000	174100000	0.36447
4	174100000	174200000	0.36248
4	174200000	174300000	0.35862
4	174300000	174400000	0.36347
4	174400000	174500000	0.37703
4	174500000	174600000	0.37152
4	174600000	174700000	0.35825
4	174700000	174800000	0.3527
4	174800000	174900000	0.35644
4	174900000	175000000	0.36523
4	175000000	175100000	0.36457
4	175100000	175200000	0.34562
4	175200000	175300000	0.35262
4	175300000	175400000	0.36532
4	175400000	175500000	0.38244
4	175500000	175600000	0.35497
4	175600000	175700000	0.3552
4	175700000	175800000	0.35742
4	175800000	175900000	0.35461
4	175900000	176000000	0.35826
4	176000000	176100000	0.36811
4	176100000	176200000	0.34978
4	176200000	176300000	0.38646
4	176300000	176400000	0.38109
4	176400000	176500000	0.36322
4	176500000	176600000	0.36747
4	176600000	176700000	0.38697
4	176700000	176800000	0.3557
4	176800000	176900000	0.35556
4	176900000	177000000	0.3596
4	177000000	177100000	0.36849
4	177100000	177200000	0.3659
4	177200000	177300000	0.38177
4	177300000	177400000	0.3821
4	177400000	177500000	0.39406
4	177500000	177600000	0.38506
4	177600000	177700000	0.36694
4	177700000	177800000	0.3663
4	177800000	177900000	0.36944
4	177900000	178000000	0.33852
4	178000000	178100000	0.34592
4	178100000	178200000	0.34831
4	178200000	178300000	0.36894
4	178300000	178400000	0.33645
4	178400000	178500000	0.35336
4	178500000	178600000	0.34727
4	178600000	178700000	0.35082
4	178700000	178800000	0.3426
4	178800000	178900000	0.35636
4	178900000	179000000	0.35996
4	179000000	179100000	0.34696
4	179100000	179200000	0.34399
4	179200000	179300000	0.35875
4	179300000	179400000	0.35826
4	179400000	179500000	0.36567
4	179500000	179600000	0.35723
4	179600000	179700000	0.36552
4	179700000	179800000	0.36299
4	179800000	179900000	0.35691
4	179900000	180000000	0.34866
4	180000000	180100000	0.35029
4	180100000	180200000	0.34573
4	180200000	180300000	0.36299
4	180300000	180400000	0.3496
4	180400000	180500000	0.36507
4	180500000	180600000	0.37376
4	180600000	180700000	0.3698
4	180700000	180800000	0.3643
4	180800000	180900000	0.37416
4	180900000	181000000	0.37043
4	181000000	181100000	0.36084
4	181100000	181200000	0.38478
4	181200000	181300000	0.38371
4	181300000	181400000	0.36283
4	181400000	181500000	0.3731
4	181500000	181600000	0.39425
4	181600000	181700000	0.3942
4	181700000	181800000	0.37933
4	181800000	181900000	0.3783
4	181900000	182000000	0.39042
4	182000000	182100000	0.39696
4	182100000	182200000	0.3865
4	182200000	182300000	0.41495
4	182300000	182400000	0.39458
4	182400000	182500000	0.37502
4	182500000	182600000	0.37524
4	182600000	182700000	0.37667
4	182700000	182800000	0.40371
4	182800000	182900000	0.49006
4	182900000	183000000	0.42004
4	183000000	183100000	0.43019
4	183100000	183200000	0.39307
4	183200000	183300000	0.38956
4	183300000	183400000	0.45297
4	183400000	183500000	0.4452
4	183500000	183600000	0.4321
4	183600000	183700000	0.40975
4	183700000	183800000	0.44609
4	183800000	183900000	0.433
4	183900000	184000000	0.42098
4	184000000	184100000	0.42771
4	184100000	184200000	0.44149
4	184200000	184300000	0.43496
4	184300000	184400000	0.43716
4	184400000	184500000	0.44533
4	184500000	184600000	0.42594
4	184600000	184700000	0.41904
4	184700000	184800000	0.43309
4	184800000	184900000	0.44772
4	184900000	185000000	0.45414
4	185000000	185100000	0.42986
4	185100000	185200000	0.42236
4	185200000	185300000	0.42107
4	185300000	185400000	0.412
4	185400000	185500000	0.39025
4	185500000	185600000	0.41285
4	185600000	185700000	0.39207
4	185700000	185800000	0.41423
4	185800000	185900000	0.40517
4	185900000	186000000	0.40375
4	186000000	186100000	0.43227
4	186100000	186200000	0.43268
4	186200000	186300000	0.41357
4	186300000	186400000	0.40561
4	186400000	186500000	0.43156
4	186500000	186600000	0.42773
4	186600000	186700000	0.40613
4	186700000	186800000	0.42388
4	186800000	186900000	0.39055
4	186900000	187000000	0.42319
4	187000000	187100000	0.39585
4	187100000	187200000	0.39676
4	187200000	187300000	0.37551
4	187300000	187400000	0.3849
4	187400000	187500000	0.398
4	187500000	187600000	0.38311
4	187600000	187700000	0.38765
4	187700000	187800000	0.38544
4	187800000	187900000	0.37741
4	187900000	188000000	0.41365
4	188000000	188100000	0.42489
4	188100000	188200000	0.45316
4	188200000	188300000	0.41947
4	188300000	188400000	0.4092
4	188400000	188500000	0.40092
4	188500000	188600000	0.38662
4	188600000	188700000	0.38503
4	188700000	188800000	0.38079
4	188800000	188900000	0.36303
4	188900000	189000000	0.38245
4	189000000	189100000	0.39068
4	189100000	189200000	0.39175
4	189200000	189300000	0.39171
4	189300000	189400000	0.39259
4	189400000	189500000	0.41602
4	189500000	189600000	0.40514
4	189600000	189700000	0.43129
4	189700000	189800000	0.41272
4	189800000	189900000	0.4222
4	189900000	190000000	0.39893
4	190000000	190100000	0.52347
4	190100000	190200000	0.43976
4	190200000	190214555	0.4805708013172338
5	0	100000	0.46492222222222224
5	100000	200000	0.50415
5	200000	300000	0.4905
5	300000	400000	0.52601
5	400000	500000	0.55139
5	500000	600000	0.55459
5	600000	700000	0.56656
5	700000	800000	0.50402
5	800000	900000	0.51411
5	900000	1000000	0.49797
5	1000000	1100000	0.60363
5	1100000	1200000	0.57586
5	1200000	1300000	0.58796
5	1300000	1400000	0.51901
5	1400000	1500000	0.54367
5	1500000	1600000	0.50989
5	1600000	1700000	0.50113
5	1700000	1800000	0.51065
5	1800000	1900000	0.54181
5	1900000	2000000	0.47117
5	2000000	2100000	0.45112
5	2100000	2200000	0.48632
5	2200000	2300000	0.45946
5	2300000	2400000	0.45608
5	2400000	2500000	0.43753
5	2500000	2600000	0.45601
5	2600000	2700000	0.45457
5	2700000	2800000	0.45656
5	2800000	2900000	0.445
5	2900000	3000000	0.41231
5	3000000	3100000	0.45071
5	3100000	3200000	0.43732
5	3200000	3300000	0.46105
5	3300000	3400000	0.47389
5	3400000	3500000	0.41165
5	3500000	3600000	0.44714
5	3600000	3700000	0.46451
5	3700000	3800000	0.43124
5	3800000	3900000	0.42233
5	3900000	4000000	0.40511
5	4000000	4100000	0.42008
5	4100000	4200000	0.40518
5	4200000	4300000	0.41822
5	4300000	4400000	0.38789
5	4400000	4500000	0.38531
5	4500000	4600000	0.39957
5	4600000	4700000	0.39656
5	4700000	4800000	0.37382
5	4800000	4900000	0.39942
5	4900000	5000000	0.41278
5	5000000	5100000	0.40596
5	5100000	5200000	0.41278
5	5200000	5300000	0.41658
5	5300000	5400000	0.46097
5	5400000	5500000	0.40438
5	5500000	5600000	0.43981
5	5600000	5700000	0.4182
5	5700000	5800000	0.41485
5	5800000	5900000	0.41059
5	5900000	6000000	0.41088
5	6000000	6100000	0.41744
5	6100000	6200000	0.42924
5	6200000	6300000	0.42774
5	6300000	6400000	0.46359
5	6400000	6500000	0.45952
5	6500000	6600000	0.46575
5	6600000	6700000	0.42902
5	6700000	6800000	0.48217
5	6800000	6900000	0.43293
5	6900000	7000000	0.40075
5	7000000	7100000	0.40473
5	7100000	7200000	0.3924
5	7200000	7300000	0.40342
5	7300000	7400000	0.41586
5	7400000	7500000	0.39823
5	7500000	7600000	0.39811
5	7600000	7700000	0.41414
5	7700000	7800000	0.4116
5	7800000	7900000	0.42571
5	7900000	8000000	0.39319
5	8000000	8100000	0.39609
5	8100000	8200000	0.37614
5	8200000	8300000	0.39846
5	8300000	8400000	0.38944
5	8400000	8500000	0.39076
5	8500000	8600000	0.38508
5	8600000	8700000	0.3714
5	8700000	8800000	0.38732
5	8800000	8900000	0.38178
5	8900000	9000000	0.37535
5	9000000	9100000	0.40293
5	9100000	9200000	0.40736
5	9200000	9300000	0.39631
5	9300000	9400000	0.39293
5	9400000	9500000	0.40214
5	9500000	9600000	0.41347
5	9600000	9700000	0.38856
5	9700000	9800000	0.41284
5	9800000	9900000	0.41107
5	9900000	10000000	0.41617
5	10000000	10100000	0.41345
5	10100000	10200000	0.43947
5	10200000	10300000	0.43905
5	10300000	10400000	0.41996
5	10400000	10500000	0.4515
5	10500000	10600000	0.47182
5	10600000	10700000	0.48249
5	10700000	10800000	0.44812
5	10800000	10900000	0.42254
5	10900000	11000000	0.42279
5	11000000	11100000	0.40655
5	11100000	11200000	0.41665
5	11200000	11300000	0.40513
5	11300000	11400000	0.40659
5	11400000	11500000	0.38341
5	11500000	11600000	0.38368
5	11600000	11700000	0.3748
5	11700000	11800000	0.37904
5	11800000	11900000	0.37672
5	11900000	12000000	0.37036
5	12000000	12100000	0.36703
5	12100000	12200000	0.35832
5	12200000	12300000	0.35157
5	12300000	12400000	0.35654
5	12400000	12500000	0.36024
5	12500000	12600000	0.35681
5	12600000	12700000	0.35839
5	12700000	12800000	0.34809
5	12800000	12900000	0.34945
5	12900000	13000000	0.35445
5	13000000	13100000	0.34765
5	13100000	13200000	0.36162
5	13200000	13300000	0.36578
5	13300000	13400000	0.37222
5	13400000	13500000	0.39153
5	13500000	13600000	0.39134
5	13600000	13700000	0.39305
5	13700000	13800000	0.38896
5	13800000	13900000	0.39125
5	13900000	14000000	0.40618
5	14000000	14100000	0.4278
5	14100000	14200000	0.43595
5	14200000	14300000	0.41449
5	14300000	14400000	0.42882
5	14400000	14500000	0.45068
5	14500000	14600000	0.44748
5	14600000	14700000	0.4115
5	14700000	14800000	0.45156
5	14800000	14900000	0.43253
5	14900000	15000000	0.4193
5	15000000	15100000	0.40793
5	15100000	15200000	0.38243
5	15200000	15300000	0.38301
5	15300000	15400000	0.38988
5	15400000	15500000	0.37885
5	15500000	15600000	0.40696
5	15600000	15700000	0.39433
5	15700000	15800000	0.39008
5	15800000	15900000	0.39604
5	15900000	16000000	0.3947
5	16000000	16100000	0.40041
5	16100000	16200000	0.40218
5	16200000	16300000	0.38934
5	16300000	16400000	0.39283
5	16400000	16500000	0.40891
5	16500000	16600000	0.43027
5	16600000	16700000	0.44441
5	16700000	16800000	0.43608
5	16800000	16900000	0.44052
5	16900000	17000000	0.45209
5	17000000	17100000	0.4399
5	17100000	17200000	0.43709
5	17200000	17300000	0.42049
5	17300000	17400000	0.42387
5	17400000	17500000	0.40099
5	17500000	17600000	0.4668
5	17600000	17700000	0.40687
5	17700000	17800000	0.38614
5	17800000	17900000	0.36316
5	17900000	18000000	0.36107
5	18000000	18100000	0.35926
5	18100000	18200000	0.36125
5	18200000	18300000	0.36347
5	18300000	18400000	0.36926
5	18400000	18500000	0.34942
5	18500000	18600000	0.37254
5	18600000	18700000	0.35275
5	18700000	18800000	0.35631
5	18800000	18900000	0.34373
5	18900000	19000000	0.33612
5	19000000	19100000	0.35245
5	19100000	19200000	0.34326
5	19200000	19300000	0.36341
5	19300000	19400000	0.35237
5	19400000	19500000	0.34524
5	19500000	19600000	0.34921
5	19600000	19700000	0.33948
5	19700000	19800000	0.35934
5	19800000	19900000	0.35287
5	19900000	20000000	0.33947
5	20000000	20100000	0.34476
5	20100000	20200000	0.3542
5	20200000	20300000	0.34158
5	20300000	20400000	0.36376
5	20400000	20500000	0.34552
5	20500000	20600000	0.34679
5	20600000	20700000	0.36046
5	20700000	20800000	0.35295
5	20800000	20900000	0.35308
5	20900000	21000000	0.35191
5	21000000	21100000	0.35243
5	21100000	21200000	0.35501
5	21200000	21300000	0.35609
5	21300000	21400000	0.35053
5	21400000	21500000	0.39905
5	21500000	21600000	0.35132
5	21600000	21700000	0.35558
5	21700000	21800000	0.34098
5	21800000	21900000	0.35187
5	21900000	22000000	0.35221
5	22000000	22100000	0.36873
5	22100000	22200000	0.36029
5	22200000	22300000	0.34063
5	22300000	22400000	0.358
5	22400000	22500000	0.35131
5	22500000	22600000	0.35254
5	22600000	22700000	0.3555
5	22700000	22800000	0.34262
5	22800000	22900000	0.35158
5	22900000	23000000	0.35901
5	23000000	23100000	0.35844
5	23100000	23200000	0.35944
5	23200000	23300000	0.35553
5	23300000	23400000	0.34811
5	23400000	23500000	0.3569
5	23500000	23600000	0.35633
5	23600000	23700000	0.36044
5	23700000	23800000	0.34333
5	23800000	23900000	0.35857
5	23900000	24000000	0.34744
5	24000000	24100000	0.35309
5	24100000	24200000	0.34391
5	24200000	24300000	0.35084
5	24300000	24400000	0.37329
5	24400000	24500000	0.34728
5	24500000	24600000	0.34024
5	24600000	24700000	0.358
5	24700000	24800000	0.35025
5	24800000	24900000	0.35316
5	24900000	25000000	0.33961
5	25000000	25100000	0.3521
5	25100000	25200000	0.35931
5	25200000	25300000	0.34058
5	25300000	25400000	0.35807
5	25400000	25500000	0.33798
5	25500000	25600000	0.34164
5	25600000	25700000	0.35138
5	25700000	25800000	0.34442
5	25800000	25900000	0.36076
5	25900000	26000000	0.34502
5	26000000	26100000	0.34275
5	26100000	26200000	0.33865
5	26200000	26300000	0.37406
5	26300000	26400000	0.35395
5	26400000	26500000	0.37254
5	26500000	26600000	0.34
5	26600000	26700000	0.34775
5	26700000	26800000	0.33984
5	26800000	26900000	0.34449
5	26900000	27000000	0.33917
5	27000000	27100000	0.34261
5	27100000	27200000	0.34866
5	27200000	27300000	0.35061
5	27300000	27400000	0.33838
5	27400000	27500000	0.34187
5	27500000	27600000	0.34492
5	27600000	27700000	0.34988
5	27700000	27800000	0.34569
5	27800000	27900000	0.34594
5	27900000	28000000	0.34001
5	28000000	28100000	0.35786
5	28100000	28200000	0.34337
5	28200000	28300000	0.34453
5	28300000	28400000	0.33954
5	28400000	28500000	0.35813
5	28500000	28600000	0.35537
5	28600000	28700000	0.33149
5	28700000	28800000	0.34202
5	28800000	28900000	0.36076
5	28900000	29000000	0.35618
5	29000000	29100000	0.3509
5	29100000	29200000	0.35249
5	29200000	29300000	0.3434
5	29300000	29400000	0.33754
5	29400000	29500000	0.3489
5	29500000	29600000	0.35003
5	29600000	29700000	0.34281
5	29700000	29800000	0.3394
5	29800000	29900000	0.34375
5	29900000	30000000	0.35631
5	30000000	30100000	0.34808
5	30100000	30200000	0.34789
5	30200000	30300000	0.36312
5	30300000	30400000	0.34516
5	30400000	30500000	0.36198
5	30500000	30600000	0.35017
5	30600000	30700000	0.34754
5	30700000	30800000	0.35648
5	30800000	30900000	0.37153
5	30900000	31000000	0.37084
5	31000000	31100000	0.37593
5	31100000	31200000	0.38631
5	31200000	31300000	0.38339
5	31300000	31400000	0.40883
5	31400000	31500000	0.39058
5	31500000	31600000	0.41306
5	31600000	31700000	0.45661
5	31700000	31800000	0.46104
5	31800000	31900000	0.4486
5	31900000	32000000	0.44544
5	32000000	32100000	0.45641
5	32100000	32200000	0.42163
5	32200000	32300000	0.44811
5	32300000	32400000	0.4139
5	32400000	32500000	0.42323
5	32500000	32600000	0.43929
5	32600000	32700000	0.42611
5	32700000	32800000	0.41417
5	32800000	32900000	0.3918
5	32900000	33000000	0.3853
5	33000000	33100000	0.37991
5	33100000	33200000	0.37441
5	33200000	33300000	0.37649
5	33300000	33400000	0.3889
5	33400000	33500000	0.39806
5	33500000	33600000	0.4272
5	33600000	33700000	0.39706
5	33700000	33800000	0.40073
5	33800000	33900000	0.40363
5	33900000	34000000	0.4143
5	34000000	34100000	0.39005
5	34100000	34200000	0.3861
5	34200000	34300000	0.35048
5	34300000	34400000	0.36286
5	34400000	34500000	0.41743
5	34500000	34600000	0.43
5	34600000	34700000	0.42809
5	34700000	34800000	0.4226
5	34800000	34900000	0.40081
5	34900000	35000000	0.40039
5	35000000	35100000	0.41459
5	35100000	35200000	0.41147
5	35200000	35300000	0.38882
5	35300000	35400000	0.39088
5	35400000	35500000	0.38217
5	35500000	35600000	0.37905
5	35600000	35700000	0.37157
5	35700000	35800000	0.37757
5	35800000	35900000	0.39737
5	35900000	36000000	0.41085
5	36000000	36100000	0.4072
5	36100000	36200000	0.37213
5	36200000	36300000	0.36841
5	36300000	36400000	0.39897
5	36400000	36500000	0.40615
5	36500000	36600000	0.39746
5	36600000	36700000	0.40838
5	36700000	36800000	0.41956
5	36800000	36900000	0.36605
5	36900000	37000000	0.34248
5	37000000	37100000	0.37161
5	37100000	37200000	0.38823
5	37200000	37300000	0.41118
5	37300000	37400000	0.42269
5	37400000	37500000	0.40251
5	37500000	37600000	0.38474
5	37600000	37700000	0.38209
5	37700000	37800000	0.39636
5	37800000	37900000	0.44159
5	37900000	38000000	0.4066
5	38000000	38100000	0.39836
5	38100000	38200000	0.41753
5	38200000	38300000	0.4053
5	38300000	38400000	0.42287
5	38400000	38500000	0.43485
5	38500000	38600000	0.39521
5	38600000	38700000	0.4159
5	38700000	38800000	0.41459
5	38800000	38900000	0.41089
5	38900000	39000000	0.36518
5	39000000	39100000	0.37118
5	39100000	39200000	0.37074
5	39200000	39300000	0.38296
5	39300000	39400000	0.38943
5	39400000	39500000	0.38109
5	39500000	39600000	0.38311
5	39600000	39700000	0.38103
5	39700000	39800000	0.36472
5	39800000	39900000	0.35683
5	39900000	40000000	0.36609
5	40000000	40100000	0.3599
5	40100000	40200000	0.37465
5	40200000	40300000	0.36793
5	40300000	40400000	0.37545
5	40400000	40500000	0.38597
5	40500000	40600000	0.3777
5	40600000	40700000	0.39126
5	40700000	40800000	0.38548
5	40800000	40900000	0.4278
5	40900000	41000000	0.38844
5	41000000	41100000	0.38812
5	41100000	41200000	0.36875
5	41200000	41300000	0.37298
5	41300000	41400000	0.37599
5	41400000	41500000	0.36901
5	41500000	41600000	0.38129
5	41600000	41700000	0.38092
5	41700000	41800000	0.37377
5	41800000	41900000	0.3751
5	41900000	42000000	0.36975
5	42000000	42100000	0.36023
5	42100000	42200000	0.37817
5	42200000	42300000	0.3686
5	42300000	42400000	0.37826
5	42400000	42500000	0.39126
5	42500000	42600000	0.38589
5	42600000	42700000	0.38401
5	42700000	42800000	0.36211
5	42800000	42900000	0.39535
5	42900000	43000000	0.43206
5	43000000	43100000	0.44388
5	43100000	43200000	0.43477
5	43200000	43300000	0.41877
5	43300000	43400000	0.41536
5	43400000	43500000	0.39637
5	43500000	43600000	0.40551
5	43600000	43700000	0.38204
5	43700000	43800000	0.38623
5	43800000	43900000	0.36668
5	43900000	44000000	0.37819
5	44000000	44100000	0.3726
5	44100000	44200000	0.37644
5	44200000	44300000	0.35366
5	44300000	44400000	0.35841
5	44400000	44500000	0.35415
5	44500000	44600000	0.36719
5	44600000	44700000	0.37043
5	44700000	44800000	0.35971
5	44800000	44900000	0.35908
5	44900000	45000000	0.36911
5	45000000	45100000	0.34919
5	45100000	45200000	0.36752
5	45200000	45300000	0.36696
5	45300000	45400000	0.34257
5	45400000	45500000	0.34753
5	45500000	45600000	0.3501
5	45600000	45700000	0.34917
5	45700000	45800000	0.37062
5	45800000	45900000	0.36399
5	45900000	46000000	0.36286
5	46000000	46100000	0.35966
5	46100000	46200000	0.37355
5	46200000	46300000	0.36042
5	46300000	46400000	0.37272
5	46400000	46500000	0.37762
5	46500000	46600000	0.3895577889447236
5	46600000	46700000	0.38116116116116117
5	46700000	46800000	0.38101101101101104
5	46800000	46900000	0.38507
5	46900000	47000000	0.3848
5	47000000	47100000	0.38089642980338045
5	47100000	47200000	0.3852905811623247
5	47200000	47300000	0.3849049049049049
5	47300000	47400000	0.39066091801819935
5	47400000	47500000	0.39177
5	47500000	47600000	0.39081
5	47600000	47700000	0.39166
5	47700000	47800000	0.39208
5	47800000	47900000	0.39216
5	47900000	48000000	0.39228
5	48000000	48100000	0.39205
5	48100000	48200000	0.39205
5	48200000	48300000	0.39174
5	48300000	48400000	0.39238
5	48400000	48500000	0.39174
5	48500000	48600000	0.39178
5	48600000	48700000	0.39241
5	48700000	48800000	0.3922
5	48800000	48900000	0.39279
5	48900000	49000000	0.39205
5	49000000	49100000	0.39253
5	49100000	49200000	0.3926
5	49200000	49300000	0.39241
5	49300000	49400000	0.39245
5	49400000	49500000	0.39236
5	49500000	49600000	0.3929430890830722
5	49600000	49700000	0.3889583782618072
5	49700000	49800000	0.39240240240240243
5	49800000	49900000	0.39487
5	49900000	50000000	0.39458
5	50000000	50100000	0.39490360660123397
5	50100000	50200000	0.38130453582872287
5	50200000	50300000	0.37192
5	50300000	50400000	0.3724
5	50400000	50500000	0.38649
5	50500000	50600000	0.36075
5	50600000	50700000	0.37832
5	50700000	50800000	0.35243
5	50800000	50900000	0.36579
5	50900000	51000000	0.3933
5	51000000	51100000	0.3556
5	51100000	51200000	0.36107
5	51200000	51300000	0.35288
5	51300000	51400000	0.39255
5	51400000	51500000	0.35158
5	51500000	51600000	0.32974
5	51600000	51700000	0.35302
5	51700000	51800000	0.35167
5	51800000	51900000	0.35041
5	51900000	52000000	0.35596
5	52000000	52100000	0.34124
5	52100000	52200000	0.33966
5	52200000	52300000	0.34307
5	52300000	52400000	0.35678
5	52400000	52500000	0.3602
5	52500000	52600000	0.35245
5	52600000	52700000	0.37411
5	52700000	52800000	0.37474
5	52800000	52900000	0.37194
5	52900000	53000000	0.37596
5	53000000	53100000	0.3778
5	53100000	53200000	0.39069
5	53200000	53300000	0.39457
5	53300000	53400000	0.3756
5	53400000	53500000	0.3951
5	53500000	53600000	0.3792
5	53600000	53700000	0.36015
5	53700000	53800000	0.39291
5	53800000	53900000	0.41017
5	53900000	54000000	0.38884
5	54000000	54100000	0.38559
5	54100000	54200000	0.36778
5	54200000	54300000	0.3931
5	54300000	54400000	0.39966
5	54400000	54500000	0.41631
5	54500000	54600000	0.42385
5	54600000	54700000	0.41475
5	54700000	54800000	0.40927
5	54800000	54900000	0.41826
5	54900000	55000000	0.4012
5	55000000	55100000	0.40453
5	55100000	55200000	0.39226
5	55200000	55300000	0.40661
5	55300000	55400000	0.37327
5	55400000	55500000	0.38578
5	55500000	55600000	0.41574
5	55600000	55700000	0.39666
5	55700000	55800000	0.3869
5	55800000	55900000	0.39957
5	55900000	56000000	0.41001
5	56000000	56100000	0.44172
5	56100000	56200000	0.417
5	56200000	56300000	0.41898
5	56300000	56400000	0.41589
5	56400000	56500000	0.42177
5	56500000	56600000	0.42225
5	56600000	56700000	0.41263
5	56700000	56800000	0.40048
5	56800000	56900000	0.38519
5	56900000	57000000	0.40036
5	57000000	57100000	0.4097
5	57100000	57200000	0.43385
5	57200000	57300000	0.39532
5	57300000	57400000	0.41034
5	57400000	57500000	0.40568
5	57500000	57600000	0.39957
5	57600000	57700000	0.38386
5	57700000	57800000	0.37173
5	57800000	57900000	0.38181
5	57900000	58000000	0.3772
5	58000000	58100000	0.37593
5	58100000	58200000	0.37843
5	58200000	58300000	0.37707
5	58300000	58400000	0.37273
5	58400000	58500000	0.38775
5	58500000	58600000	0.38157
5	58600000	58700000	0.38262
5	58700000	58800000	0.37834
5	58800000	58900000	0.39591
5	58900000	59000000	0.39707
5	59000000	59100000	0.37748
5	59100000	59200000	0.38397
5	59200000	59300000	0.36261
5	59300000	59400000	0.37671
5	59400000	59500000	0.37623
5	59500000	59600000	0.36259
5	59600000	59700000	0.36745
5	59700000	59800000	0.37343
5	59800000	59900000	0.3822
5	59900000	60000000	0.36867
5	60000000	60100000	0.36847
5	60100000	60200000	0.36447
5	60200000	60300000	0.36024
5	60300000	60400000	0.39074
5	60400000	60500000	0.39064
5	60500000	60600000	0.38837
5	60600000	60700000	0.3867
5	60700000	60800000	0.39658
5	60800000	60900000	0.39661
5	60900000	61000000	0.37287
5	61000000	61100000	0.35349
5	61100000	61200000	0.37583
5	61200000	61300000	0.41417
5	61300000	61400000	0.41202
5	61400000	61500000	0.37329
5	61500000	61600000	0.40535
5	61600000	61700000	0.43993
5	61700000	61800000	0.411
5	61800000	61900000	0.39853
5	61900000	62000000	0.40841
5	62000000	62100000	0.39827
5	62100000	62200000	0.41783
5	62200000	62300000	0.40669
5	62300000	62400000	0.38837
5	62400000	62500000	0.39486
5	62500000	62600000	0.37266
5	62600000	62700000	0.41761
5	62700000	62800000	0.4038
5	62800000	62900000	0.39019
5	62900000	63000000	0.37811
5	63000000	63100000	0.38245
5	63100000	63200000	0.3697
5	63200000	63300000	0.35965
5	63300000	63400000	0.35872
5	63400000	63500000	0.34606
5	63500000	63600000	0.36519
5	63600000	63700000	0.36038
5	63700000	63800000	0.36761
5	63800000	63900000	0.36023
5	63900000	64000000	0.36952
5	64000000	64100000	0.38034
5	64100000	64200000	0.3836
5	64200000	64300000	0.3728
5	64300000	64400000	0.3534
5	64400000	64500000	0.37283
5	64500000	64600000	0.39221
5	64600000	64700000	0.39732
5	64700000	64800000	0.36011
5	64800000	64900000	0.34776
5	64900000	65000000	0.36321
5	65000000	65100000	0.40058
5	65100000	65200000	0.40288
5	65200000	65300000	0.35008
5	65300000	65400000	0.35439
5	65400000	65500000	0.36767
5	65500000	65600000	0.37044
5	65600000	65700000	0.37711
5	65700000	65800000	0.40019
5	65800000	65900000	0.40812
5	65900000	66000000	0.39839
5	66000000	66100000	0.35441
5	66100000	66200000	0.37837
5	66200000	66300000	0.40949
5	66300000	66400000	0.41992
5	66400000	66500000	0.40241
5	66500000	66600000	0.39292
5	66600000	66700000	0.39546
5	66700000	66800000	0.39706
5	66800000	66900000	0.39039
5	66900000	67000000	0.38739
5	67000000	67100000	0.37762
5	67100000	67200000	0.40842
5	67200000	67300000	0.41572
5	67300000	67400000	0.38797
5	67400000	67500000	0.36666
5	67500000	67600000	0.36549
5	67600000	67700000	0.38538
5	67700000	67800000	0.38379
5	67800000	67900000	0.38163
5	67900000	68000000	0.38527
5	68000000	68100000	0.4046
5	68100000	68200000	0.40629
5	68200000	68300000	0.39827
5	68300000	68400000	0.41091
5	68400000	68500000	0.4105
5	68500000	68600000	0.3911
5	68600000	68700000	0.39047
5	68700000	68800000	0.40666
5	68800000	68900000	0.39231
5	68900000	69000000	0.41254
5	69000000	69100000	0.42637
5	69100000	69200000	0.41989
5	69200000	69300000	0.42234
5	69300000	69400000	0.42012
5	69400000	69500000	0.43446
5	69500000	69600000	0.40998
5	69600000	69700000	0.41528
5	69700000	69800000	0.3548
5	69800000	69900000	0.3582
5	69900000	70000000	0.38065
5	70000000	70100000	0.40802
5	70100000	70200000	0.37557
5	70200000	70300000	0.39997
5	70300000	70400000	0.34633
5	70400000	70500000	0.42433
5	70500000	70600000	0.39411
5	70600000	70700000	0.35945
5	70700000	70800000	0.38518
5	70800000	70900000	0.34788
5	70900000	71000000	0.42418
5	71000000	71100000	0.41268
5	71100000	71200000	0.3751
5	71200000	71300000	0.40039
5	71300000	71400000	0.35805
5	71400000	71500000	0.3846
5	71500000	71600000	0.40974
5	71600000	71700000	0.40464
5	71700000	71800000	0.41337
5	71800000	71900000	0.40655
5	71900000	72000000	0.40792
5	72000000	72100000	0.40901
5	72100000	72200000	0.42286
5	72200000	72300000	0.39034
5	72300000	72400000	0.40787
5	72400000	72500000	0.42216
5	72500000	72600000	0.41111
5	72600000	72700000	0.41078
5	72700000	72800000	0.38704
5	72800000	72900000	0.37752
5	72900000	73000000	0.4018
5	73000000	73100000	0.36536
5	73100000	73200000	0.43636
5	73200000	73300000	0.43702
5	73300000	73400000	0.42811
5	73400000	73500000	0.43119
5	73500000	73600000	0.4025
5	73600000	73700000	0.40233
5	73700000	73800000	0.39286
5	73800000	73900000	0.3906
5	73900000	74000000	0.40744
5	74000000	74100000	0.39928
5	74100000	74200000	0.41055
5	74200000	74300000	0.41027
5	74300000	74400000	0.42067
5	74400000	74500000	0.40818
5	74500000	74600000	0.41852
5	74600000	74700000	0.42762
5	74700000	74800000	0.38423
5	74800000	74900000	0.38954
5	74900000	75000000	0.41117
5	75000000	75100000	0.40792
5	75100000	75200000	0.37106
5	75200000	75300000	0.39958
5	75300000	75400000	0.39575
5	75400000	75500000	0.37068
5	75500000	75600000	0.36517
5	75600000	75700000	0.39743
5	75700000	75800000	0.39
5	75800000	75900000	0.38489
5	75900000	76000000	0.39232
5	76000000	76100000	0.39335
5	76100000	76200000	0.4088
5	76200000	76300000	0.40894
5	76300000	76400000	0.4423
5	76400000	76500000	0.4198
5	76500000	76600000	0.40644
5	76600000	76700000	0.39031
5	76700000	76800000	0.43422
5	76800000	76900000	0.44992
5	76900000	77000000	0.42769
5	77000000	77100000	0.4043
5	77100000	77200000	0.41113
5	77200000	77300000	0.40873
5	77300000	77400000	0.41942
5	77400000	77500000	0.39085
5	77500000	77600000	0.36697
5	77600000	77700000	0.4117
5	77700000	77800000	0.38064
5	77800000	77900000	0.42192
5	77900000	78000000	0.41944
5	78000000	78100000	0.37255
5	78100000	78200000	0.35568
5	78200000	78300000	0.36958
5	78300000	78400000	0.39527
5	78400000	78500000	0.38121
5	78500000	78600000	0.43757
5	78600000	78700000	0.42899
5	78700000	78800000	0.42867
5	78800000	78900000	0.41008
5	78900000	79000000	0.40354
5	79000000	79100000	0.40429
5	79100000	79200000	0.41529
5	79200000	79300000	0.42362
5	79300000	79400000	0.3927
5	79400000	79500000	0.36969
5	79500000	79600000	0.41221
5	79600000	79700000	0.3753
5	79700000	79800000	0.40549
5	79800000	79900000	0.42819
5	79900000	80000000	0.41284
5	80000000	80100000	0.42799
5	80100000	80200000	0.439
5	80200000	80300000	0.44702
5	80300000	80400000	0.41465
5	80400000	80500000	0.38462
5	80500000	80600000	0.40966
5	80600000	80700000	0.39245
5	80700000	80800000	0.37713
5	80800000	80900000	0.39245
5	80900000	81000000	0.41291
5	81000000	81100000	0.39905
5	81100000	81200000	0.41384
5	81200000	81300000	0.41993
5	81300000	81400000	0.40648
5	81400000	81500000	0.35824
5	81500000	81600000	0.35506
5	81600000	81700000	0.36442
5	81700000	81800000	0.38577
5	81800000	81900000	0.40583
5	81900000	82000000	0.41232
5	82000000	82100000	0.37088
5	82100000	82200000	0.37566
5	82200000	82300000	0.38799
5	82300000	82400000	0.40786
5	82400000	82500000	0.39431
5	82500000	82600000	0.38661
5	82600000	82700000	0.37939
5	82700000	82800000	0.38496
5	82800000	82900000	0.3873
5	82900000	83000000	0.37809
5	83000000	83100000	0.37378
5	83100000	83200000	0.35263
5	83200000	83300000	0.34404
5	83300000	83400000	0.36297
5	83400000	83500000	0.37936
5	83500000	83600000	0.36693
5	83600000	83700000	0.37123
5	83700000	83800000	0.37915
5	83800000	83900000	0.3659
5	83900000	84000000	0.35306
5	84000000	84100000	0.3613
5	84100000	84200000	0.35379
5	84200000	84300000	0.35485
5	84300000	84400000	0.35535
5	84400000	84500000	0.34945
5	84500000	84600000	0.34922
5	84600000	84700000	0.35949
5	84700000	84800000	0.34246
5	84800000	84900000	0.35212
5	84900000	85000000	0.33678
5	85000000	85100000	0.33771
5	85100000	85200000	0.34466
5	85200000	85300000	0.33922
5	85300000	85400000	0.33343
5	85400000	85500000	0.35085
5	85500000	85600000	0.34361
5	85600000	85700000	0.34693
5	85700000	85800000	0.34012
5	85800000	85900000	0.35127
5	85900000	86000000	0.33963
5	86000000	86100000	0.33685
5	86100000	86200000	0.3477
5	86200000	86300000	0.36956
5	86300000	86400000	0.33646
5	86400000	86500000	0.35319
5	86500000	86600000	0.35959
5	86600000	86700000	0.36303
5	86700000	86800000	0.36542
5	86800000	86900000	0.36317
5	86900000	87000000	0.349
5	87000000	87100000	0.38204
5	87100000	87200000	0.37634
5	87200000	87300000	0.37789
5	87300000	87400000	0.3507
5	87400000	87500000	0.36505
5	87500000	87600000	0.36953
5	87600000	87700000	0.34559
5	87700000	87800000	0.35461
5	87800000	87900000	0.35819
5	87900000	88000000	0.37178
5	88000000	88100000	0.37215
5	88100000	88200000	0.37934
5	88200000	88300000	0.35888
5	88300000	88400000	0.37561
5	88400000	88500000	0.36318
5	88500000	88600000	0.36239
5	88600000	88700000	0.40257
5	88700000	88800000	0.37309
5	88800000	88900000	0.35502
5	88900000	89000000	0.36004
5	89000000	89100000	0.37204
5	89100000	89200000	0.35786
5	89200000	89300000	0.36891
5	89300000	89400000	0.34557
5	89400000	89500000	0.35514
5	89500000	89600000	0.35771
5	89600000	89700000	0.36222
5	89700000	89800000	0.34899
5	89800000	89900000	0.36119
5	89900000	90000000	0.35592
5	90000000	90100000	0.36525
5	90100000	90200000	0.3826
5	90200000	90300000	0.36983
5	90300000	90400000	0.36725
5	90400000	90500000	0.37524
5	90500000	90600000	0.37861
5	90600000	90700000	0.3625
5	90700000	90800000	0.36388
5	90800000	90900000	0.37195
5	90900000	91000000	0.36496
5	91000000	91100000	0.37322
5	91100000	91200000	0.38818
5	91200000	91300000	0.40345
5	91300000	91400000	0.40805
5	91400000	91500000	0.38089
5	91500000	91600000	0.3647
5	91600000	91700000	0.34818
5	91700000	91800000	0.35383
5	91800000	91900000	0.35633
5	91900000	92000000	0.34613
5	92000000	92100000	0.3484
5	92100000	92200000	0.33477
5	92200000	92300000	0.36104
5	92300000	92400000	0.33571
5	92400000	92500000	0.34789
5	92500000	92600000	0.34393
5	92600000	92700000	0.34431
5	92700000	92800000	0.35038
5	92800000	92900000	0.36595
5	92900000	93000000	0.35748
5	93000000	93100000	0.3559
5	93100000	93200000	0.36781
5	93200000	93300000	0.38517
5	93300000	93400000	0.38591
5	93400000	93500000	0.37664
5	93500000	93600000	0.40548
5	93600000	93700000	0.3798
5	93700000	93800000	0.37242
5	93800000	93900000	0.34976
5	93900000	94000000	0.34906
5	94000000	94100000	0.37478
5	94100000	94200000	0.37427
5	94200000	94300000	0.36859
5	94300000	94400000	0.36366
5	94400000	94500000	0.36073
5	94500000	94600000	0.37075
5	94600000	94700000	0.36189
5	94700000	94800000	0.37604
5	94800000	94900000	0.36666
5	94900000	95000000	0.36148
5	95000000	95100000	0.37534
5	95100000	95200000	0.37437
5	95200000	95300000	0.38641
5	95300000	95400000	0.38567
5	95400000	95500000	0.36775
5	95500000	95600000	0.36062
5	95600000	95700000	0.38915
5	95700000	95800000	0.39337
5	95800000	95900000	0.4386
5	95900000	96000000	0.37976
5	96000000	96100000	0.37687
5	96100000	96200000	0.38273
5	96200000	96300000	0.3678
5	96300000	96400000	0.39044
5	96400000	96500000	0.39015
5	96500000	96600000	0.3965
5	96600000	96700000	0.39828
5	96700000	96800000	0.39067
5	96800000	96900000	0.39763
5	96900000	97000000	0.38334
5	97000000	97100000	0.38852
5	97100000	97200000	0.38602
5	97200000	97300000	0.36382
5	97300000	97400000	0.38685
5	97400000	97500000	0.3716
5	97500000	97600000	0.37476
5	97600000	97700000	0.37113
5	97700000	97800000	0.36184
5	97800000	97900000	0.36363
5	97900000	98000000	0.35569
5	98000000	98100000	0.36378
5	98100000	98200000	0.37567
5	98200000	98300000	0.34997
5	98300000	98400000	0.37031
5	98400000	98500000	0.38219
5	98500000	98600000	0.36851
5	98600000	98700000	0.37027
5	98700000	98800000	0.39191
5	98800000	98900000	0.36062
5	98900000	99000000	0.39064
5	99000000	99100000	0.38634
5	99100000	99200000	0.36415
5	99200000	99300000	0.38293
5	99300000	99400000	0.35619
5	99400000	99500000	0.35673
5	99500000	99600000	0.37913
5	99600000	99700000	0.3376
5	99700000	99800000	0.33957
5	99800000	99900000	0.34419
5	99900000	100000000	0.35416
5	100000000	100100000	0.36487
5	100100000	100200000	0.33932
5	100200000	100300000	0.35571
5	100300000	100400000	0.38726
5	100400000	100500000	0.34563
5	100500000	100600000	0.35841
5	100600000	100700000	0.36431
5	100700000	100800000	0.36169
5	100800000	100900000	0.33647
5	100900000	101000000	0.36758
5	101000000	101100000	0.34935
5	101100000	101200000	0.34196
5	101200000	101300000	0.34859
5	101300000	101400000	0.34186
5	101400000	101500000	0.33522
5	101500000	101600000	0.3585
5	101600000	101700000	0.35591
5	101700000	101800000	0.36091
5	101800000	101900000	0.34925
5	101900000	102000000	0.35565
5	102000000	102100000	0.34584
5	102100000	102200000	0.38116
5	102200000	102300000	0.35717
5	102300000	102400000	0.3585
5	102400000	102500000	0.36547
5	102500000	102600000	0.35853
5	102600000	102700000	0.38315
5	102700000	102800000	0.37198
5	102800000	102900000	0.36018
5	102900000	103000000	0.35272
5	103000000	103100000	0.37334
5	103100000	103200000	0.34361
5	103200000	103300000	0.3705
5	103300000	103400000	0.38257
5	103400000	103500000	0.37971
5	103500000	103600000	0.3544
5	103600000	103700000	0.36638
5	103700000	103800000	0.38079
5	103800000	103900000	0.36525
5	103900000	104000000	0.35781
5	104000000	104100000	0.38525
5	104100000	104200000	0.34005
5	104200000	104300000	0.34145
5	104300000	104400000	0.33682
5	104400000	104500000	0.34149
5	104500000	104600000	0.34936
5	104600000	104700000	0.35254
5	104700000	104800000	0.34724
5	104800000	104900000	0.34117
5	104900000	105000000	0.3542
5	105000000	105100000	0.35654
5	105100000	105200000	0.33968
5	105200000	105300000	0.32787
5	105300000	105400000	0.3311
5	105400000	105500000	0.33521
5	105500000	105600000	0.34943
5	105600000	105700000	0.33967
5	105700000	105800000	0.34382
5	105800000	105900000	0.34805
5	105900000	106000000	0.34081
5	106000000	106100000	0.34269
5	106100000	106200000	0.34464
5	106200000	106300000	0.34789
5	106300000	106400000	0.34519
5	106400000	106500000	0.34581
5	106500000	106600000	0.34024
5	106600000	106700000	0.34588
5	106700000	106800000	0.35094
5	106800000	106900000	0.34842
5	106900000	107000000	0.36906
5	107000000	107100000	0.34968
5	107100000	107200000	0.35376
5	107200000	107300000	0.37642
5	107300000	107400000	0.38839
5	107400000	107500000	0.38629
5	107500000	107600000	0.38522
5	107600000	107700000	0.37733
5	107700000	107800000	0.38339
5	107800000	107900000	0.39656
5	107900000	108000000	0.36165
5	108000000	108100000	0.36044
5	108100000	108200000	0.3567
5	108200000	108300000	0.35747
5	108300000	108400000	0.35097
5	108400000	108500000	0.38747
5	108500000	108600000	0.40393
5	108600000	108700000	0.39796
5	108700000	108800000	0.38838
5	108800000	108900000	0.35357
5	108900000	109000000	0.34861
5	109000000	109100000	0.35055
5	109100000	109200000	0.35979
5	109200000	109300000	0.41799
5	109300000	109400000	0.39099
5	109400000	109500000	0.38707
5	109500000	109600000	0.37787
5	109600000	109700000	0.39507
5	109700000	109800000	0.35779
5	109800000	109900000	0.37621
5	109900000	110000000	0.39073
5	110000000	110100000	0.38612
5	110100000	110200000	0.36919
5	110200000	110300000	0.3829
5	110300000	110400000	0.38019
5	110400000	110500000	0.34381
5	110500000	110600000	0.36016
5	110600000	110700000	0.35115
5	110700000	110800000	0.36103
5	110800000	110900000	0.37341
5	110900000	111000000	0.38408
5	111000000	111100000	0.38133
5	111100000	111200000	0.36047
5	111200000	111300000	0.37416
5	111300000	111400000	0.36141
5	111400000	111500000	0.37713
5	111500000	111600000	0.38685
5	111600000	111700000	0.40354
5	111700000	111800000	0.38413
5	111800000	111900000	0.37854
5	111900000	112000000	0.38264
5	112000000	112100000	0.37316
5	112100000	112200000	0.38248
5	112200000	112300000	0.38891
5	112300000	112400000	0.39954
5	112400000	112500000	0.40483
5	112500000	112600000	0.42022
5	112600000	112700000	0.40139
5	112700000	112800000	0.37551
5	112800000	112900000	0.39781
5	112900000	113000000	0.41253
5	113000000	113100000	0.43485
5	113100000	113200000	0.42046
5	113200000	113300000	0.4101
5	113300000	113400000	0.39315
5	113400000	113500000	0.40696
5	113500000	113600000	0.35601
5	113600000	113700000	0.40489
5	113700000	113800000	0.40111
5	113800000	113900000	0.37375
5	113900000	114000000	0.37743
5	114000000	114100000	0.3857
5	114100000	114200000	0.37096
5	114200000	114300000	0.37017
5	114300000	114400000	0.38148
5	114400000	114500000	0.37995
5	114500000	114600000	0.37114
5	114600000	114700000	0.37569
5	114700000	114800000	0.38603
5	114800000	114900000	0.38326
5	114900000	115000000	0.38816
5	115000000	115100000	0.41147
5	115100000	115200000	0.39415
5	115200000	115300000	0.36433
5	115300000	115400000	0.39478
5	115400000	115500000	0.40041
5	115500000	115600000	0.3794
5	115600000	115700000	0.38568
5	115700000	115800000	0.39155
5	115800000	115900000	0.38055
5	115900000	116000000	0.38714
5	116000000	116100000	0.38123
5	116100000	116200000	0.36222
5	116200000	116300000	0.35163
5	116300000	116400000	0.40274
5	116400000	116500000	0.41642
5	116500000	116600000	0.40765
5	116600000	116700000	0.40899
5	116700000	116800000	0.40528
5	116800000	116900000	0.39471
5	116900000	117000000	0.37003
5	117000000	117100000	0.3793
5	117100000	117200000	0.36817
5	117200000	117300000	0.36171
5	117300000	117400000	0.36299
5	117400000	117500000	0.34316
5	117500000	117600000	0.35072
5	117600000	117700000	0.35633
5	117700000	117800000	0.35846
5	117800000	117900000	0.3553
5	117900000	118000000	0.36138
5	118000000	118100000	0.35225
5	118100000	118200000	0.34174
5	118200000	118300000	0.36678
5	118300000	118400000	0.36626
5	118400000	118500000	0.3751
5	118500000	118600000	0.38552
5	118600000	118700000	0.37769
5	118700000	118800000	0.39132
5	118800000	118900000	0.36284
5	118900000	119000000	0.38998
5	119000000	119100000	0.4
5	119100000	119200000	0.37126
5	119200000	119300000	0.37892
5	119300000	119400000	0.41574
5	119400000	119500000	0.39477
5	119500000	119600000	0.37009
5	119600000	119700000	0.3883
5	119700000	119800000	0.38292
5	119800000	119900000	0.35799
5	119900000	120000000	0.35747
5	120000000	120100000	0.35596
5	120100000	120200000	0.35828
5	120200000	120300000	0.35847
5	120300000	120400000	0.35536
5	120400000	120500000	0.36995
5	120500000	120600000	0.35413
5	120600000	120700000	0.35607
5	120700000	120800000	0.34234
5	120800000	120900000	0.3665
5	120900000	121000000	0.35418
5	121000000	121100000	0.35363
5	121100000	121200000	0.34405
5	121200000	121300000	0.35404
5	121300000	121400000	0.33694
5	121400000	121500000	0.35073
5	121500000	121600000	0.34624
5	121600000	121700000	0.36333
5	121700000	121800000	0.35802
5	121800000	121900000	0.36987
5	121900000	122000000	0.34897
5	122000000	122100000	0.37358
5	122100000	122200000	0.38335
5	122200000	122300000	0.37236
5	122300000	122400000	0.39031
5	122400000	122500000	0.39747
5	122500000	122600000	0.39075
5	122600000	122700000	0.3899
5	122700000	122800000	0.39202
5	122800000	122900000	0.38987
5	122900000	123000000	0.39424
5	123000000	123100000	0.42256
5	123100000	123200000	0.38844
5	123200000	123300000	0.39643
5	123300000	123400000	0.36341
5	123400000	123500000	0.38429
5	123500000	123600000	0.34915
5	123600000	123700000	0.36654
5	123700000	123800000	0.36821
5	123800000	123900000	0.37645
5	123900000	124000000	0.37935
5	124000000	124100000	0.36337
5	124100000	124200000	0.36713
5	124200000	124300000	0.39781
5	124300000	124400000	0.38756
5	124400000	124500000	0.39742
5	124500000	124600000	0.40789
5	124600000	124700000	0.40034
5	124700000	124800000	0.40645
5	124800000	124900000	0.39673
5	124900000	125000000	0.40943
5	125000000	125100000	0.38015
5	125100000	125200000	0.38077
5	125200000	125300000	0.37428
5	125300000	125400000	0.37517
5	125400000	125500000	0.36962
5	125500000	125600000	0.35964
5	125600000	125700000	0.36218
5	125700000	125800000	0.36117
5	125800000	125900000	0.36047
5	125900000	126000000	0.36153
5	126000000	126100000	0.37709
5	126100000	126200000	0.37555
5	126200000	126300000	0.38863
5	126300000	126400000	0.37793
5	126400000	126500000	0.39688
5	126500000	126600000	0.43026
5	126600000	126700000	0.43314
5	126700000	126800000	0.4428
5	126800000	126900000	0.42523
5	126900000	127000000	0.40771
5	127000000	127100000	0.40562
5	127100000	127200000	0.39574
5	127200000	127300000	0.38723
5	127300000	127400000	0.38602
5	127400000	127500000	0.38003
5	127500000	127600000	0.38617
5	127600000	127700000	0.37947
5	127700000	127800000	0.3869
5	127800000	127900000	0.39474
5	127900000	128000000	0.39041
5	128000000	128100000	0.37631
5	128100000	128200000	0.35322
5	128200000	128300000	0.39464
5	128300000	128400000	0.36749
5	128400000	128500000	0.36124
5	128500000	128600000	0.37587
5	128600000	128700000	0.37695
5	128700000	128800000	0.38071
5	128800000	128900000	0.36171
5	128900000	129000000	0.37359
5	129000000	129100000	0.36608
5	129100000	129200000	0.3744
5	129200000	129300000	0.35533
5	129300000	129400000	0.36081
5	129400000	129500000	0.36041
5	129500000	129600000	0.34304
5	129600000	129700000	0.35228
5	129700000	129800000	0.36105
5	129800000	129900000	0.37487
5	129900000	130000000	0.35973
5	130000000	130100000	0.36319
5	130100000	130200000	0.35846
5	130200000	130300000	0.3612
5	130300000	130400000	0.35622
5	130400000	130500000	0.36122
5	130500000	130600000	0.36615
5	130600000	130700000	0.36771
5	130700000	130800000	0.36804
5	130800000	130900000	0.38048
5	130900000	131000000	0.38731
5	131000000	131100000	0.38402
5	131100000	131200000	0.40224
5	131200000	131300000	0.40181
5	131300000	131400000	0.39172
5	131400000	131500000	0.37921
5	131500000	131600000	0.37496
5	131600000	131700000	0.38886
5	131700000	131800000	0.38068
5	131800000	131900000	0.39499
5	131900000	132000000	0.42555
5	132000000	132100000	0.48908
5	132100000	132200000	0.40043
5	132200000	132300000	0.4959
5	132300000	132400000	0.45069
5	132400000	132500000	0.47922
5	132500000	132600000	0.40252
5	132600000	132700000	0.43021
5	132700000	132800000	0.43772
5	132800000	132900000	0.4445
5	132900000	133000000	0.42392
5	133000000	133100000	0.43124
5	133100000	133200000	0.44237
5	133200000	133300000	0.48983
5	133300000	133400000	0.4846
5	133400000	133500000	0.46033
5	133500000	133600000	0.43244
5	133600000	133700000	0.43204
5	133700000	133800000	0.45809
5	133800000	133900000	0.47973
5	133900000	134000000	0.46847
5	134000000	134100000	0.48537
5	134100000	134200000	0.48881
5	134200000	134300000	0.41972
5	134300000	134400000	0.40758
5	134400000	134500000	0.46852
5	134500000	134600000	0.51625
5	134600000	134700000	0.43148
5	134700000	134800000	0.42438
5	134800000	134900000	0.43037
5	134900000	135000000	0.42003
5	135000000	135100000	0.51473
5	135100000	135200000	0.48132
5	135200000	135300000	0.43919
5	135300000	135400000	0.47635
5	135400000	135500000	0.46336
5	135500000	135600000	0.47088
5	135600000	135700000	0.43221
5	135700000	135800000	0.43982
5	135800000	135900000	0.46157
5	135900000	136000000	0.39274
5	136000000	136100000	0.45613
5	136100000	136200000	0.41194
5	136200000	136300000	0.44091
5	136300000	136400000	0.4066
5	136400000	136500000	0.39089
5	136500000	136600000	0.39529
5	136600000	136700000	0.38715
5	136700000	136800000	0.40658
5	136800000	136900000	0.38912
5	136900000	137000000	0.39734
5	137000000	137100000	0.42568
5	137100000	137200000	0.43183
5	137200000	137300000	0.41801
5	137300000	137400000	0.44009
5	137400000	137500000	0.42671
5	137500000	137600000	0.43079
5	137600000	137700000	0.43855
5	137700000	137800000	0.40467
5	137800000	137900000	0.38555
5	137900000	138000000	0.39112
5	138000000	138100000	0.4337
5	138100000	138200000	0.42572
5	138200000	138300000	0.45605
5	138300000	138400000	0.44256
5	138400000	138500000	0.48778
5	138500000	138600000	0.44385
5	138600000	138700000	0.47549
5	138700000	138800000	0.45265
5	138800000	138900000	0.40104
5	138900000	139000000	0.466
5	139000000	139100000	0.41932
5	139100000	139200000	0.4558
5	139200000	139300000	0.45476
5	139300000	139400000	0.45343
5	139400000	139500000	0.476010101010101
5	139500000	139600000	0.4614
5	139600000	139700000	0.52287
5	139700000	139800000	0.53047
5	139800000	139900000	0.51913
5	139900000	140000000	0.44828
5	140000000	140100000	0.41029
5	140100000	140200000	0.44332
5	140200000	140300000	0.42962
5	140300000	140400000	0.46338
5	140400000	140500000	0.3844
5	140500000	140600000	0.43751
5	140600000	140700000	0.45581
5	140700000	140800000	0.40431
5	140800000	140900000	0.40653
5	140900000	141000000	0.39094
5	141000000	141100000	0.3838
5	141100000	141200000	0.39957
5	141200000	141300000	0.41319
5	141300000	141400000	0.43723
5	141400000	141500000	0.44677
5	141500000	141600000	0.42836
5	141600000	141700000	0.48445
5	141700000	141800000	0.49881
5	141800000	141900000	0.50983
5	141900000	142000000	0.45312
5	142000000	142100000	0.44711
5	142100000	142200000	0.42386
5	142200000	142300000	0.46549
5	142300000	142400000	0.467
5	142400000	142500000	0.45001
5	142500000	142600000	0.42575
5	142600000	142700000	0.4526
5	142700000	142800000	0.4321
5	142800000	142900000	0.43793
5	142900000	143000000	0.40946
5	143000000	143100000	0.41127
5	143100000	143200000	0.4188
5	143200000	143300000	0.41114
5	143300000	143400000	0.36883
5	143400000	143500000	0.40153
5	143500000	143600000	0.39148
5	143600000	143700000	0.39438
5	143700000	143800000	0.39454
5	143800000	143900000	0.39565
5	143900000	144000000	0.38232
5	144000000	144100000	0.38841
5	144100000	144200000	0.37308
5	144200000	144300000	0.3735
5	144300000	144400000	0.38542
5	144400000	144500000	0.3759
5	144500000	144600000	0.37711
5	144600000	144700000	0.37354
5	144700000	144800000	0.36357
5	144800000	144900000	0.36681
5	144900000	145000000	0.35305
5	145000000	145100000	0.3634
5	145100000	145200000	0.36704
5	145200000	145300000	0.37224
5	145300000	145400000	0.37078
5	145400000	145500000	0.38705
5	145500000	145600000	0.38246
5	145600000	145700000	0.38875
5	145700000	145800000	0.38214
5	145800000	145900000	0.40088
5	145900000	146000000	0.41711
5	146000000	146100000	0.42468
5	146100000	146200000	0.39925
5	146200000	146300000	0.38713
5	146300000	146400000	0.43535
5	146400000	146500000	0.38272
5	146500000	146600000	0.40836
5	146600000	146700000	0.41134
5	146700000	146800000	0.39489
5	146800000	146900000	0.39626
5	146900000	147000000	0.38434
5	147000000	147100000	0.38617
5	147100000	147200000	0.38411
5	147200000	147300000	0.38903
5	147300000	147400000	0.39153
5	147400000	147500000	0.41123
5	147500000	147600000	0.39528
5	147600000	147700000	0.39001
5	147700000	147800000	0.37729
5	147800000	147900000	0.39004
5	147900000	148000000	0.37479
5	148000000	148100000	0.35861
5	148100000	148200000	0.3645
5	148200000	148300000	0.36214
5	148300000	148400000	0.37256
5	148400000	148500000	0.38202
5	148500000	148600000	0.38346
5	148600000	148700000	0.39045
5	148700000	148800000	0.38656
5	148800000	148900000	0.41295
5	148900000	149000000	0.43119
5	149000000	149100000	0.41809
5	149100000	149200000	0.41783
5	149200000	149300000	0.46783
5	149300000	149400000	0.46885
5	149400000	149500000	0.48536
5	149500000	149600000	0.41184
5	149600000	149700000	0.46163
5	149700000	149800000	0.47061
5	149800000	149900000	0.47075
5	149900000	150000000	0.42534
5	150000000	150100000	0.45665
5	150100000	150200000	0.53205
5	150200000	150300000	0.52966
5	150300000	150400000	0.49722
5	150400000	150500000	0.50049
5	150500000	150600000	0.50884
5	150600000	150700000	0.49593
5	150700000	150800000	0.4056
5	150800000	150900000	0.38429
5	150900000	151000000	0.38357
5	151000000	151100000	0.49238
5	151100000	151200000	0.47346
5	151200000	151300000	0.45567
5	151300000	151400000	0.42663
5	151400000	151500000	0.4243
5	151500000	151600000	0.46537
5	151600000	151700000	0.46287
5	151700000	151800000	0.43217
5	151800000	151900000	0.41292
5	151900000	152000000	0.40285
5	152000000	152100000	0.39869
5	152100000	152200000	0.40572
5	152200000	152300000	0.39398
5	152300000	152400000	0.39445
5	152400000	152500000	0.38148
5	152500000	152600000	0.38729
5	152600000	152700000	0.3718
5	152700000	152800000	0.37419
5	152800000	152900000	0.37291
5	152900000	153000000	0.37765
5	153000000	153100000	0.38263
5	153100000	153200000	0.37538
5	153200000	153300000	0.38142
5	153300000	153400000	0.38816
5	153400000	153500000	0.40546
5	153500000	153600000	0.40546
5	153600000	153700000	0.41024
5	153700000	153800000	0.41554
5	153800000	153900000	0.40199
5	153900000	154000000	0.41778
5	154000000	154100000	0.40159
5	154100000	154200000	0.44276
5	154200000	154300000	0.43064
5	154300000	154400000	0.44298
5	154400000	154500000	0.45774
5	154500000	154600000	0.45358
5	154600000	154700000	0.472
5	154700000	154800000	0.46471
5	154800000	154900000	0.45309
5	154900000	155000000	0.40693
5	155000000	155100000	0.41458
5	155100000	155200000	0.41399
5	155200000	155300000	0.41371
5	155300000	155400000	0.39497
5	155400000	155500000	0.38278
5	155500000	155600000	0.38774
5	155600000	155700000	0.39117
5	155700000	155800000	0.3944242424242424
5	155800000	155900000	0.38286
5	155900000	156000000	0.38985
5	156000000	156100000	0.3905
5	156100000	156200000	0.3751
5	156200000	156300000	0.36572
5	156300000	156400000	0.38421
5	156400000	156500000	0.38847
5	156500000	156600000	0.38878
5	156600000	156700000	0.39343
5	156700000	156800000	0.38753
5	156800000	156900000	0.39594
5	156900000	157000000	0.41564
5	157000000	157100000	0.43009
5	157100000	157200000	0.4155
5	157200000	157300000	0.42306
5	157300000	157400000	0.44717
5	157400000	157500000	0.44024
5	157500000	157600000	0.44364
5	157600000	157700000	0.42932
5	157700000	157800000	0.41115
5	157800000	157900000	0.41078
5	157900000	158000000	0.44077
5	158000000	158100000	0.41448
5	158100000	158200000	0.42231
5	158200000	158300000	0.4002
5	158300000	158400000	0.39142
5	158400000	158500000	0.4091
5	158500000	158600000	0.40869
5	158600000	158700000	0.39126
5	158700000	158800000	0.39209
5	158800000	158900000	0.40171
5	158900000	159000000	0.40759
5	159000000	159100000	0.39925
5	159100000	159200000	0.3914
5	159200000	159300000	0.39452
5	159300000	159400000	0.4104
5	159400000	159500000	0.43053
5	159500000	159600000	0.41803
5	159600000	159700000	0.40733
5	159700000	159800000	0.41347
5	159800000	159900000	0.42779
5	159900000	160000000	0.44472
5	160000000	160100000	0.41171
5	160100000	160200000	0.47203
5	160200000	160300000	0.47521
5	160300000	160400000	0.44668
5	160400000	160500000	0.4127
5	160500000	160600000	0.42129
5	160600000	160700000	0.41374
5	160700000	160800000	0.40012
5	160800000	160900000	0.3751
5	160900000	161000000	0.41369
5	161000000	161100000	0.38723
5	161100000	161200000	0.37534
5	161200000	161300000	0.37955
5	161300000	161400000	0.35753
5	161400000	161500000	0.36161
5	161500000	161600000	0.36228
5	161600000	161700000	0.35401
5	161700000	161800000	0.352
5	161800000	161900000	0.34922
5	161900000	162000000	0.34637
5	162000000	162100000	0.34979
5	162100000	162200000	0.35788
5	162200000	162300000	0.38122
5	162300000	162400000	0.35898
5	162400000	162500000	0.36747
5	162500000	162600000	0.36392
5	162600000	162700000	0.36837
5	162700000	162800000	0.36235
5	162800000	162900000	0.36356
5	162900000	163000000	0.36077
5	163000000	163100000	0.36088
5	163100000	163200000	0.37683
5	163200000	163300000	0.37693
5	163300000	163400000	0.39832
5	163400000	163500000	0.38053
5	163500000	163600000	0.39573
5	163600000	163700000	0.38387
5	163700000	163800000	0.37501
5	163800000	163900000	0.36365
5	163900000	164000000	0.37261
5	164000000	164100000	0.36277
5	164100000	164200000	0.3648
5	164200000	164300000	0.34967
5	164300000	164400000	0.34879
5	164400000	164500000	0.36164
5	164500000	164600000	0.3562
5	164600000	164700000	0.3589
5	164700000	164800000	0.35611
5	164800000	164900000	0.35159
5	164900000	165000000	0.35215
5	165000000	165100000	0.36014
5	165100000	165200000	0.35814
5	165200000	165300000	0.35991
5	165300000	165400000	0.35581
5	165400000	165500000	0.36494
5	165500000	165600000	0.36154
5	165600000	165700000	0.37183
5	165700000	165800000	0.35594
5	165800000	165900000	0.35645
5	165900000	166000000	0.36457
5	166000000	166100000	0.37646
5	166100000	166200000	0.37362
5	166200000	166300000	0.36598
5	166300000	166400000	0.37579
5	166400000	166500000	0.37691
5	166500000	166600000	0.36394
5	166600000	166700000	0.36968
5	166700000	166800000	0.39767
5	166800000	166900000	0.39014
5	166900000	167000000	0.39315
5	167000000	167100000	0.37109
5	167100000	167200000	0.3858
5	167200000	167300000	0.38623
5	167300000	167400000	0.37702
5	167400000	167500000	0.36877
5	167500000	167600000	0.38048
5	167600000	167700000	0.38277
5	167700000	167800000	0.40098
5	167800000	167900000	0.41347
5	167900000	168000000	0.41522
5	168000000	168100000	0.42217
5	168100000	168200000	0.44207
5	168200000	168300000	0.46651
5	168300000	168400000	0.45621
5	168400000	168500000	0.45873
5	168500000	168600000	0.41308
5	168600000	168700000	0.45697
5	168700000	168800000	0.46826
5	168800000	168900000	0.447
5	168900000	169000000	0.4455
5	169000000	169100000	0.44067
5	169100000	169200000	0.44845
5	169200000	169300000	0.43273
5	169300000	169400000	0.39833
5	169400000	169500000	0.39859
5	169500000	169600000	0.39291
5	169600000	169700000	0.4187
5	169700000	169800000	0.41944
5	169800000	169900000	0.42759
5	169900000	170000000	0.43559
5	170000000	170100000	0.45272
5	170100000	170200000	0.45948
5	170200000	170300000	0.42922
5	170300000	170400000	0.46609
5	170400000	170500000	0.46123
5	170500000	170600000	0.46889
5	170600000	170700000	0.47052
5	170700000	170800000	0.45583
5	170800000	170900000	0.39725
5	170900000	171000000	0.35296
5	171000000	171100000	0.37408
5	171100000	171200000	0.37375
5	171200000	171300000	0.39107
5	171300000	171400000	0.47074
5	171400000	171500000	0.50392
5	171500000	171600000	0.46014
5	171600000	171700000	0.46131
5	171700000	171800000	0.43748
5	171800000	171900000	0.4392
5	171900000	172000000	0.39738
5	172000000	172100000	0.46566
5	172100000	172200000	0.49423
5	172200000	172300000	0.42236
5	172300000	172400000	0.46464
5	172400000	172500000	0.48688
5	172500000	172600000	0.47968
5	172600000	172700000	0.49776
5	172700000	172800000	0.49561
5	172800000	172900000	0.48883
5	172900000	173000000	0.4884
5	173000000	173100000	0.43647
5	173100000	173200000	0.43997
5	173200000	173300000	0.47934
5	173300000	173400000	0.46123
5	173400000	173500000	0.45095
5	173500000	173600000	0.4483
5	173600000	173700000	0.46419
5	173700000	173800000	0.48129
5	173800000	173900000	0.44001
5	173900000	174000000	0.39713
5	174000000	174100000	0.42459
5	174100000	174200000	0.45923
5	174200000	174300000	0.42606
5	174300000	174400000	0.45888
5	174400000	174500000	0.42369
5	174500000	174600000	0.44077
5	174600000	174700000	0.44779
5	174700000	174800000	0.45177
5	174800000	174900000	0.4213
5	174900000	175000000	0.42685
5	175000000	175100000	0.41972
5	175100000	175200000	0.4122
5	175200000	175300000	0.42629
5	175300000	175400000	0.42927
5	175400000	175500000	0.42096
5	175500000	175600000	0.43866
5	175600000	175700000	0.48412
5	175700000	175800000	0.45711
5	175800000	175900000	0.50867
5	175900000	176000000	0.43367
5	176000000	176100000	0.45348
5	176100000	176200000	0.45939
5	176200000	176300000	0.42528
5	176300000	176400000	0.46518
5	176400000	176500000	0.45297
5	176500000	176600000	0.52943
5	176600000	176700000	0.53902
5	176700000	176800000	0.50368
5	176800000	176900000	0.56779
5	176900000	177000000	0.41762
5	177000000	177100000	0.48422
5	177100000	177200000	0.46457
5	177200000	177300000	0.41498
5	177300000	177400000	0.53486
5	177400000	177500000	0.57352
5	177500000	177600000	0.50284
5	177600000	177700000	0.43921
5	177700000	177800000	0.44772
5	177800000	177900000	0.44433
5	177900000	178000000	0.47988
5	178000000	178100000	0.46667
5	178100000	178200000	0.5062
5	178200000	178300000	0.53625
5	178300000	178400000	0.52655
5	178400000	178500000	0.47027
5	178500000	178600000	0.48736
5	178600000	178700000	0.43505
5	178700000	178800000	0.46761
5	178800000	178900000	0.44346
5	178900000	179000000	0.46317
5	179000000	179100000	0.41446
5	179100000	179200000	0.52809
5	179200000	179300000	0.53295
5	179300000	179400000	0.52374
5	179400000	179500000	0.51414
5	179500000	179600000	0.46815
5	179600000	179700000	0.50065
5	179700000	179800000	0.47772
5	179800000	179900000	0.53826
5	179900000	180000000	0.44571
5	180000000	180100000	0.44576
5	180100000	180200000	0.50242
5	180200000	180300000	0.46068
5	180300000	180400000	0.52017
5	180400000	180500000	0.47608
5	180500000	180600000	0.43634
5	180600000	180700000	0.52744
5	180700000	180800000	0.41492
5	180800000	180900000	0.44348
5	180900000	181000000	0.40577
5	181000000	181100000	0.45124
5	181100000	181200000	0.49365
5	181200000	181300000	0.48406
5	181300000	181400000	0.40922
5	181400000	181500000	0.4529319311516886
5	181500000	181538259	
6	0	100000	0.37495
6	100000	200000	0.41599
6	200000	300000	0.43542
6	300000	400000	0.48873
6	400000	500000	0.4595
6	500000	600000	0.40633
6	600000	700000	0.41248
6	700000	800000	0.41639
6	800000	900000	0.43657
6	900000	1000000	0.42474
6	1000000	1100000	0.44674
6	1100000	1200000	0.43074
6	1200000	1300000	0.44228
6	1300000	1400000	0.45667
6	1400000	1500000	0.4581
6	1500000	1600000	0.45459
6	1600000	1700000	0.4874
6	1700000	1800000	0.42904
6	1800000	1900000	0.39513
6	1900000	2000000	0.40822
6	2000000	2100000	0.36906
6	2100000	2200000	0.39036
6	2200000	2300000	0.41285
6	2300000	2400000	0.41375
6	2400000	2500000	0.43989
6	2500000	2600000	0.42561
6	2600000	2700000	0.434
6	2700000	2800000	0.43117
6	2800000	2900000	0.43534
6	2900000	3000000	0.45861
6	3000000	3100000	0.45782
6	3100000	3200000	0.46859
6	3200000	3300000	0.49386
6	3300000	3400000	0.46864
6	3400000	3500000	0.46128
6	3500000	3600000	0.43529
6	3600000	3700000	0.43826
6	3700000	3800000	0.48205
6	3800000	3900000	0.44923
6	3900000	4000000	0.42205
6	4000000	4100000	0.4028
6	4100000	4200000	0.41272
6	4200000	4300000	0.42476
6	4300000	4400000	0.43154
6	4400000	4500000	0.42438
6	4500000	4600000	0.42068
6	4600000	4700000	0.43938
6	4700000	4800000	0.42938
6	4800000	4900000	0.39813
6	4900000	5000000	0.43996
6	5000000	5100000	0.45049
6	5100000	5200000	0.44331
6	5200000	5300000	0.41524
6	5300000	5400000	0.39419
6	5400000	5500000	0.40429
6	5500000	5600000	0.40615
6	5600000	5700000	0.42706
6	5700000	5800000	0.45958
6	5800000	5900000	0.4572
6	5900000	6000000	0.42658
6	6000000	6100000	0.41081
6	6100000	6200000	0.41769
6	6200000	6300000	0.40597
6	6300000	6400000	0.41063
6	6400000	6500000	0.39964
6	6500000	6600000	0.41881
6	6600000	6700000	0.44593
6	6700000	6800000	0.45802
6	6800000	6900000	0.4584
6	6900000	7000000	0.45634
6	7000000	7100000	0.44146
6	7100000	7200000	0.44632
6	7200000	7300000	0.47066
6	7300000	7400000	0.4196
6	7400000	7500000	0.44006
6	7500000	7600000	0.42415
6	7600000	7700000	0.42771
6	7700000	7800000	0.43223
6	7800000	7900000	0.43771
6	7900000	8000000	0.42815
6	8000000	8100000	0.39656
6	8100000	8200000	0.41853
6	8200000	8300000	0.40946
6	8300000	8400000	0.39339
6	8400000	8500000	0.36771
6	8500000	8600000	0.36178
6	8600000	8700000	0.38417
6	8700000	8800000	0.37127
6	8800000	8900000	0.3878
6	8900000	9000000	0.35617
6	9000000	9100000	0.37787
6	9100000	9200000	0.37441
6	9200000	9300000	0.36505
6	9300000	9400000	0.36366
6	9400000	9500000	0.37115
6	9500000	9600000	0.37337
6	9600000	9700000	0.36402
6	9700000	9800000	0.3818
6	9800000	9900000	0.381
6	9900000	10000000	0.38399
6	10000000	10100000	0.38174
6	10100000	10200000	0.39929
6	10200000	10300000	0.39981
6	10300000	10400000	0.44428
6	10400000	10500000	0.45933
6	10500000	10600000	0.43625
6	10600000	10700000	0.42333
6	10700000	10800000	0.43484
6	10800000	10900000	0.42355
6	10900000	11000000	0.40215
6	11000000	11100000	0.41406
6	11100000	11200000	0.42263
6	11200000	11300000	0.42956
6	11300000	11400000	0.42708
6	11400000	11500000	0.41398
6	11500000	11600000	0.37828
6	11600000	11700000	0.41674
6	11700000	11800000	0.43669
6	11800000	11900000	0.39708
6	11900000	12000000	0.39104
6	12000000	12100000	0.39399
6	12100000	12200000	0.38352
6	12200000	12300000	0.40317
6	12300000	12400000	0.41287
6	12400000	12500000	0.39284
6	12500000	12600000	0.3891
6	12600000	12700000	0.38801
6	12700000	12800000	0.3953
6	12800000	12900000	0.40496
6	12900000	13000000	0.41116
6	13000000	13100000	0.40639
6	13100000	13200000	0.40737
6	13200000	13300000	0.44986
6	13300000	13400000	0.44025
6	13400000	13500000	0.446
6	13500000	13600000	0.43102
6	13600000	13700000	0.37162
6	13700000	13800000	0.44589
6	13800000	13900000	0.42534
6	13900000	14000000	0.38996
6	14000000	14100000	0.44188
6	14100000	14200000	0.43156
6	14200000	14300000	0.44109
6	14300000	14400000	0.42578
6	14400000	14500000	0.42357
6	14500000	14600000	0.43257
6	14600000	14700000	0.42876
6	14700000	14800000	0.43392
6	14800000	14900000	0.44474
6	14900000	15000000	0.448
6	15000000	15100000	0.45382
6	15100000	15200000	0.45181
6	15200000	15300000	0.45438
6	15300000	15400000	0.42127
6	15400000	15500000	0.43597
6	15500000	15600000	0.4385
6	15600000	15700000	0.39806
6	15700000	15800000	0.41819
6	15800000	15900000	0.41703
6	15900000	16000000	0.42875
6	16000000	16100000	0.4165
6	16100000	16200000	0.41555
6	16200000	16300000	0.46896
6	16300000	16400000	0.44377
6	16400000	16500000	0.4192
6	16500000	16600000	0.41236
6	16600000	16700000	0.40646
6	16700000	16800000	0.40829
6	16800000	16900000	0.40731
6	16900000	17000000	0.39773
6	17000000	17100000	0.40508
6	17100000	17200000	0.41123
6	17200000	17300000	0.41335
6	17300000	17400000	0.4319
6	17400000	17500000	0.42236
6	17500000	17600000	0.41728
6	17600000	17700000	0.39837
6	17700000	17800000	0.43618
6	17800000	17900000	0.41038
6	17900000	18000000	0.41606
6	18000000	18100000	0.43401
6	18100000	18200000	0.41804
6	18200000	18300000	0.41645
6	18300000	18400000	0.4149
6	18400000	18500000	0.3942
6	18500000	18600000	0.39918
6	18600000	18700000	0.38309
6	18700000	18800000	0.37766
6	18800000	18900000	0.35448
6	18900000	19000000	0.37431
6	19000000	19100000	0.37052
6	19100000	19200000	0.37046
6	19200000	19300000	0.38352
6	19300000	19400000	0.38795
6	19400000	19500000	0.39053
6	19500000	19600000	0.38251
6	19600000	19700000	0.38068
6	19700000	19800000	0.39186
6	19800000	19900000	0.40824
6	19900000	20000000	0.39582
6	20000000	20100000	0.4201
6	20100000	20200000	0.4177
6	20200000	20300000	0.41724
6	20300000	20400000	0.43199
6	20400000	20500000	0.42871
6	20500000	20600000	0.3976
6	20600000	20700000	0.37301
6	20700000	20800000	0.37608
6	20800000	20900000	0.3701
6	20900000	21000000	0.38303
6	21000000	21100000	0.3756
6	21100000	21200000	0.38707
6	21200000	21300000	0.41597
6	21300000	21400000	0.43334
6	21400000	21500000	0.42261
6	21500000	21600000	0.42439
6	21600000	21700000	0.43578
6	21700000	21800000	0.42428
6	21800000	21900000	0.42811
6	21900000	22000000	0.40736
6	22000000	22100000	0.39045
6	22100000	22200000	0.38784
6	22200000	22300000	0.38099
6	22300000	22400000	0.3894
6	22400000	22500000	0.36976
6	22500000	22600000	0.37017
6	22600000	22700000	0.36647
6	22700000	22800000	0.3768
6	22800000	22900000	0.37529
6	22900000	23000000	0.36326
6	23000000	23100000	0.37108
6	23100000	23200000	0.3736
6	23200000	23300000	0.36136
6	23300000	23400000	0.37208
6	23400000	23500000	0.36923
6	23500000	23600000	0.37574
6	23600000	23700000	0.37569
6	23700000	23800000	0.36409
6	23800000	23900000	0.3669
6	23900000	24000000	0.37552
6	24000000	24100000	0.38598
6	24100000	24200000	0.39916
6	24200000	24300000	0.38781
6	24300000	24400000	0.3962
6	24400000	24500000	0.4294
6	24500000	24600000	0.4264
6	24600000	24700000	0.40454
6	24700000	24800000	0.41037
6	24800000	24900000	0.41748
6	24900000	25000000	0.41768
6	25000000	25100000	0.41146
6	25100000	25200000	0.39109
6	25200000	25300000	0.40173
6	25300000	25400000	0.41013
6	25400000	25500000	0.38984
6	25500000	25600000	0.38005
6	25600000	25700000	0.39936
6	25700000	25800000	0.39234
6	25800000	25900000	0.37808
6	25900000	26000000	0.40228
6	26000000	26100000	0.4184
6	26100000	26200000	0.41573
6	26200000	26300000	0.42466
6	26300000	26400000	0.43213
6	26400000	26500000	0.44382
6	26500000	26600000	0.43188
6	26600000	26700000	0.39624
6	26700000	26800000	0.41176
6	26800000	26900000	0.39965
6	26900000	27000000	0.35292
6	27000000	27100000	0.38697
6	27100000	27200000	0.4115
6	27200000	27300000	0.43295
6	27300000	27400000	0.40034
6	27400000	27500000	0.40505
6	27500000	27600000	0.41046
6	27600000	27700000	0.43741
6	27700000	27800000	0.42476
6	27800000	27900000	0.43183
6	27900000	28000000	0.3659
6	28000000	28100000	0.39376
6	28100000	28200000	0.3977
6	28200000	28300000	0.4068
6	28300000	28400000	0.41189
6	28400000	28500000	0.39513
6	28500000	28600000	0.40651
6	28600000	28700000	0.41629
6	28700000	28800000	0.4195
6	28800000	28900000	0.42954
6	28900000	29000000	0.44109
6	29000000	29100000	0.36902
6	29100000	29200000	0.36937
6	29200000	29300000	0.38317
6	29300000	29400000	0.36188
6	29400000	29500000	0.39642
6	29500000	29600000	0.44506
6	29600000	29700000	0.46585
6	29700000	29800000	0.46213
6	29800000	29900000	0.44904
6	29900000	30000000	0.45855
6	30000000	30100000	0.43242
6	30100000	30200000	0.44905
6	30200000	30300000	0.41973
6	30300000	30400000	0.42247
6	30400000	30500000	0.44283
6	30500000	30600000	0.46225
6	30600000	30700000	0.49518
6	30700000	30800000	0.47902
6	30800000	30900000	0.48466
6	30900000	31000000	0.48908
6	31000000	31100000	0.45699
6	31100000	31200000	0.50764
6	31200000	31300000	0.43456
6	31300000	31400000	0.43399
6	31400000	31500000	0.45445
6	31500000	31600000	0.48622
6	31600000	31700000	0.51351
6	31700000	31800000	0.51779
6	31800000	31900000	0.51608
6	31900000	32000000	0.51166
6	32000000	32100000	0.55436
6	32100000	32200000	0.51791
6	32200000	32300000	0.43485
6	32300000	32400000	0.39051
6	32400000	32500000	0.41409
6	32500000	32600000	0.41549
6	32600000	32700000	0.39856
6	32700000	32800000	0.39656
6	32800000	32900000	0.4255
6	32900000	33000000	0.41912
6	33000000	33100000	0.4202
6	33100000	33200000	0.48663
6	33200000	33300000	0.49504
6	33300000	33400000	0.48241
6	33400000	33500000	0.495
6	33500000	33600000	0.49837
6	33600000	33700000	0.54103
6	33700000	33800000	0.5212
6	33800000	33900000	0.5234
6	33900000	34000000	0.50588
6	34000000	34100000	0.5507
6	34100000	34200000	0.52102
6	34200000	34300000	0.48634
6	34300000	34400000	0.42598
6	34400000	34500000	0.48656
6	34500000	34600000	0.53112
6	34600000	34700000	0.41479
6	34700000	34800000	0.44756
6	34800000	34900000	0.42648
6	34900000	35000000	0.42081
6	35000000	35100000	0.47687
6	35100000	35200000	0.43987
6	35200000	35300000	0.48965
6	35300000	35400000	0.47725
6	35400000	35500000	0.52584
6	35500000	35600000	0.46144
6	35600000	35700000	0.40437
6	35700000	35800000	0.48717
6	35800000	35900000	0.41705
6	35900000	36000000	0.43228
6	36000000	36100000	0.40147
6	36100000	36200000	0.44128
6	36200000	36300000	0.46725
6	36300000	36400000	0.48117
6	36400000	36500000	0.42477
6	36500000	36600000	0.43447
6	36600000	36700000	0.47507
6	36700000	36800000	0.51712
6	36800000	36900000	0.46843
6	36900000	37000000	0.48259
6	37000000	37100000	0.49424
6	37100000	37200000	0.4665
6	37200000	37300000	0.43567
6	37300000	37400000	0.44071
6	37400000	37500000	0.45143
6	37500000	37600000	0.50952
6	37600000	37700000	0.51331
6	37700000	37800000	0.48918
6	37800000	37900000	0.40814
6	37900000	38000000	0.38033
6	38000000	38100000	0.37776
6	38100000	38200000	0.4712
6	38200000	38300000	0.41352
6	38300000	38400000	0.39502
6	38400000	38500000	0.39821
6	38500000	38600000	0.39067
6	38600000	38700000	0.40363
6	38700000	38800000	0.39718
6	38800000	38900000	0.3827
6	38900000	39000000	0.39221
6	39000000	39100000	0.46491
6	39100000	39200000	0.45615
6	39200000	39300000	0.48844
6	39300000	39400000	0.48554
6	39400000	39500000	0.41313
6	39500000	39600000	0.39569
6	39600000	39700000	0.37064
6	39700000	39800000	0.40874
6	39800000	39900000	0.47473
6	39900000	40000000	0.45147
6	40000000	40100000	0.41263
6	40100000	40200000	0.43783
6	40200000	40300000	0.43648
6	40300000	40400000	0.45989
6	40400000	40500000	0.47969
6	40500000	40600000	0.4869
6	40600000	40700000	0.45866
6	40700000	40800000	0.46501
6	40800000	40900000	0.44849
6	40900000	41000000	0.43943
6	41000000	41100000	0.44798
6	41100000	41200000	0.43768
6	41200000	41300000	0.43049
6	41300000	41400000	0.44451
6	41400000	41500000	0.50058
6	41500000	41600000	0.5286
6	41600000	41700000	0.51454
6	41700000	41800000	0.5227
6	41800000	41900000	0.41555
6	41900000	42000000	0.46571
6	42000000	42100000	0.47623
6	42100000	42200000	0.50778
6	42200000	42300000	0.45409
6	42300000	42400000	0.45809
6	42400000	42500000	0.4358
6	42500000	42600000	0.40624
6	42600000	42700000	0.39801
6	42700000	42800000	0.4647
6	42800000	42900000	0.44372
6	42900000	43000000	0.49864
6	43000000	43100000	0.511
6	43100000	43200000	0.49877
6	43200000	43300000	0.52113
6	43300000	43400000	0.44352
6	43400000	43500000	0.49237
6	43500000	43600000	0.46151
6	43600000	43700000	0.48125
6	43700000	43800000	0.50935
6	43800000	43900000	0.50061
6	43900000	44000000	0.49728
6	44000000	44100000	0.51625
6	44100000	44200000	0.50498
6	44200000	44300000	0.52455
6	44300000	44400000	0.44444
6	44400000	44500000	0.4263
6	44500000	44600000	0.44998
6	44600000	44700000	0.46198
6	44700000	44800000	0.43444
6	44800000	44900000	0.39422
6	44900000	45000000	0.36385
6	45000000	45100000	0.35261
6	45100000	45200000	0.3594
6	45200000	45300000	0.3617
6	45300000	45400000	0.36206
6	45400000	45500000	0.39791
6	45500000	45600000	0.41214
6	45600000	45700000	0.43552
6	45700000	45800000	0.41916
6	45800000	45900000	0.42043
6	45900000	46000000	0.42867
6	46000000	46100000	0.40749
6	46100000	46200000	0.38544
6	46200000	46300000	0.40709
6	46300000	46400000	0.3952
6	46400000	46500000	0.39113
6	46500000	46600000	0.37281
6	46600000	46700000	0.3736
6	46700000	46800000	0.39538
6	46800000	46900000	0.39712
6	46900000	47000000	0.40901
6	47000000	47100000	0.4023
6	47100000	47200000	0.40935
6	47200000	47300000	0.40544
6	47300000	47400000	0.40261
6	47400000	47500000	0.39002
6	47500000	47600000	0.36764
6	47600000	47700000	0.38874
6	47700000	47800000	0.38254
6	47800000	47900000	0.3765
6	47900000	48000000	0.36407
6	48000000	48100000	0.3677
6	48100000	48200000	0.35499
6	48200000	48300000	0.36272
6	48300000	48400000	0.35818
6	48400000	48500000	0.35545
6	48500000	48600000	0.35276
6	48600000	48700000	0.34797
6	48700000	48800000	0.35374
6	48800000	48900000	0.35717
6	48900000	49000000	0.35557
6	49000000	49100000	0.35407
6	49100000	49200000	0.35185
6	49200000	49300000	0.36511
6	49300000	49400000	0.36049
6	49400000	49500000	0.36297
6	49500000	49600000	0.39052
6	49600000	49700000	0.36878
6	49700000	49800000	0.36437
6	49800000	49900000	0.36154
6	49900000	50000000	0.34502
6	50000000	50100000	0.34637
6	50100000	50200000	0.35261
6	50200000	50300000	0.36556
6	50300000	50400000	0.36477
6	50400000	50500000	0.36062
6	50500000	50600000	0.35619
6	50600000	50700000	0.36019
6	50700000	50800000	0.38166
6	50800000	50900000	0.39783
6	50900000	51000000	0.37546
6	51000000	51100000	0.37693
6	51100000	51200000	0.37602
6	51200000	51300000	0.36675
6	51300000	51400000	0.37501
6	51400000	51500000	0.3745
6	51500000	51600000	0.37461
6	51600000	51700000	0.36849
6	51700000	51800000	0.36308
6	51800000	51900000	0.38835
6	51900000	52000000	0.397
6	52000000	52100000	0.40059
6	52100000	52200000	0.40473
6	52200000	52300000	0.42027
6	52300000	52400000	0.43012
6	52400000	52500000	0.39458
6	52500000	52600000	0.46339
6	52600000	52700000	0.41134
6	52700000	52800000	0.41725
6	52800000	52900000	0.42121
6	52900000	53000000	0.42753
6	53000000	53100000	0.40038
6	53100000	53200000	0.43097
6	53200000	53300000	0.4259
6	53300000	53400000	0.4193
6	53400000	53500000	0.39786
6	53500000	53600000	0.40624
6	53600000	53700000	0.39483
6	53700000	53800000	0.40047
6	53800000	53900000	0.3948
6	53900000	54000000	0.38999
6	54000000	54100000	0.36919
6	54100000	54200000	0.36016
6	54200000	54300000	0.36121
6	54300000	54400000	0.35034
6	54400000	54500000	0.36065
6	54500000	54600000	0.35665
6	54600000	54700000	0.36083
6	54700000	54800000	0.36203
6	54800000	54900000	0.37117
6	54900000	55000000	0.36108
6	55000000	55100000	0.35719
6	55100000	55200000	0.36007
6	55200000	55300000	0.34531
6	55300000	55400000	0.3586
6	55400000	55500000	0.35286
6	55500000	55600000	0.34607
6	55600000	55700000	0.35791
6	55700000	55800000	0.34477
6	55800000	55900000	0.34286
6	55900000	56000000	0.36196
6	56000000	56100000	0.3552
6	56100000	56200000	0.35602
6	56200000	56300000	0.37082
6	56300000	56400000	0.39005
6	56400000	56500000	0.37741
6	56500000	56600000	0.36939
6	56600000	56700000	0.37198
6	56700000	56800000	0.38632
6	56800000	56900000	0.4003
6	56900000	57000000	0.39137
6	57000000	57100000	0.39112
6	57100000	57200000	0.36691
6	57200000	57300000	0.3999
6	57300000	57400000	0.38425
6	57400000	57500000	0.37785
6	57500000	57600000	0.36957
6	57600000	57700000	0.37989
6	57700000	57800000	0.34972
6	57800000	57900000	0.39052
6	57900000	58000000	0.40277
6	58000000	58100000	0.37473
6	58100000	58200000	0.3662
6	58200000	58300000	0.38053
6	58300000	58400000	0.36748
6	58400000	58500000	0.37754230997624705
6	58500000	58600000	0.3993537473976405
6	58600000	58700000	0.39866
6	58700000	58800000	0.39873
6	58800000	58900000	0.3991
6	58900000	59000000	0.39917
6	59000000	59100000	0.39922
6	59100000	59200000	0.39883
6	59200000	59300000	0.39921
6	59300000	59400000	0.3996
6	59400000	59500000	0.3994594594594595
6	59500000	59600000	0.39877
6	59600000	59700000	0.39906
6	59700000	59800000	0.39949
6	59800000	59900000	0.3989408057920493
6	59900000	60000000	
6	60000000	60100000	
6	60100000	60200000	
6	60200000	60300000	0.36566951160334543
6	60300000	60400000	0.37604
6	60400000	60500000	0.37023
6	60500000	60600000	0.37627
6	60600000	60700000	0.3752
6	60700000	60800000	0.37838
6	60800000	60900000	0.36677
6	60900000	61000000	0.36764
6	61000000	61100000	0.38704
6	61100000	61200000	0.37477
6	61200000	61300000	0.37012
6	61300000	61400000	0.3602134885977681
6	61400000	61500000	0.36272
6	61500000	61600000	0.36284
6	61600000	61700000	0.35702
6	61700000	61800000	0.34318
6	61800000	61900000	0.35708
6	61900000	62000000	0.34952
6	62000000	62100000	0.33915
6	62100000	62200000	0.35419
6	62200000	62300000	0.34803
6	62300000	62400000	0.35624
6	62400000	62500000	0.34385
6	62500000	62600000	0.35842
6	62600000	62700000	0.3517
6	62700000	62800000	0.34495
6	62800000	62900000	0.37847
6	62900000	63000000	0.35119
6	63000000	63100000	0.37297
6	63100000	63200000	0.3709
6	63200000	63300000	0.38128
6	63300000	63400000	0.39488
6	63400000	63500000	0.40352
6	63500000	63600000	0.39584
6	63600000	63700000	0.37092
6	63700000	63800000	0.36712
6	63800000	63900000	0.38112
6	63900000	64000000	0.36973
6	64000000	64100000	0.3693
6	64100000	64200000	0.35346
6	64200000	64300000	0.3492
6	64300000	64400000	0.36449
6	64400000	64500000	0.34506
6	64500000	64600000	0.34891
6	64600000	64700000	0.35626
6	64700000	64800000	0.35222
6	64800000	64900000	0.3391
6	64900000	65000000	0.33566
6	65000000	65100000	0.35155
6	65100000	65200000	0.33006
6	65200000	65300000	0.33347
6	65300000	65400000	0.34742
6	65400000	65500000	0.32765
6	65500000	65600000	0.34274
6	65600000	65700000	0.34958
6	65700000	65800000	0.35877
6	65800000	65900000	0.3411
6	65900000	66000000	0.34916
6	66000000	66100000	0.34715
6	66100000	66200000	0.35828
6	66200000	66300000	0.34969
6	66300000	66400000	0.34767
6	66400000	66500000	0.34459
6	66500000	66600000	0.34271
6	66600000	66700000	0.34592
6	66700000	66800000	0.34398
6	66800000	66900000	0.34468
6	66900000	67000000	0.34698
6	67000000	67100000	0.33888
6	67100000	67200000	0.32687
6	67200000	67300000	0.34375
6	67300000	67400000	0.33334
6	67400000	67500000	0.3341
6	67500000	67600000	0.35001
6	67600000	67700000	0.33859
6	67700000	67800000	0.34143
6	67800000	67900000	0.35959
6	67900000	68000000	0.3486
6	68000000	68100000	0.33991
6	68100000	68200000	0.36146
6	68200000	68300000	0.36263
6	68300000	68400000	0.34647
6	68400000	68500000	0.34517
6	68500000	68600000	0.34808
6	68600000	68700000	0.35364
6	68700000	68800000	0.35144
6	68800000	68900000	0.35074
6	68900000	69000000	0.34584
6	69000000	69100000	0.34753
6	69100000	69200000	0.36461
6	69200000	69300000	0.35953
6	69300000	69400000	0.34938
6	69400000	69500000	0.38923
6	69500000	69600000	0.36378
6	69600000	69700000	0.36904
6	69700000	69800000	0.35694
6	69800000	69900000	0.36701
6	69900000	70000000	0.35125
6	70000000	70100000	0.36117
6	70100000	70200000	0.37794
6	70200000	70300000	0.37547
6	70300000	70400000	0.3911
6	70400000	70500000	0.36241
6	70500000	70600000	0.38045
6	70600000	70700000	0.40741
6	70700000	70800000	0.38098
6	70800000	70900000	0.38002
6	70900000	71000000	0.4025
6	71000000	71100000	0.38151
6	71100000	71200000	0.38304
6	71200000	71300000	0.386
6	71300000	71400000	0.36955
6	71400000	71500000	0.36921
6	71500000	71600000	0.37207
6	71600000	71700000	0.37105
6	71700000	71800000	0.37367
6	71800000	71900000	0.36645
6	71900000	72000000	0.36352
6	72000000	72100000	0.36329
6	72100000	72200000	0.36584
6	72200000	72300000	0.33055
6	72300000	72400000	0.34993
6	72400000	72500000	0.37836
6	72500000	72600000	0.36669
6	72600000	72700000	0.37704
6	72700000	72800000	0.36191
6	72800000	72900000	0.36329
6	72900000	73000000	0.38131
6	73000000	73100000	0.37548
6	73100000	73200000	0.38789
6	73200000	73300000	0.43859
6	73300000	73400000	0.45032
6	73400000	73500000	0.42832
6	73500000	73600000	0.44462
6	73600000	73700000	0.42286
6	73700000	73800000	0.38864
6	73800000	73900000	0.38305
6	73900000	74000000	0.39631
6	74000000	74100000	0.3828
6	74100000	74200000	0.36837
6	74200000	74300000	0.36335
6	74300000	74400000	0.35765
6	74400000	74500000	0.36032
6	74500000	74600000	0.36861
6	74600000	74700000	0.3641
6	74700000	74800000	0.3528
6	74800000	74900000	0.3661
6	74900000	75000000	0.36606
6	75000000	75100000	0.37536
6	75100000	75200000	0.35948
6	75200000	75300000	0.39097
6	75300000	75400000	0.38547
6	75400000	75500000	0.37701
6	75500000	75600000	0.38501
6	75600000	75700000	0.37569
6	75700000	75800000	0.39445
6	75800000	75900000	0.37137
6	75900000	76000000	0.38846
6	76000000	76100000	0.37626
6	76100000	76200000	0.38415
6	76200000	76300000	0.36698
6	76300000	76400000	0.36204
6	76400000	76500000	0.36724
6	76500000	76600000	0.35363
6	76600000	76700000	0.37189
6	76700000	76800000	0.37423
6	76800000	76900000	0.357
6	76900000	77000000	0.35819
6	77000000	77100000	0.35801
6	77100000	77200000	0.34767
6	77200000	77300000	0.36485
6	77300000	77400000	0.35296
6	77400000	77500000	0.3622
6	77500000	77600000	0.37019
6	77600000	77700000	0.36968
6	77700000	77800000	0.38436
6	77800000	77900000	0.35841
6	77900000	78000000	0.35997
6	78000000	78100000	0.36277
6	78100000	78200000	0.36292
6	78200000	78300000	0.36123
6	78300000	78400000	0.35645
6	78400000	78500000	0.35842
6	78500000	78600000	0.37727
6	78600000	78700000	0.37659
6	78700000	78800000	0.37856
6	78800000	78900000	0.38052
6	78900000	79000000	0.35898
6	79000000	79100000	0.3444
6	79100000	79200000	0.36208
6	79200000	79300000	0.38676
6	79300000	79400000	0.39108
6	79400000	79500000	0.37648
6	79500000	79600000	0.36746
6	79600000	79700000	0.39553
6	79700000	79800000	0.38645
6	79800000	79900000	0.38393
6	79900000	80000000	0.37554
6	80000000	80100000	0.37272
6	80100000	80200000	0.37771
6	80200000	80300000	0.36235
6	80300000	80400000	0.374
6	80400000	80500000	0.37567
6	80500000	80600000	0.37404
6	80600000	80700000	0.36571
6	80700000	80800000	0.35039
6	80800000	80900000	0.34401
6	80900000	81000000	0.34956
6	81000000	81100000	0.35268
6	81100000	81200000	0.34409
6	81200000	81300000	0.35195
6	81300000	81400000	0.36741
6	81400000	81500000	0.35825
6	81500000	81600000	0.3606
6	81600000	81700000	0.3604
6	81700000	81800000	0.37122
6	81800000	81900000	0.3797
6	81900000	82000000	0.37225
6	82000000	82100000	0.3803
6	82100000	82200000	0.37433
6	82200000	82300000	0.38909
6	82300000	82400000	0.37875
6	82400000	82500000	0.38064
6	82500000	82600000	0.37998
6	82600000	82700000	0.37619
6	82700000	82800000	0.38319
6	82800000	82900000	0.38534
6	82900000	83000000	0.38118
6	83000000	83100000	0.38427
6	83100000	83200000	0.36902
6	83200000	83300000	0.3642
6	83300000	83400000	0.37257
6	83400000	83500000	0.39252
6	83500000	83600000	0.38193
6	83600000	83700000	0.35886
6	83700000	83800000	0.37446
6	83800000	83900000	0.38414
6	83900000	84000000	0.37061
6	84000000	84100000	0.41407
6	84100000	84200000	0.37913
6	84200000	84300000	0.37583
6	84300000	84400000	0.37045
6	84400000	84500000	0.3749
6	84500000	84600000	0.37428
6	84600000	84700000	0.37939
6	84700000	84800000	0.39729
6	84800000	84900000	0.37056
6	84900000	85000000	0.38462
6	85000000	85100000	0.40061
6	85100000	85200000	0.37979
6	85200000	85300000	0.38866
6	85300000	85400000	0.40177
6	85400000	85500000	0.41389
6	85500000	85600000	0.37417
6	85600000	85700000	0.40681
6	85700000	85800000	0.39824
6	85800000	85900000	0.40222
6	85900000	86000000	0.39365
6	86000000	86100000	0.37504
6	86100000	86200000	0.37818
6	86200000	86300000	0.38479
6	86300000	86400000	0.38182
6	86400000	86500000	0.40064
6	86500000	86600000	0.37583
6	86600000	86700000	0.38574
6	86700000	86800000	0.38455
6	86800000	86900000	0.38866
6	86900000	87000000	0.3789
6	87000000	87100000	0.39745
6	87100000	87200000	0.38587
6	87200000	87300000	0.37881
6	87300000	87400000	0.40284
6	87400000	87500000	0.38747
6	87500000	87600000	0.38347
6	87600000	87700000	0.39206
6	87700000	87800000	0.43447
6	87800000	87900000	0.40138
6	87900000	88000000	0.40407
6	88000000	88100000	0.3812
6	88100000	88200000	0.39877
6	88200000	88300000	0.37486
6	88300000	88400000	0.38536
6	88400000	88500000	0.39316
6	88500000	88600000	0.43696
6	88600000	88700000	0.37183
6	88700000	88800000	0.35787
6	88800000	88900000	0.3535
6	88900000	89000000	0.40615
6	89000000	89100000	0.42726
6	89100000	89200000	0.41785
6	89200000	89300000	0.44119
6	89300000	89400000	0.4094
6	89400000	89500000	0.42979
6	89500000	89600000	0.43105
6	89600000	89700000	0.43164
6	89700000	89800000	0.40437
6	89800000	89900000	0.4402
6	89900000	90000000	0.42983
6	90000000	90100000	0.39984
6	90100000	90200000	0.39605
6	90200000	90300000	0.40467
6	90300000	90400000	0.40316
6	90400000	90500000	0.42565
6	90500000	90600000	0.362
6	90600000	90700000	0.38751
6	90700000	90800000	0.37788
6	90800000	90900000	0.38656
6	90900000	91000000	0.37612
6	91000000	91100000	0.37421
6	91100000	91200000	0.37242
6	91200000	91300000	0.37551
6	91300000	91400000	0.36147
6	91400000	91500000	0.35831
6	91500000	91600000	0.35083
6	91600000	91700000	0.36115
6	91700000	91800000	0.35421
6	91800000	91900000	0.34963
6	91900000	92000000	0.3539
6	92000000	92100000	0.34722
6	92100000	92200000	0.35556
6	92200000	92300000	0.345
6	92300000	92400000	0.3434
6	92400000	92500000	0.34705
6	92500000	92600000	0.34735
6	92600000	92700000	0.3475
6	92700000	92800000	0.35557
6	92800000	92900000	0.36292
6	92900000	93000000	0.36077
6	93000000	93100000	0.36003
6	93100000	93200000	0.35135
6	93200000	93300000	0.33988
6	93300000	93400000	0.33169
6	93400000	93500000	0.34456
6	93500000	93600000	0.34308
6	93600000	93700000	0.3638
6	93700000	93800000	0.34261
6	93800000	93900000	0.34932
6	93900000	94000000	0.34099
6	94000000	94100000	0.33808
6	94100000	94200000	0.34862
6	94200000	94300000	0.34376
6	94300000	94400000	0.352
6	94400000	94500000	0.33631
6	94500000	94600000	0.34946
6	94600000	94700000	0.34115
6	94700000	94800000	0.34173
6	94800000	94900000	0.34461
6	94900000	95000000	0.34919
6	95000000	95100000	0.32674
6	95100000	95200000	0.33846
6	95200000	95300000	0.34272
6	95300000	95400000	0.35573
6	95400000	95500000	0.35596
6	95500000	95600000	0.3505
6	95600000	95700000	0.36199
6	95700000	95800000	0.34535
6	95800000	95900000	0.35418
6	95900000	96000000	0.34493
6	96000000	96100000	0.35397
6	96100000	96200000	0.35981
6	96200000	96300000	0.36011
6	96300000	96400000	0.35682
6	96400000	96500000	0.38069
6	96500000	96600000	0.35441
6	96600000	96700000	0.37441
6	96700000	96800000	0.38666
6	96800000	96900000	0.37746
6	96900000	97000000	0.39486
6	97000000	97100000	0.38567
6	97100000	97200000	0.36408
6	97200000	97300000	0.3646
6	97300000	97400000	0.3708
6	97400000	97500000	0.34809
6	97500000	97600000	0.35403
6	97600000	97700000	0.34417
6	97700000	97800000	0.37266
6	97800000	97900000	0.33821
6	97900000	98000000	0.34424
6	98000000	98100000	0.35362
6	98100000	98200000	0.35636
6	98200000	98300000	0.35728
6	98300000	98400000	0.35888
6	98400000	98500000	0.36495
6	98500000	98600000	0.37728
6	98600000	98700000	0.36978
6	98700000	98800000	0.37628
6	98800000	98900000	0.3971
6	98900000	99000000	0.37574
6	99000000	99100000	0.40138
6	99100000	99200000	0.39641
6	99200000	99300000	0.41671
6	99300000	99400000	0.41045
6	99400000	99500000	0.37364
6	99500000	99600000	0.39101
6	99600000	99700000	0.40529
6	99700000	99800000	0.37321
6	99800000	99900000	0.39045
6	99900000	100000000	0.3757
6	100000000	100100000	0.36785
6	100100000	100200000	0.37807
6	100200000	100300000	0.36606
6	100300000	100400000	0.3669
6	100400000	100500000	0.41165
6	100500000	100600000	0.35127
6	100600000	100700000	0.32868
6	100700000	100800000	0.3394
6	100800000	100900000	0.35838
6	100900000	101000000	0.37287
6	101000000	101100000	0.37477
6	101100000	101200000	0.36901
6	101200000	101300000	0.36723
6	101300000	101400000	0.3568
6	101400000	101500000	0.35395
6	101500000	101600000	0.33908
6	101600000	101700000	0.34412
6	101700000	101800000	0.347
6	101800000	101900000	0.33349
6	101900000	102000000	0.32696
6	102000000	102100000	0.3339
6	102100000	102200000	0.35782
6	102200000	102300000	0.34826
6	102300000	102400000	0.33649
6	102400000	102500000	0.33912
6	102500000	102600000	0.32529
6	102600000	102700000	0.34218
6	102700000	102800000	0.34233
6	102800000	102900000	0.34983
6	102900000	103000000	0.34508
6	103000000	103100000	0.34179
6	103100000	103200000	0.34584
6	103200000	103300000	0.33958
6	103300000	103400000	0.35091
6	103400000	103500000	0.34578
6	103500000	103600000	0.34827
6	103600000	103700000	0.3457
6	103700000	103800000	0.3527
6	103800000	103900000	0.3515
6	103900000	104000000	0.35299
6	104000000	104100000	0.36016
6	104100000	104200000	0.36932
6	104200000	104300000	0.36154
6	104300000	104400000	0.37244
6	104400000	104500000	0.38702
6	104500000	104600000	0.37214
6	104600000	104700000	0.38543
6	104700000	104800000	0.36642
6	104800000	104900000	0.39521
6	104900000	105000000	0.38156
6	105000000	105100000	0.37479
6	105100000	105200000	0.40028
6	105200000	105300000	0.41255
6	105300000	105400000	0.40619
6	105400000	105500000	0.40058
6	105500000	105600000	0.39432
6	105600000	105700000	0.39514
6	105700000	105800000	0.39512
6	105800000	105900000	0.41431
6	105900000	106000000	0.40733
6	106000000	106100000	0.40074
6	106100000	106200000	0.42374
6	106200000	106300000	0.37222
6	106300000	106400000	0.39046
6	106400000	106500000	0.40066
6	106500000	106600000	0.41021
6	106600000	106700000	0.40454
6	106700000	106800000	0.43228
6	106800000	106900000	0.42786
6	106900000	107000000	0.43462
6	107000000	107100000	0.46166
6	107100000	107200000	0.44898
6	107200000	107300000	0.4067
6	107300000	107400000	0.37341
6	107400000	107500000	0.40639
6	107500000	107600000	0.40286
6	107600000	107700000	0.44383
6	107700000	107800000	0.43519
6	107800000	107900000	0.41957
6	107900000	108000000	0.4208
6	108000000	108100000	0.41623
6	108100000	108200000	0.45683
6	108200000	108300000	0.42302
6	108300000	108400000	0.39752
6	108400000	108500000	0.37853
6	108500000	108600000	0.43321
6	108600000	108700000	0.42031
6	108700000	108800000	0.43929
6	108800000	108900000	0.42266
6	108900000	109000000	0.40954
6	109000000	109100000	0.38162
6	109100000	109200000	0.37313
6	109200000	109300000	0.41471
6	109300000	109400000	0.432
6	109400000	109500000	0.44861
6	109500000	109600000	0.38245
6	109600000	109700000	0.38259
6	109700000	109800000	0.38473
6	109800000	109900000	0.43085
6	109900000	110000000	0.43315
6	110000000	110100000	0.4124
6	110100000	110200000	0.36952
6	110200000	110300000	0.37819
6	110300000	110400000	0.42281
6	110400000	110500000	0.425
6	110500000	110600000	0.42436
6	110600000	110700000	0.39661
6	110700000	110800000	0.3965
6	110800000	110900000	0.42807
6	110900000	111000000	0.43451
6	111000000	111100000	0.43005
6	111100000	111200000	0.39853
6	111200000	111300000	0.41138
6	111300000	111400000	0.36784
6	111400000	111500000	0.37471
6	111500000	111600000	0.42253
6	111600000	111700000	0.44421
6	111700000	111800000	0.42209
6	111800000	111900000	0.41318
6	111900000	112000000	0.41269
6	112000000	112100000	0.40308
6	112100000	112200000	0.38704
6	112200000	112300000	0.40065
6	112300000	112400000	0.3939
6	112400000	112500000	0.36109
6	112500000	112600000	0.36698
6	112600000	112700000	0.37228
6	112700000	112800000	0.35726
6	112800000	112900000	0.35813
6	112900000	113000000	0.36006
6	113000000	113100000	0.34791
6	113100000	113200000	0.35128
6	113200000	113300000	0.37323
6	113300000	113400000	0.36766
6	113400000	113500000	0.38444
6	113500000	113600000	0.3804
6	113600000	113700000	0.39392
6	113700000	113800000	0.39654
6	113800000	113900000	0.38984
6	113900000	114000000	0.38594
6	114000000	114100000	0.39727
6	114100000	114200000	0.38076
6	114200000	114300000	0.36901
6	114300000	114400000	0.36706
6	114400000	114500000	0.36695
6	114500000	114600000	0.3704
6	114600000	114700000	0.36365
6	114700000	114800000	0.35343
6	114800000	114900000	0.34405
6	114900000	115000000	0.35521
6	115000000	115100000	0.36325
6	115100000	115200000	0.35606
6	115200000	115300000	0.36670366703667034
6	115300000	115400000	0.35428
6	115400000	115500000	0.3523
6	115500000	115600000	0.36293
6	115600000	115700000	0.35711
6	115700000	115800000	0.37304
6	115800000	115900000	0.37548
6	115900000	116000000	0.37601
6	116000000	116100000	0.37381
6	116100000	116200000	0.36469
6	116200000	116300000	0.37574
6	116300000	116400000	0.38666
6	116400000	116500000	0.37899
6	116500000	116600000	0.37855
6	116600000	116700000	0.37906
6	116700000	116800000	0.36502
6	116800000	116900000	0.36207
6	116900000	117000000	0.35721
6	117000000	117100000	0.3753
6	117100000	117200000	0.3853
6	117200000	117300000	0.39273
6	117300000	117400000	0.37242
6	117400000	117500000	0.38685
6	117500000	117600000	0.38594
6	117600000	117700000	0.39358
6	117700000	117800000	0.38797
6	117800000	117900000	0.37713
6	117900000	118000000	0.39104
6	118000000	118100000	0.37813
6	118100000	118200000	0.37973
6	118200000	118300000	0.39054
6	118300000	118400000	0.39221
6	118400000	118500000	0.38127
6	118500000	118600000	0.37218
6	118600000	118700000	0.39802
6	118700000	118800000	0.42317
6	118800000	118900000	0.39723
6	118900000	119000000	0.3765
6	119000000	119100000	0.39786
6	119100000	119200000	0.40477
6	119200000	119300000	0.3663
6	119300000	119400000	0.38712
6	119400000	119500000	0.38387
6	119500000	119600000	0.36686
6	119600000	119700000	0.3666
6	119700000	119800000	0.36965
6	119800000	119900000	0.36406
6	119900000	120000000	0.34992
6	120000000	120100000	0.34222
6	120100000	120200000	0.34191
6	120200000	120300000	0.35052
6	120300000	120400000	0.34083
6	120400000	120500000	0.34678
6	120500000	120600000	0.35374
6	120600000	120700000	0.35227
6	120700000	120800000	0.35423
6	120800000	120900000	0.36447
6	120900000	121000000	0.35905
6	121000000	121100000	0.35639
6	121100000	121200000	0.35835
6	121200000	121300000	0.36044
6	121300000	121400000	0.37023
6	121400000	121500000	0.39501
6	121500000	121600000	0.38852
6	121600000	121700000	0.37537
6	121700000	121800000	0.3681
6	121800000	121900000	0.36919
6	121900000	122000000	0.35781
6	122000000	122100000	0.36431
6	122100000	122200000	0.35598
6	122200000	122300000	0.3503
6	122300000	122400000	0.37252
6	122400000	122500000	0.3633
6	122500000	122600000	0.37778
6	122600000	122700000	0.37036
6	122700000	122800000	0.38072
6	122800000	122900000	0.39304
6	122900000	123000000	0.37435
6	123000000	123100000	0.35979
6	123100000	123200000	0.36031
6	123200000	123300000	0.34515
6	123300000	123400000	0.33716
6	123400000	123500000	0.35866
6	123500000	123600000	0.35998
6	123600000	123700000	0.35732
6	123700000	123800000	0.36604
6	123800000	123900000	0.36943
6	123900000	124000000	0.36025
6	124000000	124100000	0.35573
6	124100000	124200000	0.35382
6	124200000	124300000	0.35021
6	124300000	124400000	0.36299
6	124400000	124500000	0.35168
6	124500000	124600000	0.37488
6	124600000	124700000	0.35688
6	124700000	124800000	0.37384
6	124800000	124900000	0.38462
6	124900000	125000000	0.37545
6	125000000	125100000	0.36495
6	125100000	125200000	0.39285
6	125200000	125300000	0.39839
6	125300000	125400000	0.39554
6	125400000	125500000	0.39757
6	125500000	125600000	0.38708
6	125600000	125700000	0.38427
6	125700000	125800000	0.39685
6	125800000	125900000	0.38349
6	125900000	126000000	0.39709
6	126000000	126100000	0.37935
6	126100000	126200000	0.37453
6	126200000	126300000	0.37132
6	126300000	126400000	0.36197
6	126400000	126500000	0.35036
6	126500000	126600000	0.35657
6	126600000	126700000	0.35671
6	126700000	126800000	0.36873
6	126800000	126900000	0.3695
6	126900000	127000000	0.3547
6	127000000	127100000	0.36419
6	127100000	127200000	0.36733
6	127200000	127300000	0.3702
6	127300000	127400000	0.38442
6	127400000	127500000	0.38234
6	127500000	127600000	0.37013
6	127600000	127700000	0.3517
6	127700000	127800000	0.35731
6	127800000	127900000	0.34617
6	127900000	128000000	0.3721
6	128000000	128100000	0.34555
6	128100000	128200000	0.34341
6	128200000	128300000	0.35833
6	128300000	128400000	0.35195
6	128400000	128500000	0.36458
6	128500000	128600000	0.36994
6	128600000	128700000	0.36461
6	128700000	128800000	0.36722
6	128800000	128900000	0.35589
6	128900000	129000000	0.3672
6	129000000	129100000	0.3547
6	129100000	129200000	0.35146
6	129200000	129300000	0.35715
6	129300000	129400000	0.36605
6	129400000	129500000	0.36455
6	129500000	129600000	0.38239
6	129600000	129700000	0.38299
6	129700000	129800000	0.38733
6	129800000	129900000	0.36854
6	129900000	130000000	0.3784
6	130000000	130100000	0.38613
6	130100000	130200000	0.39695
6	130200000	130300000	0.38709
6	130300000	130400000	0.388
6	130400000	130500000	0.38491
6	130500000	130600000	0.38364
6	130600000	130700000	0.37336
6	130700000	130800000	0.39345
6	130800000	130900000	0.38815
6	130900000	131000000	0.3839
6	131000000	131100000	0.39224
6	131100000	131200000	0.39118
6	131200000	131300000	0.38735
6	131300000	131400000	0.40655
6	131400000	131500000	0.39412
6	131500000	131600000	0.38819
6	131600000	131700000	0.37783
6	131700000	131800000	0.38272
6	131800000	131900000	0.38353
6	131900000	132000000	0.38987
6	132000000	132100000	0.36816
6	132100000	132200000	0.37343
6	132200000	132300000	0.3718
6	132300000	132400000	0.36786
6	132400000	132500000	0.37685
6	132500000	132600000	0.38051
6	132600000	132700000	0.37695
6	132700000	132800000	0.39656
6	132800000	132900000	0.39087
6	132900000	133000000	0.37946
6	133000000	133100000	0.3651
6	133100000	133200000	0.37715
6	133200000	133300000	0.3762
6	133300000	133400000	0.36495
6	133400000	133500000	0.36682
6	133500000	133600000	0.37875
6	133600000	133700000	0.3936
6	133700000	133800000	0.36974
6	133800000	133900000	0.38742
6	133900000	134000000	0.38765
6	134000000	134100000	0.41293
6	134100000	134200000	0.42491
6	134200000	134300000	0.41873
6	134300000	134400000	0.4101
6	134400000	134500000	0.40156
6	134500000	134600000	0.38872
6	134600000	134700000	0.40169
6	134700000	134800000	0.40197
6	134800000	134900000	0.42945
6	134900000	135000000	0.39545
6	135000000	135100000	0.37203
6	135100000	135200000	0.39949
6	135200000	135300000	0.40953
6	135300000	135400000	0.37306
6	135400000	135500000	0.3543
6	135500000	135600000	0.37648
6	135600000	135700000	0.37443
6	135700000	135800000	0.36757
6	135800000	135900000	0.37634
6	135900000	136000000	0.37802
6	136000000	136100000	0.39099
6	136100000	136200000	0.39276
6	136200000	136300000	0.39124
6	136300000	136400000	0.40288
6	136400000	136500000	0.38662
6	136500000	136600000	0.41162
6	136600000	136700000	0.38765
6	136700000	136800000	0.40793
6	136800000	136900000	0.38791
6	136900000	137000000	0.42001
6	137000000	137100000	0.40622
6	137100000	137200000	0.39567
6	137200000	137300000	0.39903
6	137300000	137400000	0.39143
6	137400000	137500000	0.40349
6	137500000	137600000	0.39364
6	137600000	137700000	0.39199
6	137700000	137800000	0.41534
6	137800000	137900000	0.41439
6	137900000	138000000	0.39868
6	138000000	138100000	0.40407
6	138100000	138200000	0.40542
6	138200000	138300000	0.42044
6	138300000	138400000	0.39907
6	138400000	138500000	0.42239
6	138500000	138600000	0.4134
6	138600000	138700000	0.41288
6	138700000	138800000	0.40979
6	138800000	138900000	0.41511
6	138900000	139000000	0.38168
6	139000000	139100000	0.41162
6	139100000	139200000	0.40869
6	139200000	139300000	0.40372
6	139300000	139400000	0.41339
6	139400000	139500000	0.41039
6	139500000	139600000	0.40575
6	139600000	139700000	0.39342
6	139700000	139800000	0.37592
6	139800000	139900000	0.37629
6	139900000	140000000	0.3673
6	140000000	140100000	0.36542
6	140100000	140200000	0.36197
6	140200000	140300000	0.35733
6	140300000	140400000	0.3692
6	140400000	140500000	0.34509
6	140500000	140600000	0.34637
6	140600000	140700000	0.35493
6	140700000	140800000	0.34803
6	140800000	140900000	0.34591
6	140900000	141000000	0.34807
6	141000000	141100000	0.35456
6	141100000	141200000	0.36743
6	141200000	141300000	0.33936
6	141300000	141400000	0.33848
6	141400000	141500000	0.35674
6	141500000	141600000	0.34541
6	141600000	141700000	0.34747
6	141700000	141800000	0.3516
6	141800000	141900000	0.36029
6	141900000	142000000	0.37925
6	142000000	142100000	0.36107
6	142100000	142200000	0.35443
6	142200000	142300000	0.37564
6	142300000	142400000	0.35508
6	142400000	142500000	0.37848
6	142500000	142600000	0.39693
6	142600000	142700000	0.39169
6	142700000	142800000	0.39103
6	142800000	142900000	0.3833
6	142900000	143000000	0.3951
6	143000000	143100000	0.38316
6	143100000	143200000	0.3919
6	143200000	143300000	0.40746
6	143300000	143400000	0.38955
6	143400000	143500000	0.37839
6	143500000	143600000	0.42475
6	143600000	143700000	0.38866
6	143700000	143800000	0.39801
6	143800000	143900000	0.40005
6	143900000	144000000	0.39945
6	144000000	144100000	0.40639
6	144100000	144200000	0.40505
6	144200000	144300000	0.40964
6	144300000	144400000	0.41006
6	144400000	144500000	0.38988
6	144500000	144600000	0.36462
6	144600000	144700000	0.37064
6	144700000	144800000	0.36955
6	144800000	144900000	0.38277
6	144900000	145000000	0.38556
6	145000000	145100000	0.38772
6	145100000	145200000	0.37857
6	145200000	145300000	0.3799
6	145300000	145400000	0.37746
6	145400000	145500000	0.36934
6	145500000	145600000	0.37481
6	145600000	145700000	0.37514
6	145700000	145800000	0.37698
6	145800000	145900000	0.36934
6	145900000	146000000	0.3604
6	146000000	146100000	0.36644
6	146100000	146200000	0.36991
6	146200000	146300000	0.36577
6	146300000	146400000	0.37777
6	146400000	146500000	0.38025
6	146500000	146600000	0.37449
6	146600000	146700000	0.35475
6	146700000	146800000	0.35806
6	146800000	146900000	0.3863
6	146900000	147000000	0.37932
6	147000000	147100000	0.38393
6	147100000	147200000	0.36873
6	147200000	147300000	0.355
6	147300000	147400000	0.3412
6	147400000	147500000	0.39361
6	147500000	147600000	0.39986
6	147600000	147700000	0.38982
6	147700000	147800000	0.38719
6	147800000	147900000	0.38611
6	147900000	148000000	0.39407
6	148000000	148100000	0.38849
6	148100000	148200000	0.41139
6	148200000	148300000	0.42516
6	148300000	148400000	0.4392
6	148400000	148500000	0.42314
6	148500000	148600000	0.42879
6	148600000	148700000	0.40183
6	148700000	148800000	0.40303
6	148800000	148900000	0.4141
6	148900000	149000000	0.41415
6	149000000	149100000	0.41432
6	149100000	149200000	0.40416
6	149200000	149300000	0.41481
6	149300000	149400000	0.3737
6	149400000	149500000	0.46063
6	149500000	149600000	0.40486
6	149600000	149700000	0.41802
6	149700000	149800000	0.42566
6	149800000	149900000	0.43545
6	149900000	150000000	0.48512
6	150000000	150100000	0.48554
6	150100000	150200000	0.45046
6	150200000	150300000	0.43885
6	150300000	150400000	0.43696
6	150400000	150500000	0.42125
6	150500000	150600000	0.42416
6	150600000	150700000	0.41416
6	150700000	150800000	0.42651
6	150800000	150900000	0.44159
6	150900000	151000000	0.42603
6	151000000	151100000	0.44057
6	151100000	151200000	0.44179
6	151200000	151300000	0.43078
6	151300000	151400000	0.44261
6	151400000	151500000	0.41542
6	151500000	151600000	0.41085
6	151600000	151700000	0.40589
6	151700000	151800000	0.39152
6	151800000	151900000	0.39776
6	151900000	152000000	0.3786
6	152000000	152100000	0.40276
6	152100000	152200000	0.40312
6	152200000	152300000	0.38615
6	152300000	152400000	0.39612
6	152400000	152500000	0.37421
6	152500000	152600000	0.36558
6	152600000	152700000	0.3878
6	152700000	152800000	0.3694
6	152800000	152900000	0.36632
6	152900000	153000000	0.37908
6	153000000	153100000	0.36866
6	153100000	153200000	0.39785
6	153200000	153300000	0.35932
6	153300000	153400000	0.36675
6	153400000	153500000	0.35802
6	153500000	153600000	0.35698
6	153600000	153700000	0.34705
6	153700000	153800000	0.36422
6	153800000	153900000	0.37843
6	153900000	154000000	0.3787
6	154000000	154100000	0.37042
6	154100000	154200000	0.3988
6	154200000	154300000	0.40141
6	154300000	154400000	0.41128
6	154400000	154500000	0.4248
6	154500000	154600000	0.41857
6	154600000	154700000	0.41974
6	154700000	154800000	0.40115
6	154800000	154900000	0.38507
6	154900000	155000000	0.45742
6	155000000	155100000	0.42951
6	155100000	155200000	0.43357
6	155200000	155300000	0.42713
6	155300000	155400000	0.38125
6	155400000	155500000	0.39731
6	155500000	155600000	0.36274
6	155600000	155700000	0.37704
6	155700000	155800000	0.37109
6	155800000	155900000	0.3705
6	155900000	156000000	0.38859
6	156000000	156100000	0.39059
6	156100000	156200000	0.39604
6	156200000	156300000	0.38259
6	156300000	156400000	0.41105
6	156400000	156500000	0.39668
6	156500000	156600000	0.43046
6	156600000	156700000	0.42203
6	156700000	156800000	0.41981
6	156800000	156900000	0.40854
6	156900000	157000000	0.3966
6	157000000	157100000	0.39545
6	157100000	157200000	0.42558
6	157200000	157300000	0.48873
6	157300000	157400000	0.42829
6	157400000	157500000	0.44485
6	157500000	157600000	0.45498
6	157600000	157700000	0.47834
6	157700000	157800000	0.44488
6	157800000	157900000	0.41409
6	157900000	158000000	0.44148
6	158000000	158100000	0.49803
6	158100000	158200000	0.40079
6	158200000	158300000	0.44286
6	158300000	158400000	0.42171
6	158400000	158500000	0.43424
6	158500000	158600000	0.47609
6	158600000	158700000	0.45211
6	158700000	158800000	0.47377
6	158800000	158900000	0.45513
6	158900000	159000000	0.41527
6	159000000	159100000	0.42545
6	159100000	159200000	0.44422
6	159200000	159300000	0.4278
6	159300000	159400000	0.42515
6	159400000	159500000	0.42595
6	159500000	159600000	0.42942
6	159600000	159700000	0.42246
6	159700000	159800000	0.42027
6	159800000	159900000	0.46146
6	159900000	160000000	0.43537
6	160000000	160100000	0.45829
6	160100000	160200000	0.44153
6	160200000	160300000	0.4224
6	160300000	160400000	0.42828
6	160400000	160500000	0.40744
6	160500000	160600000	0.41132
6	160600000	160700000	0.42888
6	160700000	160800000	0.40374
6	160800000	160900000	0.37768
6	160900000	161000000	0.41965
6	161000000	161100000	0.38087
6	161100000	161200000	0.4534
6	161200000	161300000	0.42735
6	161300000	161400000	0.43764
6	161400000	161500000	0.43662
6	161500000	161600000	0.40991
6	161600000	161700000	0.41897
6	161700000	161800000	0.40507
6	161800000	161900000	0.41713
6	161900000	162000000	0.40537
6	162000000	162100000	0.387
6	162100000	162200000	0.39667
6	162200000	162300000	0.39882
6	162300000	162400000	0.3825
6	162400000	162500000	0.39456
6	162500000	162600000	0.40664
6	162600000	162700000	0.37042
6	162700000	162800000	0.36822
6	162800000	162900000	0.39149
6	162900000	163000000	0.37623
6	163000000	163100000	0.39125
6	163100000	163200000	0.42153
6	163200000	163300000	0.42047
6	163300000	163400000	0.46342
6	163400000	163500000	0.37735
6	163500000	163600000	0.37266
6	163600000	163700000	0.45105
6	163700000	163800000	0.43988
6	163800000	163900000	0.41198
6	163900000	164000000	0.4261
6	164000000	164100000	0.40809
6	164100000	164200000	0.42154
6	164200000	164300000	0.3987
6	164300000	164400000	0.37122
6	164400000	164500000	0.37485
6	164500000	164600000	0.3745
6	164600000	164700000	0.3522
6	164700000	164800000	0.38318
6	164800000	164900000	0.37993
6	164900000	165000000	0.37418
6	165000000	165100000	0.39376
6	165100000	165200000	0.38522
6	165200000	165300000	0.40231
6	165300000	165400000	0.39256
6	165400000	165500000	0.37395
6	165500000	165600000	0.37486
6	165600000	165700000	0.43447
6	165700000	165800000	0.4238
6	165800000	165900000	0.44928
6	165900000	166000000	0.43623
6	166000000	166100000	0.40737
6	166100000	166200000	0.42858
6	166200000	166300000	0.43899
6	166300000	166400000	0.44208
6	166400000	166500000	0.4891
6	166500000	166600000	0.46649
6	166600000	166700000	0.47171
6	166700000	166800000	0.46238
6	166800000	166900000	0.42973
6	166900000	167000000	0.46188
6	167000000	167100000	0.41099
6	167100000	167200000	0.46393
6	167200000	167300000	0.47563
6	167300000	167400000	0.47479
6	167400000	167500000	0.47135
6	167500000	167600000	0.48318799032748677
6	167600000	167700000	0.492722712303991
6	167700000	167800000	0.48131
6	167800000	167900000	0.39121
6	167900000	168000000	0.43042
6	168000000	168100000	0.52745
6	168100000	168200000	0.48463
6	168200000	168300000	0.49077
6	168300000	168400000	0.50314
6	168400000	168500000	0.46131
6	168500000	168600000	0.47495
6	168600000	168700000	0.47546
6	168700000	168800000	0.44425
6	168800000	168900000	0.45591
6	168900000	169000000	0.43033
6	169000000	169100000	0.42313
6	169100000	169200000	0.45284
6	169200000	169300000	0.46327
6	169300000	169400000	0.43658
6	169400000	169500000	0.41457
6	169500000	169600000	0.40327
6	169600000	169700000	0.44792
6	169700000	169800000	0.42598
6	169800000	169900000	0.48861
6	169900000	170000000	0.51231
6	170000000	170100000	0.52027
6	170100000	170200000	0.52007
6	170200000	170300000	0.53832
6	170300000	170400000	0.43416
6	170400000	170500000	0.48581
6	170500000	170600000	0.40841
6	170600000	170700000	0.39476
6	170700000	170800000	0.477000369734009
6	170800000	170805979	
7	0	100000	0.48614444444444443
7	100000	200000	0.53637
7	200000	300000	0.5786852997827958
7	300000	400000	0.54285
7	400000	500000	0.57753
7	500000	600000	0.58735
7	600000	700000	0.52908
7	700000	800000	0.52019
7	800000	900000	0.53057
7	900000	1000000	0.59312
7	1000000	1100000	0.59486
7	1100000	1200000	0.52924
7	1200000	1300000	0.57041
7	1300000	1400000	0.55516
7	1400000	1500000	0.61448
7	1500000	1600000	0.57691
7	1600000	1700000	0.54213
7	1700000	1800000	0.51799
7	1800000	1900000	0.56383
7	1900000	2000000	0.5669
7	2000000	2100000	0.55812
7	2100000	2200000	0.53257
7	2200000	2300000	0.54444
7	2300000	2400000	0.5078
7	2400000	2500000	0.53275
7	2500000	2600000	0.56152
7	2600000	2700000	0.5799
7	2700000	2800000	0.48376
7	2800000	2900000	0.48585
7	2900000	3000000	0.50343
7	3000000	3100000	0.46745
7	3100000	3200000	0.4655
7	3200000	3300000	0.44638
7	3300000	3400000	0.3898
7	3400000	3500000	0.38241
7	3500000	3600000	0.39492
7	3600000	3700000	0.40159
7	3700000	3800000	0.40106
7	3800000	3900000	0.41973
7	3900000	4000000	0.4644
7	4000000	4100000	0.45583
7	4100000	4200000	0.5186
7	4200000	4300000	0.49552
7	4300000	4400000	0.44662
7	4400000	4500000	0.44285
7	4500000	4600000	0.43975
7	4600000	4700000	0.48452
7	4700000	4800000	0.53978
7	4800000	4900000	0.52045
7	4900000	5000000	0.49337
7	5000000	5100000	0.45293
7	5100000	5200000	0.48214
7	5200000	5300000	0.52212
7	5300000	5400000	0.55245
7	5400000	5500000	0.54851
7	5500000	5600000	0.54901
7	5600000	5700000	0.49313
7	5700000	5800000	0.44332
7	5800000	5900000	0.47186
7	5900000	6000000	0.47045
7	6000000	6100000	0.45765
7	6100000	6200000	0.47084
7	6200000	6300000	0.44099
7	6300000	6400000	0.46656
7	6400000	6500000	0.48312
7	6500000	6600000	0.52032
7	6600000	6700000	0.51848
7	6700000	6800000	0.48177
7	6800000	6900000	0.46944
7	6900000	7000000	0.47712
7	7000000	7100000	0.40847
7	7100000	7200000	0.38489
7	7200000	7300000	0.37708
7	7300000	7400000	0.39826
7	7400000	7500000	0.38306
7	7500000	7600000	0.37489
7	7600000	7700000	0.37616
7	7700000	7800000	0.37384
7	7800000	7900000	0.37332
7	7900000	8000000	0.38062
7	8000000	8100000	0.36856
7	8100000	8200000	0.40843
7	8200000	8300000	0.39513
7	8300000	8400000	0.39379
7	8400000	8500000	0.39105
7	8500000	8600000	0.37748
7	8600000	8700000	0.35608
7	8700000	8800000	0.36295
7	8800000	8900000	0.34883
7	8900000	9000000	0.3491
7	9000000	9100000	0.35679
7	9100000	9200000	0.34845
7	9200000	9300000	0.33851
7	9300000	9400000	0.34646
7	9400000	9500000	0.35749
7	9500000	9600000	0.33799
7	9600000	9700000	0.35824
7	9700000	9800000	0.35141
7	9800000	9900000	0.34915
7	9900000	10000000	0.34203
7	10000000	10100000	0.34883
7	10100000	10200000	0.34286
7	10200000	10300000	0.35556
7	10300000	10400000	0.36437
7	10400000	10500000	0.36821
7	10500000	10600000	0.36308
7	10600000	10700000	0.37776
7	10700000	10800000	0.36833
7	10800000	10900000	0.37474
7	10900000	11000000	0.39189
7	11000000	11100000	0.35517
7	11100000	11200000	0.34405
7	11200000	11300000	0.37671
7	11300000	11400000	0.3723
7	11400000	11500000	0.35626
7	11500000	11600000	0.36702
7	11600000	11700000	0.34857
7	11700000	11800000	0.34293
7	11800000	11900000	0.35197
7	11900000	12000000	0.34343
7	12000000	12100000	0.36016
7	12100000	12200000	0.35863
7	12200000	12300000	0.36808
7	12300000	12400000	0.3465
7	12400000	12500000	0.36593
7	12500000	12600000	0.38691
7	12600000	12700000	0.38606
7	12700000	12800000	0.37926
7	12800000	12900000	0.37098
7	12900000	13000000	0.36424
7	13000000	13100000	0.3616
7	13100000	13200000	0.36815
7	13200000	13300000	0.35096
7	13300000	13400000	0.34536
7	13400000	13500000	0.34695
7	13500000	13600000	0.34387
7	13600000	13700000	0.35434
7	13700000	13800000	0.35531
7	13800000	13900000	0.38196
7	13900000	14000000	0.36609
7	14000000	14100000	0.36304
7	14100000	14200000	0.3609
7	14200000	14300000	0.35429
7	14300000	14400000	0.35324
7	14400000	14500000	0.34549
7	14500000	14600000	0.33968
7	14600000	14700000	0.34544
7	14700000	14800000	0.36505
7	14800000	14900000	0.35184
7	14900000	15000000	0.34553
7	15000000	15100000	0.36234
7	15100000	15200000	0.35992
7	15200000	15300000	0.34908
7	15300000	15400000	0.35506
7	15400000	15500000	0.34303
7	15500000	15600000	0.35584
7	15600000	15700000	0.34872
7	15700000	15800000	0.35146
7	15800000	15900000	0.36219
7	15900000	16000000	0.36761
7	16000000	16100000	0.36067
7	16100000	16200000	0.35971
7	16200000	16300000	0.35685
7	16300000	16400000	0.37894
7	16400000	16500000	0.37583
7	16500000	16600000	0.39707
7	16600000	16700000	0.38121
7	16700000	16800000	0.39666
7	16800000	16900000	0.37323
7	16900000	17000000	0.3841
7	17000000	17100000	0.36372
7	17100000	17200000	0.36575
7	17200000	17300000	0.36489
7	17300000	17400000	0.36438
7	17400000	17500000	0.38229
7	17500000	17600000	0.37248
7	17600000	17700000	0.3939
7	17700000	17800000	0.37507
7	17800000	17900000	0.34324
7	17900000	18000000	0.38291
7	18000000	18100000	0.38011
7	18100000	18200000	0.37584
7	18200000	18300000	0.36281
7	18300000	18400000	0.35422
7	18400000	18500000	0.35654
7	18500000	18600000	0.35638
7	18600000	18700000	0.35089
7	18700000	18800000	0.36904
7	18800000	18900000	0.3596
7	18900000	19000000	0.36312
7	19000000	19100000	0.35741
7	19100000	19200000	0.38235
7	19200000	19300000	0.36069
7	19300000	19400000	0.3572
7	19400000	19500000	0.3656
7	19500000	19600000	0.35238
7	19600000	19700000	0.36992
7	19700000	19800000	0.35484
7	19800000	19900000	0.35581
7	19900000	20000000	0.36475
7	20000000	20100000	0.36356
7	20100000	20200000	0.37074
7	20200000	20300000	0.36379
7	20300000	20400000	0.37846
7	20400000	20500000	0.37714
7	20500000	20600000	0.37518
7	20600000	20700000	0.36853
7	20700000	20800000	0.4046
7	20800000	20900000	0.38234
7	20900000	21000000	0.37934
7	21000000	21100000	0.38121
7	21100000	21200000	0.39953
7	21200000	21300000	0.38451
7	21300000	21400000	0.38321
7	21400000	21500000	0.39413
7	21500000	21600000	0.39924
7	21600000	21700000	0.37414
7	21700000	21800000	0.39402
7	21800000	21900000	0.3875
7	21900000	22000000	0.41008
7	22000000	22100000	0.42336
7	22100000	22200000	0.40832
7	22200000	22300000	0.3886
7	22300000	22400000	0.41115
7	22400000	22500000	0.41663
7	22500000	22600000	0.4237
7	22600000	22700000	0.40101
7	22700000	22800000	0.40906
7	22800000	22900000	0.43487
7	22900000	23000000	0.36706
7	23000000	23100000	0.40757
7	23100000	23200000	0.39158
7	23200000	23300000	0.43587
7	23300000	23400000	0.40899
7	23400000	23500000	0.4251
7	23500000	23600000	0.42353
7	23600000	23700000	0.41076
7	23700000	23800000	0.37412
7	23800000	23900000	0.3919
7	23900000	24000000	0.4068
7	24000000	24100000	0.38902
7	24100000	24200000	0.40259
7	24200000	24300000	0.40019
7	24300000	24400000	0.41134
7	24400000	24500000	0.40747
7	24500000	24600000	0.38288
7	24600000	24700000	0.35644
7	24700000	24800000	0.44318
7	24800000	24900000	0.40888
7	24900000	25000000	0.40391
7	25000000	25100000	0.42499
7	25100000	25200000	0.41938
7	25200000	25300000	0.40187
7	25300000	25400000	0.40215
7	25400000	25500000	0.40261
7	25500000	25600000	0.41345
7	25600000	25700000	0.41016
7	25700000	25800000	0.41192
7	25800000	25900000	0.40987
7	25900000	26000000	0.41084
7	26000000	26100000	0.4295
7	26100000	26200000	0.43796
7	26200000	26300000	0.4351
7	26300000	26400000	0.42277
7	26400000	26500000	0.42009
7	26500000	26600000	0.42774
7	26600000	26700000	0.40536
7	26700000	26800000	0.36354
7	26800000	26900000	0.36518
7	26900000	27000000	0.38701
7	27000000	27100000	0.41937
7	27100000	27200000	0.51777
7	27200000	27300000	0.46685
7	27300000	27400000	0.40896
7	27400000	27500000	0.43094
7	27500000	27600000	0.37991
7	27600000	27700000	0.38744
7	27700000	27800000	0.37373
7	27800000	27900000	0.41055
7	27900000	28000000	0.40761
7	28000000	28100000	0.40457
7	28100000	28200000	0.41965
7	28200000	28300000	0.39181
7	28300000	28400000	0.40154
7	28400000	28500000	0.40901
7	28500000	28600000	0.41575
7	28600000	28700000	0.40915
7	28700000	28800000	0.40227
7	28800000	28900000	0.40328
7	28900000	29000000	0.41635
7	29000000	29100000	0.40494
7	29100000	29200000	0.41431
7	29200000	29300000	0.42423
7	29300000	29400000	0.42221
7	29400000	29500000	0.42287
7	29500000	29600000	0.40531
7	29600000	29700000	0.40285
7	29700000	29800000	0.39466
7	29800000	29900000	0.43274
7	29900000	30000000	0.42626
7	30000000	30100000	0.39937
7	30100000	30200000	0.43419
7	30200000	30300000	0.41817
7	30300000	30400000	0.36254
7	30400000	30500000	0.44407
7	30500000	30600000	0.42151
7	30600000	30700000	0.46561
7	30700000	30800000	0.48083
7	30800000	30900000	0.49587
7	30900000	31000000	0.49935
7	31000000	31100000	0.50833
7	31100000	31200000	0.41611
7	31200000	31300000	0.38335
7	31300000	31400000	0.39786
7	31400000	31500000	0.41149
7	31500000	31600000	0.37861
7	31600000	31700000	0.3925
7	31700000	31800000	0.40794
7	31800000	31900000	0.37455
7	31900000	32000000	0.38718
7	32000000	32100000	0.40726
7	32100000	32200000	0.39086
7	32200000	32300000	0.43274
7	32300000	32400000	0.41873
7	32400000	32500000	0.42555
7	32500000	32600000	0.40477
7	32600000	32700000	0.383
7	32700000	32800000	0.40789
7	32800000	32900000	0.41198
7	32900000	33000000	0.44546
7	33000000	33100000	0.40633
7	33100000	33200000	0.39687
7	33200000	33300000	0.36084
7	33300000	33400000	0.36308
7	33400000	33500000	0.37268
7	33500000	33600000	0.38394
7	33600000	33700000	0.39561
7	33700000	33800000	0.43241
7	33800000	33900000	0.41663
7	33900000	34000000	0.4167
7	34000000	34100000	0.39538
7	34100000	34200000	0.41354
7	34200000	34300000	0.39203
7	34300000	34400000	0.3983
7	34400000	34500000	0.38032
7	34500000	34600000	0.38364
7	34600000	34700000	0.38167
7	34700000	34800000	0.38441
7	34800000	34900000	0.42016
7	34900000	35000000	0.37709
7	35000000	35100000	0.40044
7	35100000	35200000	0.36286
7	35200000	35300000	0.38929
7	35300000	35400000	0.41509
7	35400000	35500000	0.41926
7	35500000	35600000	0.43017
7	35600000	35700000	0.39644
7	35700000	35800000	0.39824
7	35800000	35900000	0.364
7	35900000	36000000	0.42586
7	36000000	36100000	0.45059
7	36100000	36200000	0.44588
7	36200000	36300000	0.45189
7	36300000	36400000	0.41679
7	36400000	36500000	0.39451
7	36500000	36600000	0.42838
7	36600000	36700000	0.41454
7	36700000	36800000	0.41449
7	36800000	36900000	0.4062
7	36900000	37000000	0.42047
7	37000000	37100000	0.40606
7	37100000	37200000	0.40917
7	37200000	37300000	0.41431
7	37300000	37400000	0.42113
7	37400000	37500000	0.41474
7	37500000	37600000	0.40305
7	37600000	37700000	0.37653
7	37700000	37800000	0.38501
7	37800000	37900000	0.37223
7	37900000	38000000	0.39567
7	38000000	38100000	0.36964
7	38100000	38200000	0.37459
7	38200000	38300000	0.38921
7	38300000	38400000	0.42031
7	38400000	38500000	0.38187
7	38500000	38600000	0.39691
7	38600000	38700000	0.41035
7	38700000	38800000	0.38839
7	38800000	38900000	0.37677
7	38900000	39000000	0.38235
7	39000000	39100000	0.3668
7	39100000	39200000	0.39355
7	39200000	39300000	0.40145
7	39300000	39400000	0.41055
7	39400000	39500000	0.4069
7	39500000	39600000	0.41708
7	39600000	39700000	0.39827
7	39700000	39800000	0.44803
7	39800000	39900000	0.40051
7	39900000	40000000	0.4134
7	40000000	40100000	0.38297
7	40100000	40200000	0.41745
7	40200000	40300000	0.39521
7	40300000	40400000	0.38516
7	40400000	40500000	0.36626
7	40500000	40600000	0.37169
7	40600000	40700000	0.39381
7	40700000	40800000	0.38202
7	40800000	40900000	0.3981
7	40900000	41000000	0.402
7	41000000	41100000	0.39959
7	41100000	41200000	0.38839
7	41200000	41300000	0.38531
7	41300000	41400000	0.39522
7	41400000	41500000	0.39714
7	41500000	41600000	0.40487
7	41600000	41700000	0.38431
7	41700000	41800000	0.40778
7	41800000	41900000	0.40155
7	41900000	42000000	0.42312
7	42000000	42100000	0.41067
7	42100000	42200000	0.42211
7	42200000	42300000	0.40312
7	42300000	42400000	0.3815
7	42400000	42500000	0.40432
7	42500000	42600000	0.38414
7	42600000	42700000	0.39229
7	42700000	42800000	0.39722
7	42800000	42900000	0.39612
7	42900000	43000000	0.39985
7	43000000	43100000	0.39488
7	43100000	43200000	0.41071
7	43200000	43300000	0.42901
7	43300000	43400000	0.41887
7	43400000	43500000	0.41548
7	43500000	43600000	0.41558
7	43600000	43700000	0.39939
7	43700000	43800000	0.43123
7	43800000	43900000	0.44669
7	43900000	44000000	0.49114
7	44000000	44100000	0.52318
7	44100000	44200000	0.52041
7	44200000	44300000	0.56027
7	44300000	44400000	0.47029
7	44400000	44500000	0.42855
7	44500000	44600000	0.47832
7	44600000	44700000	0.45732
7	44700000	44800000	0.50198
7	44800000	44900000	0.44824
7	44900000	45000000	0.48514
7	45000000	45100000	0.48024
7	45100000	45200000	0.50755
7	45200000	45300000	0.44169
7	45300000	45400000	0.40169
7	45400000	45500000	0.40847
7	45500000	45600000	0.45824
7	45600000	45700000	0.45551
7	45700000	45800000	0.42601
7	45800000	45900000	0.47958
7	45900000	46000000	0.42621
7	46000000	46100000	0.38312
7	46100000	46200000	0.39793
7	46200000	46300000	0.39523
7	46300000	46400000	0.38473
7	46400000	46500000	0.38588
7	46500000	46600000	0.38907
7	46600000	46700000	0.38963
7	46700000	46800000	0.38433
7	46800000	46900000	0.38806
7	46900000	47000000	0.38199
7	47000000	47100000	0.4053
7	47100000	47200000	0.40637
7	47200000	47300000	0.44049
7	47300000	47400000	0.47483
7	47400000	47500000	0.48577
7	47500000	47600000	0.49879
7	47600000	47700000	0.47617
7	47700000	47800000	0.43741
7	47800000	47900000	0.45016
7	47900000	48000000	0.43249
7	48000000	48100000	0.41263
7	48100000	48200000	0.40942
7	48200000	48300000	0.39236
7	48300000	48400000	0.40194
7	48400000	48500000	0.39303
7	48500000	48600000	0.36749
7	48600000	48700000	0.38597
7	48700000	48800000	0.38108
7	48800000	48900000	0.3793
7	48900000	49000000	0.37797
7	49000000	49100000	0.35971
7	49100000	49200000	0.36644
7	49200000	49300000	0.37462
7	49300000	49400000	0.35043
7	49400000	49500000	0.36566
7	49500000	49600000	0.35687
7	49600000	49700000	0.39026
7	49700000	49800000	0.40851
7	49800000	49900000	0.39224
7	49900000	50000000	0.35383
7	50000000	50100000	0.36152
7	50100000	50200000	0.3996
7	50200000	50300000	0.39717
7	50300000	50400000	0.4358
7	50400000	50500000	0.43981
7	50500000	50600000	0.44275
7	50600000	50700000	0.45431
7	50700000	50800000	0.45724
7	50800000	50900000	0.43269
7	50900000	51000000	0.40818
7	51000000	51100000	0.44155
7	51100000	51200000	0.4167
7	51200000	51300000	0.44531
7	51300000	51400000	0.47011
7	51400000	51500000	0.42365
7	51500000	51600000	0.40184
7	51600000	51700000	0.41594
7	51700000	51800000	0.38323
7	51800000	51900000	0.39725
7	51900000	52000000	0.38608
7	52000000	52100000	0.3656
7	52100000	52200000	0.3719
7	52200000	52300000	0.38902
7	52300000	52400000	0.39843
7	52400000	52500000	0.36764
7	52500000	52600000	0.36099
7	52600000	52700000	0.36183
7	52700000	52800000	0.3591
7	52800000	52900000	0.36814
7	52900000	53000000	0.37743
7	53000000	53100000	0.38001
7	53100000	53200000	0.34721
7	53200000	53300000	0.37159
7	53300000	53400000	0.3685
7	53400000	53500000	0.35526
7	53500000	53600000	0.36152
7	53600000	53700000	0.35831
7	53700000	53800000	0.35982
7	53800000	53900000	0.3555
7	53900000	54000000	0.37215
7	54000000	54100000	0.36759
7	54100000	54200000	0.37253
7	54200000	54300000	0.37251
7	54300000	54400000	0.35957
7	54400000	54500000	0.37456
7	54500000	54600000	0.37744
7	54600000	54700000	0.40364
7	54700000	54800000	0.41249
7	54800000	54900000	0.39027
7	54900000	55000000	0.38381
7	55000000	55100000	0.43567
7	55100000	55200000	0.45296
7	55200000	55300000	0.4534
7	55300000	55400000	0.4371
7	55400000	55500000	0.45919
7	55500000	55600000	0.46459
7	55600000	55700000	0.4025
7	55700000	55800000	0.46634
7	55800000	55900000	0.42211
7	55900000	56000000	0.44118
7	56000000	56100000	0.47462
7	56100000	56200000	0.45122
7	56200000	56300000	0.43036
7	56300000	56400000	0.47525
7	56400000	56500000	0.42062
7	56500000	56600000	0.3975
7	56600000	56700000	0.38681
7	56700000	56800000	0.42602
7	56800000	56900000	0.51836
7	56900000	57000000	0.50056
7	57000000	57100000	0.45455
7	57100000	57200000	0.4042
7	57200000	57300000	0.46429
7	57300000	57400000	0.48708
7	57400000	57500000	0.42554
7	57500000	57600000	0.36154
7	57600000	57700000	0.42466
7	57700000	57800000	0.39508
7	57800000	57900000	0.40891
7	57900000	58000000	0.36806
7	58000000	58100000	0.36807
7	58100000	58200000	0.37476
7	58200000	58300000	0.3893993993993994
7	58300000	58400000	0.3899099099099099
7	58400000	58500000	0.38972
7	58500000	58600000	0.3897
7	58600000	58700000	0.38944
7	58700000	58800000	0.38980980980980984
7	58800000	58900000	0.38939
7	58900000	59000000	0.38954
7	59000000	59100000	0.38949
7	59100000	59200000	0.38941
7	59200000	59300000	0.38935
7	59300000	59400000	0.38939
7	59400000	59500000	0.38911
7	59500000	59600000	0.38975975975975974
7	59600000	59700000	0.38956
7	59700000	59800000	0.38964
7	59800000	59900000	0.38954
7	59900000	60000000	0.38927
7	60000000	60100000	0.38892
7	60100000	60200000	0.38897
7	60200000	60300000	0.3888888888888889
7	60300000	60400000	0.3894
7	60400000	60500000	0.38873
7	60500000	60600000	0.38892
7	60600000	60700000	0.3892
7	60700000	60800000	0.38917
7	60800000	60900000	0.37686
7	60900000	61000000	0.36815
7	61000000	61100000	0.34878741796062107
7	61100000	61200000	0.37646
7	61200000	61300000	0.37301
7	61300000	61400000	0.37116
7	61400000	61500000	0.37809
7	61500000	61600000	0.37222
7	61600000	61700000	0.3654
7	61700000	61800000	0.36348
7	61800000	61900000	0.36655
7	61900000	62000000	0.37214861357738016
7	62000000	62100000	0.3665151023059435
7	62100000	62200000	0.36369
7	62200000	62300000	0.36679
7	62300000	62400000	0.36499
7	62400000	62500000	0.3509396079536448
7	62500000	62600000	0.36796429988950985
7	62600000	62700000	0.37291
7	62700000	62800000	0.3692
7	62800000	62900000	0.37438
7	62900000	63000000	0.37378
7	63000000	63100000	0.44952
7	63100000	63200000	0.40492
7	63200000	63300000	0.39429
7	63300000	63400000	0.4102
7	63400000	63500000	0.39515
7	63500000	63600000	0.48557
7	63600000	63700000	0.49873
7	63700000	63800000	0.50423
7	63800000	63900000	0.41679
7	63900000	64000000	0.39986
7	64000000	64100000	0.40437
7	64100000	64200000	0.42805
7	64200000	64300000	0.4127
7	64300000	64400000	0.39927
7	64400000	64500000	0.37777
7	64500000	64600000	0.40551
7	64600000	64700000	0.43289
7	64700000	64800000	0.40447
7	64800000	64900000	0.43976
7	64900000	65000000	0.39791
7	65000000	65100000	0.43891
7	65100000	65200000	0.39718
7	65200000	65300000	0.42426
7	65300000	65400000	0.39793
7	65400000	65500000	0.40339
7	65500000	65600000	0.38201
7	65600000	65700000	0.39386
7	65700000	65800000	0.43877
7	65800000	65900000	0.44366
7	65900000	66000000	0.44259
7	66000000	66100000	0.47042
7	66100000	66200000	0.46471
7	66200000	66300000	0.40779
7	66300000	66400000	0.43483
7	66400000	66500000	0.43083
7	66500000	66600000	0.48539
7	66600000	66700000	0.48514
7	66700000	66800000	0.43567
7	66800000	66900000	0.46349
7	66900000	67000000	0.46473
7	67000000	67100000	0.42643
7	67100000	67200000	0.40596
7	67200000	67300000	0.4427
7	67300000	67400000	0.45036
7	67400000	67500000	0.46225
7	67500000	67600000	0.44256
7	67600000	67700000	0.44235
7	67700000	67800000	0.44588
7	67800000	67900000	0.44621
7	67900000	68000000	0.43479
7	68000000	68100000	0.44372
7	68100000	68200000	0.428
7	68200000	68300000	0.43161
7	68300000	68400000	0.42114
7	68400000	68500000	0.42877
7	68500000	68600000	0.42674
7	68600000	68700000	0.41942
7	68700000	68800000	0.44404
7	68800000	68900000	0.4414
7	68900000	69000000	0.44233
7	69000000	69100000	0.42161
7	69100000	69200000	0.42827
7	69200000	69300000	0.44509
7	69300000	69400000	0.44473
7	69400000	69500000	0.45076
7	69500000	69600000	0.44126
7	69600000	69700000	0.40365
7	69700000	69800000	0.40673
7	69800000	69900000	0.4035
7	69900000	70000000	0.39063
7	70000000	70100000	0.38601
7	70100000	70200000	0.38229
7	70200000	70300000	0.3807
7	70300000	70400000	0.39976
7	70400000	70500000	0.43976
7	70500000	70600000	0.43903
7	70600000	70700000	0.45436
7	70700000	70800000	0.44207
7	70800000	70900000	0.43669
7	70900000	71000000	0.44017
7	71000000	71100000	0.4323
7	71100000	71200000	0.44934
7	71200000	71300000	0.43972
7	71300000	71400000	0.43477
7	71400000	71500000	0.4508
7	71500000	71600000	0.44593
7	71600000	71700000	0.4475
7	71700000	71800000	0.45042
7	71800000	71900000	0.4345
7	71900000	72000000	0.43079
7	72000000	72100000	0.42389
7	72100000	72200000	0.42914
7	72200000	72300000	0.43411
7	72300000	72400000	0.428
7	72400000	72500000	0.45115
7	72500000	72600000	0.43833
7	72600000	72700000	0.40513
7	72700000	72800000	0.41673
7	72800000	72900000	0.452
7	72900000	73000000	0.49438
7	73000000	73100000	0.45854
7	73100000	73200000	0.47879
7	73200000	73300000	0.48893
7	73300000	73400000	0.50505
7	73400000	73500000	0.46936
7	73500000	73600000	0.48712
7	73600000	73700000	0.52452
7	73700000	73800000	0.51494
7	73800000	73900000	0.51764
7	73900000	74000000	0.47855
7	74000000	74100000	0.54228
7	74100000	74200000	0.48503
7	74200000	74300000	0.51345
7	74300000	74400000	0.51508
7	74400000	74500000	0.51709
7	74500000	74600000	0.52881
7	74600000	74700000	0.47366
7	74700000	74800000	0.45491
7	74800000	74900000	0.46441
7	74900000	75000000	0.49631
7	75000000	75100000	0.50452
7	75100000	75200000	0.48141
7	75200000	75300000	0.47862
7	75300000	75400000	0.48197
7	75400000	75500000	0.47399
7	75500000	75600000	0.47847
7	75600000	75700000	0.48202
7	75700000	75800000	0.47887
7	75800000	75900000	0.49221
7	75900000	76000000	0.51617
7	76000000	76100000	0.48682
7	76100000	76200000	0.45291
7	76200000	76300000	0.53059
7	76300000	76400000	0.49677
7	76400000	76500000	0.50877
7	76500000	76600000	0.4504
7	76600000	76700000	0.41146
7	76700000	76800000	0.36107
7	76800000	76900000	0.36596
7	76900000	77000000	0.45068
7	77000000	77100000	0.45056
7	77100000	77200000	0.37835
7	77200000	77300000	0.39557
7	77300000	77400000	0.40445
7	77400000	77500000	0.40287
7	77500000	77600000	0.39975
7	77600000	77700000	0.41308
7	77700000	77800000	0.39759
7	77800000	77900000	0.38202
7	77900000	78000000	0.38773
7	78000000	78100000	0.4224
7	78100000	78200000	0.39308
7	78200000	78300000	0.38607
7	78300000	78400000	0.37218
7	78400000	78500000	0.36329
7	78500000	78600000	0.37642
7	78600000	78700000	0.36022
7	78700000	78800000	0.36347
7	78800000	78900000	0.36042
7	78900000	79000000	0.35235
7	79000000	79100000	0.35862
7	79100000	79200000	0.35732
7	79200000	79300000	0.36183
7	79300000	79400000	0.3502
7	79400000	79500000	0.35748
7	79500000	79600000	0.35066
7	79600000	79700000	0.34975
7	79700000	79800000	0.35179
7	79800000	79900000	0.34047
7	79900000	80000000	0.36304
7	80000000	80100000	0.36674
7	80100000	80200000	0.37386
7	80200000	80300000	0.36596
7	80300000	80400000	0.36085
7	80400000	80500000	0.35917
7	80500000	80600000	0.37245
7	80600000	80700000	0.35262
7	80700000	80800000	0.36891
7	80800000	80900000	0.35378
7	80900000	81000000	0.37887
7	81000000	81100000	0.38124
7	81100000	81200000	0.36803
7	81200000	81300000	0.3718
7	81300000	81400000	0.34439
7	81400000	81500000	0.37063
7	81500000	81600000	0.34328
7	81600000	81700000	0.34492
7	81700000	81800000	0.3476
7	81800000	81900000	0.35223
7	81900000	82000000	0.35008
7	82000000	82100000	0.34468
7	82100000	82200000	0.34023
7	82200000	82300000	0.35874
7	82300000	82400000	0.35612
7	82400000	82500000	0.37479
7	82500000	82600000	0.37443
7	82600000	82700000	0.37538
7	82700000	82800000	0.3609
7	82800000	82900000	0.32926
7	82900000	83000000	0.33501
7	83000000	83100000	0.34095
7	83100000	83200000	0.35262
7	83200000	83300000	0.35059
7	83300000	83400000	0.34874
7	83400000	83500000	0.34994
7	83500000	83600000	0.3457
7	83600000	83700000	0.36149
7	83700000	83800000	0.35822
7	83800000	83900000	0.34534
7	83900000	84000000	0.35043
7	84000000	84100000	0.34116
7	84100000	84200000	0.34831
7	84200000	84300000	0.34887
7	84300000	84400000	0.33454
7	84400000	84500000	0.34103
7	84500000	84600000	0.34535
7	84600000	84700000	0.33354
7	84700000	84800000	0.34633
7	84800000	84900000	0.35414
7	84900000	85000000	0.3587
7	85000000	85100000	0.34023
7	85100000	85200000	0.34467
7	85200000	85300000	0.34318
7	85300000	85400000	0.34832
7	85400000	85500000	0.3401
7	85500000	85600000	0.33769
7	85600000	85700000	0.34671
7	85700000	85800000	0.3527
7	85800000	85900000	0.34313
7	85900000	86000000	0.34467
7	86000000	86100000	0.34528
7	86100000	86200000	0.3472
7	86200000	86300000	0.35578
7	86300000	86400000	0.34291
7	86400000	86500000	0.35781
7	86500000	86600000	0.36061
7	86600000	86700000	0.35897
7	86700000	86800000	0.37266
7	86800000	86900000	0.37113
7	86900000	87000000	0.36976
7	87000000	87100000	0.37293
7	87100000	87200000	0.37019
7	87200000	87300000	0.41687
7	87300000	87400000	0.38521
7	87400000	87500000	0.38477
7	87500000	87600000	0.38008
7	87600000	87700000	0.36441
7	87700000	87800000	0.35043
7	87800000	87900000	0.36004
7	87900000	88000000	0.38426
7	88000000	88100000	0.37507
7	88100000	88200000	0.36299
7	88200000	88300000	0.38021
7	88300000	88400000	0.38216
7	88400000	88500000	0.36922
7	88500000	88600000	0.37068
7	88600000	88700000	0.3571
7	88700000	88800000	0.35795
7	88800000	88900000	0.34868
7	88900000	89000000	0.33607
7	89000000	89100000	0.35301
7	89100000	89200000	0.34841
7	89200000	89300000	0.35562
7	89300000	89400000	0.34784
7	89400000	89500000	0.36302
7	89500000	89600000	0.35193
7	89600000	89700000	0.35876
7	89700000	89800000	0.36311
7	89800000	89900000	0.35733
7	89900000	90000000	0.36879
7	90000000	90100000	0.36165
7	90100000	90200000	0.38659
7	90200000	90300000	0.36529
7	90300000	90400000	0.38078
7	90400000	90500000	0.39333
7	90500000	90600000	0.39344
7	90600000	90700000	0.38067
7	90700000	90800000	0.37593
7	90800000	90900000	0.37132
7	90900000	91000000	0.36714
7	91000000	91100000	0.38755
7	91100000	91200000	0.38044
7	91200000	91300000	0.406
7	91300000	91400000	0.392
7	91400000	91500000	0.38443
7	91500000	91600000	0.39704
7	91600000	91700000	0.38366
7	91700000	91800000	0.38001
7	91800000	91900000	0.39174
7	91900000	92000000	0.38265
7	92000000	92100000	0.35981
7	92100000	92200000	0.39452
7	92200000	92300000	0.37298
7	92300000	92400000	0.36249
7	92400000	92500000	0.4214
7	92500000	92600000	0.39633
7	92600000	92700000	0.38587
7	92700000	92800000	0.37638
7	92800000	92900000	0.38618
7	92900000	93000000	0.38048
7	93000000	93100000	0.38645
7	93100000	93200000	0.38782
7	93200000	93300000	0.34914
7	93300000	93400000	0.36888
7	93400000	93500000	0.35926
7	93500000	93600000	0.36186
7	93600000	93700000	0.36462
7	93700000	93800000	0.35613
7	93800000	93900000	0.35244
7	93900000	94000000	0.36177
7	94000000	94100000	0.38101
7	94100000	94200000	0.36416
7	94200000	94300000	0.36491
7	94300000	94400000	0.3912
7	94400000	94500000	0.3694
7	94500000	94600000	0.35974
7	94600000	94700000	0.36637
7	94700000	94800000	0.37148
7	94800000	94900000	0.38162
7	94900000	95000000	0.36271
7	95000000	95100000	0.36855
7	95100000	95200000	0.35859
7	95200000	95300000	0.36763
7	95300000	95400000	0.40037
7	95400000	95500000	0.3834
7	95500000	95600000	0.3832
7	95600000	95700000	0.37398
7	95700000	95800000	0.38094
7	95800000	95900000	0.38196
7	95900000	96000000	0.39181
7	96000000	96100000	0.37775
7	96100000	96200000	0.39202
7	96200000	96300000	0.39572
7	96300000	96400000	0.39714
7	96400000	96500000	0.38868
7	96500000	96600000	0.37485
7	96600000	96700000	0.37598
7	96700000	96800000	0.38543
7	96800000	96900000	0.38012
7	96900000	97000000	0.39837
7	97000000	97100000	0.42582
7	97100000	97200000	0.38257
7	97200000	97300000	0.38985
7	97300000	97400000	0.40023
7	97400000	97500000	0.39707
7	97500000	97600000	0.38917
7	97600000	97700000	0.37967
7	97700000	97800000	0.38377
7	97800000	97900000	0.40221
7	97900000	98000000	0.46268
7	98000000	98100000	0.46194
7	98100000	98200000	0.43424
7	98200000	98300000	0.54038
7	98300000	98400000	0.46012
7	98400000	98500000	0.48379
7	98500000	98600000	0.4646
7	98600000	98700000	0.47279
7	98700000	98800000	0.48142
7	98800000	98900000	0.49283
7	98900000	99000000	0.45944
7	99000000	99100000	0.44918
7	99100000	99200000	0.43258
7	99200000	99300000	0.49228
7	99300000	99400000	0.49227
7	99400000	99500000	0.51006
7	99500000	99600000	0.44556
7	99600000	99700000	0.43505
7	99700000	99800000	0.41376
7	99800000	99900000	0.41987
7	99900000	100000000	0.44925
7	100000000	100100000	0.47992
7	100100000	100200000	0.51064
7	100200000	100300000	0.5086
7	100300000	100400000	0.48944
7	100400000	100500000	0.51782
7	100500000	100600000	0.51274
7	100600000	100700000	0.54664
7	100700000	100800000	0.52074
7	100800000	100900000	0.54272
7	100900000	101000000	0.49402
7	101000000	101100000	0.50041
7	101100000	101200000	0.52439
7	101200000	101300000	0.52406
7	101300000	101400000	0.49538
7	101400000	101500000	0.48744
7	101500000	101600000	0.50893
7	101600000	101700000	0.51926
7	101700000	101800000	0.50027
7	101800000	101900000	0.47192
7	101900000	102000000	0.49064
7	102000000	102100000	0.46623
7	102100000	102200000	0.48204
7	102200000	102300000	0.53035
7	102300000	102400000	0.48356
7	102400000	102500000	0.53388
7	102500000	102600000	0.53919
7	102600000	102700000	0.52458
7	102700000	102800000	0.37643
7	102800000	102900000	0.3963
7	102900000	103000000	0.39565
7	103000000	103100000	0.40315
7	103100000	103200000	0.40249
7	103200000	103300000	0.37406
7	103300000	103400000	0.39802
7	103400000	103500000	0.4001
7	103500000	103600000	0.38566
7	103600000	103700000	0.36597
7	103700000	103800000	0.37207
7	103800000	103900000	0.36998
7	103900000	104000000	0.38379
7	104000000	104100000	0.38441
7	104100000	104200000	0.36699
7	104200000	104300000	0.39064
7	104300000	104400000	0.3878
7	104400000	104500000	0.38724
7	104500000	104600000	0.38932
7	104600000	104700000	0.40093
7	104700000	104800000	0.40234
7	104800000	104900000	0.42709
7	104900000	105000000	0.43322
7	105000000	105100000	0.38228
7	105100000	105200000	0.4028
7	105200000	105300000	0.39881
7	105300000	105400000	0.42538
7	105400000	105500000	0.43405
7	105500000	105600000	0.43558
7	105600000	105700000	0.46757
7	105700000	105800000	0.45105
7	105800000	105900000	0.44121
7	105900000	106000000	0.43613
7	106000000	106100000	0.44667
7	106100000	106200000	0.42317
7	106200000	106300000	0.39652
7	106300000	106400000	0.40183
7	106400000	106500000	0.39296
7	106500000	106600000	0.40898
7	106600000	106700000	0.39449
7	106700000	106800000	0.39111
7	106800000	106900000	0.4172
7	106900000	107000000	0.41887
7	107000000	107100000	0.39734
7	107100000	107200000	0.38337
7	107200000	107300000	0.3793
7	107300000	107400000	0.36861
7	107400000	107500000	0.35075
7	107500000	107600000	0.38435
7	107600000	107700000	0.39902
7	107700000	107800000	0.38802
7	107800000	107900000	0.41356
7	107900000	108000000	0.4032
7	108000000	108100000	0.41631
7	108100000	108200000	0.39109
7	108200000	108300000	0.39886
7	108300000	108400000	0.38328
7	108400000	108500000	0.38651
7	108500000	108600000	0.39185
7	108600000	108700000	0.39517
7	108700000	108800000	0.37814
7	108800000	108900000	0.37932
7	108900000	109000000	0.3709
7	109000000	109100000	0.35752
7	109100000	109200000	0.35135
7	109200000	109300000	0.35429
7	109300000	109400000	0.34762
7	109400000	109500000	0.33605
7	109500000	109600000	0.35375
7	109600000	109700000	0.35315
7	109700000	109800000	0.36409
7	109800000	109900000	0.34532
7	109900000	110000000	0.36688
7	110000000	110100000	0.3429
7	110100000	110200000	0.35718
7	110200000	110300000	0.35531
7	110300000	110400000	0.37038
7	110400000	110500000	0.36169
7	110500000	110600000	0.3757
7	110600000	110700000	0.37939
7	110700000	110800000	0.37484
7	110800000	110900000	0.35531
7	110900000	111000000	0.35682
7	111000000	111100000	0.3664
7	111100000	111200000	0.34608
7	111200000	111300000	0.35898
7	111300000	111400000	0.3504
7	111400000	111500000	0.3627
7	111500000	111600000	0.38054
7	111600000	111700000	0.40436
7	111700000	111800000	0.4049
7	111800000	111900000	0.39156
7	111900000	112000000	0.38753
7	112000000	112100000	0.37911
7	112100000	112200000	0.39567
7	112200000	112300000	0.378
7	112300000	112400000	0.39775
7	112400000	112500000	0.39709
7	112500000	112600000	0.40087
7	112600000	112700000	0.38612
7	112700000	112800000	0.36412
7	112800000	112900000	0.37487
7	112900000	113000000	0.3606
7	113000000	113100000	0.36676
7	113100000	113200000	0.37063
7	113200000	113300000	0.36845
7	113300000	113400000	0.3643
7	113400000	113500000	0.35864
7	113500000	113600000	0.35879
7	113600000	113700000	0.35712
7	113700000	113800000	0.35799
7	113800000	113900000	0.35527
7	113900000	114000000	0.36758
7	114000000	114100000	0.37069
7	114100000	114200000	0.35112
7	114200000	114300000	0.35462
7	114300000	114400000	0.35942
7	114400000	114500000	0.34235
7	114500000	114600000	0.33938
7	114600000	114700000	0.3417
7	114700000	114800000	0.383
7	114800000	114900000	0.3594
7	114900000	115000000	0.37067
7	115000000	115100000	0.36264
7	115100000	115200000	0.3622
7	115200000	115300000	0.35537
7	115300000	115400000	0.3386
7	115400000	115500000	0.34675
7	115500000	115600000	0.36462
7	115600000	115700000	0.34977
7	115700000	115800000	0.34627
7	115800000	115900000	0.3576
7	115900000	116000000	0.34225
7	116000000	116100000	0.35165
7	116100000	116200000	0.36579
7	116200000	116300000	0.37672
7	116300000	116400000	0.37799
7	116400000	116500000	0.37932
7	116500000	116600000	0.39796
7	116600000	116700000	0.39221
7	116700000	116800000	0.39028
7	116800000	116900000	0.39556
7	116900000	117000000	0.4034
7	117000000	117100000	0.37858
7	117100000	117200000	0.38533
7	117200000	117300000	0.42264
7	117300000	117400000	0.36806
7	117400000	117500000	0.36685
7	117500000	117600000	0.3565
7	117600000	117700000	0.37527
7	117700000	117800000	0.38684
7	117800000	117900000	0.38627
7	117900000	118000000	0.38087
7	118000000	118100000	0.38081
7	118100000	118200000	0.3735
7	118200000	118300000	0.36027
7	118300000	118400000	0.36173
7	118400000	118500000	0.35024
7	118500000	118600000	0.34607
7	118600000	118700000	0.34419
7	118700000	118800000	0.3444
7	118800000	118900000	0.34747
7	118900000	119000000	0.33503
7	119000000	119100000	0.34198
7	119100000	119200000	0.35154
7	119200000	119300000	0.33892
7	119300000	119400000	0.34791
7	119400000	119500000	0.34415
7	119500000	119600000	0.36011
7	119600000	119700000	0.33802
7	119700000	119800000	0.33351
7	119800000	119900000	0.34232
7	119900000	120000000	0.34541
7	120000000	120100000	0.36168
7	120100000	120200000	0.34742
7	120200000	120300000	0.35835
7	120300000	120400000	0.34183
7	120400000	120500000	0.35848
7	120500000	120600000	0.34847
7	120600000	120700000	0.35716
7	120700000	120800000	0.37106
7	120800000	120900000	0.37719
7	120900000	121000000	0.36239
7	121000000	121100000	0.36896
7	121100000	121200000	0.35345
7	121200000	121300000	0.37312
7	121300000	121400000	0.37702
7	121400000	121500000	0.38074
7	121500000	121600000	0.38268
7	121600000	121700000	0.35589
7	121700000	121800000	0.36685
7	121800000	121900000	0.36881
7	121900000	122000000	0.35849
7	122000000	122100000	0.35499
7	122100000	122200000	0.37741
7	122200000	122300000	0.3813
7	122300000	122400000	0.3849
7	122400000	122500000	0.3601
7	122500000	122600000	0.34821
7	122600000	122700000	0.38086
7	122700000	122800000	0.35758
7	122800000	122900000	0.383
7	122900000	123000000	0.36624
7	123000000	123100000	0.37247
7	123100000	123200000	0.35724
7	123200000	123300000	0.36715
7	123300000	123400000	0.36717
7	123400000	123500000	0.36647
7	123500000	123600000	0.37313
7	123600000	123700000	0.37586
7	123700000	123800000	0.37065
7	123800000	123900000	0.37891
7	123900000	124000000	0.37773
7	124000000	124100000	0.38443
7	124100000	124200000	0.36248
7	124200000	124300000	0.36113
7	124300000	124400000	0.3527
7	124400000	124500000	0.36094
7	124500000	124600000	0.35774
7	124600000	124700000	0.36383
7	124700000	124800000	0.3786
7	124800000	124900000	0.34183
7	124900000	125000000	0.37374
7	125000000	125100000	0.35386
7	125100000	125200000	0.3563
7	125200000	125300000	0.36204
7	125300000	125400000	0.35533
7	125400000	125500000	0.35101
7	125500000	125600000	0.33905
7	125600000	125700000	0.34111
7	125700000	125800000	0.34828
7	125800000	125900000	0.35148
7	125900000	126000000	0.36368
7	126000000	126100000	0.3416
7	126100000	126200000	0.34167
7	126200000	126300000	0.35084
7	126300000	126400000	0.35818
7	126400000	126500000	0.3539
7	126500000	126600000	0.35788
7	126600000	126700000	0.38199
7	126700000	126800000	0.35578
7	126800000	126900000	0.37318
7	126900000	127000000	0.37827
7	127000000	127100000	0.38711
7	127100000	127200000	0.38107
7	127200000	127300000	0.41003
7	127300000	127400000	0.37515
7	127400000	127500000	0.38705
7	127500000	127600000	0.42921
7	127600000	127700000	0.4318
7	127700000	127800000	0.39995
7	127800000	127900000	0.39645
7	127900000	128000000	0.42086
7	128000000	128100000	0.49178
7	128100000	128200000	0.47655
7	128200000	128300000	0.47906
7	128300000	128400000	0.47496
7	128400000	128500000	0.46629
7	128500000	128600000	0.44155
7	128600000	128700000	0.45531
7	128700000	128800000	0.43863
7	128800000	128900000	0.54828
7	128900000	129000000	0.46949
7	129000000	129100000	0.41554
7	129100000	129200000	0.45319
7	129200000	129300000	0.42901
7	129300000	129400000	0.39606
7	129400000	129500000	0.42999
7	129500000	129600000	0.46701
7	129600000	129700000	0.40861
7	129700000	129800000	0.48397
7	129800000	129900000	0.43131
7	129900000	130000000	0.45206
7	130000000	130100000	0.43549
7	130100000	130200000	0.42188
7	130200000	130300000	0.43339
7	130300000	130400000	0.47108
7	130400000	130500000	0.40759
7	130500000	130600000	0.42281
7	130600000	130700000	0.39909
7	130700000	130800000	0.39404
7	130800000	130900000	0.41689
7	130900000	131000000	0.4172
7	131000000	131100000	0.41228
7	131100000	131200000	0.42486
7	131200000	131300000	0.42446
7	131300000	131400000	0.37234
7	131400000	131500000	0.36056
7	131500000	131600000	0.495
7	131600000	131700000	0.48653
7	131700000	131800000	0.42901
7	131800000	131900000	0.45368
7	131900000	132000000	0.43997
7	132000000	132100000	0.43002
7	132100000	132200000	0.48552
7	132200000	132300000	0.46898
7	132300000	132400000	0.46581
7	132400000	132500000	0.47174
7	132500000	132600000	0.46649
7	132600000	132700000	0.44454
7	132700000	132800000	0.44059
7	132800000	132900000	0.38816
7	132900000	133000000	0.39147
7	133000000	133100000	0.39438
7	133100000	133200000	0.42926
7	133200000	133300000	0.39116
7	133300000	133400000	0.37246
7	133400000	133500000	0.37956
7	133500000	133600000	0.37318
7	133600000	133700000	0.37487
7	133700000	133800000	0.38175
7	133800000	133900000	0.39013
7	133900000	134000000	0.39372
7	134000000	134100000	0.40978
7	134100000	134200000	0.39539
7	134200000	134300000	0.39562
7	134300000	134400000	0.42382
7	134400000	134500000	0.43699
7	134500000	134600000	0.43783
7	134600000	134700000	0.39957
7	134700000	134800000	0.41442
7	134800000	134900000	0.39554
7	134900000	135000000	0.39769
7	135000000	135100000	0.35853
7	135100000	135200000	0.42457
7	135200000	135300000	0.45081
7	135300000	135400000	0.41945
7	135400000	135500000	0.3738
7	135500000	135600000	0.41053
7	135600000	135700000	0.41149
7	135700000	135800000	0.45301
7	135800000	135900000	0.43107
7	135900000	136000000	0.38806
7	136000000	136100000	0.39539
7	136100000	136200000	0.39432
7	136200000	136300000	0.3775
7	136300000	136400000	0.36357
7	136400000	136500000	0.37174
7	136500000	136600000	0.37358
7	136600000	136700000	0.35767
7	136700000	136800000	0.36676
7	136800000	136900000	0.37359
7	136900000	137000000	0.36622
7	137000000	137100000	0.35734
7	137100000	137200000	0.35966
7	137200000	137300000	0.37503
7	137300000	137400000	0.38406
7	137400000	137500000	0.38584
7	137500000	137600000	0.37404
7	137600000	137700000	0.4006
7	137700000	137800000	0.39384
7	137800000	137900000	0.41584
7	137900000	138000000	0.43346
7	138000000	138100000	0.39813
7	138100000	138200000	0.41081
7	138200000	138300000	0.41097
7	138300000	138400000	0.42447
7	138400000	138500000	0.42088
7	138500000	138600000	0.3866
7	138600000	138700000	0.43925
7	138700000	138800000	0.45838
7	138800000	138900000	0.43661
7	138900000	139000000	0.44582
7	139000000	139100000	0.43478
7	139100000	139200000	0.4039
7	139200000	139300000	0.39797
7	139300000	139400000	0.41749
7	139400000	139500000	0.45879
7	139500000	139600000	0.48329
7	139600000	139700000	0.44943
7	139700000	139800000	0.45041
7	139800000	139900000	0.44023
7	139900000	140000000	0.44485
7	140000000	140100000	0.45274
7	140100000	140200000	0.40188
7	140200000	140300000	0.46881
7	140300000	140400000	0.45279
7	140400000	140500000	0.47066
7	140500000	140600000	0.47624
7	140600000	140700000	0.48437
7	140700000	140800000	0.38739
7	140800000	140900000	0.37389
7	140900000	141000000	0.40952
7	141000000	141100000	0.41533
7	141100000	141200000	0.42784
7	141200000	141300000	0.43823
7	141300000	141400000	0.42557
7	141400000	141500000	0.44552
7	141500000	141600000	0.42485
7	141600000	141700000	0.40038
7	141700000	141800000	0.40816
7	141800000	141900000	0.3886
7	141900000	142000000	0.39554
7	142000000	142100000	0.3917
7	142100000	142200000	0.389
7	142200000	142300000	0.39948
7	142300000	142400000	0.43189
7	142400000	142500000	0.43542
7	142500000	142600000	0.42339
7	142600000	142700000	0.38854
7	142700000	142800000	0.44565
7	142800000	142900000	0.45263
7	142900000	143000000	0.43107
7	143000000	143100000	0.4112
7	143100000	143200000	0.3927
7	143200000	143300000	0.41904
7	143300000	143400000	0.49174
7	143400000	143500000	0.42099
7	143500000	143600000	0.39593
7	143600000	143700000	0.4178804818518227
7	143700000	143800000	0.40253639259647567
7	143800000	143900000	0.39349
7	143900000	144000000	0.37838
7	144000000	144100000	0.37851
7	144100000	144200000	0.38047
7	144200000	144300000	0.41808
7	144300000	144400000	0.43614
7	144400000	144500000	0.4076
7	144500000	144600000	0.37228
7	144600000	144700000	0.37199
7	144700000	144800000	0.37246
7	144800000	144900000	0.38144
7	144900000	145000000	0.37785
7	145000000	145100000	0.36339
7	145100000	145200000	0.37586
7	145200000	145300000	0.36802
7	145300000	145400000	0.36382
7	145400000	145500000	0.36506
7	145500000	145600000	0.35078
7	145600000	145700000	0.3624
7	145700000	145800000	0.35418
7	145800000	145900000	0.3537
7	145900000	146000000	0.35573
7	146000000	146100000	0.36421
7	146100000	146200000	0.35775
7	146200000	146300000	0.36505
7	146300000	146400000	0.35895
7	146400000	146500000	0.35301
7	146500000	146600000	0.36315
7	146600000	146700000	0.35214
7	146700000	146800000	0.36013
7	146800000	146900000	0.3508
7	146900000	147000000	0.36777
7	147000000	147100000	0.36058
7	147100000	147200000	0.36175
7	147200000	147300000	0.36326
7	147300000	147400000	0.36022
7	147400000	147500000	0.37488
7	147500000	147600000	0.38257
7	147600000	147700000	0.36948
7	147700000	147800000	0.37289
7	147800000	147900000	0.38627
7	147900000	148000000	0.39449
7	148000000	148100000	0.39065
7	148100000	148200000	0.41563
7	148200000	148300000	0.42166
7	148300000	148400000	0.43545
7	148400000	148500000	0.44503
7	148500000	148600000	0.41615
7	148600000	148700000	0.43226
7	148700000	148800000	0.40541
7	148800000	148900000	0.40622
7	148900000	149000000	0.45589
7	149000000	149100000	0.48363
7	149100000	149200000	0.4674
7	149200000	149300000	0.49682
7	149300000	149400000	0.42513
7	149400000	149500000	0.45978
7	149500000	149600000	0.42462
7	149600000	149700000	0.44374
7	149700000	149800000	0.54422
7	149800000	149900000	0.52611
7	149900000	150000000	0.4342
7	150000000	150100000	0.45835
7	150100000	150200000	0.41227
7	150200000	150300000	0.41228
7	150300000	150400000	0.49367
7	150400000	150500000	0.45546
7	150500000	150600000	0.40435
7	150600000	150700000	0.40703
7	150700000	150800000	0.42259
7	150800000	150900000	0.45021
7	150900000	151000000	0.53389
7	151000000	151100000	0.57527
7	151100000	151200000	0.54194
7	151200000	151300000	0.51744
7	151300000	151400000	0.48312
7	151400000	151500000	0.48207
7	151500000	151600000	0.43555
7	151600000	151700000	0.46755
7	151700000	151800000	0.51453
7	151800000	151900000	0.51805
7	151900000	152000000	0.44158
7	152000000	152100000	0.41199
7	152100000	152200000	0.40597
7	152200000	152300000	0.36368
7	152300000	152400000	0.39359
7	152400000	152500000	0.45383
7	152500000	152600000	0.48017
7	152600000	152700000	0.43158
7	152700000	152800000	0.44178
7	152800000	152900000	0.46753
7	152900000	153000000	0.44043
7	153000000	153100000	0.45146
7	153100000	153200000	0.41051
7	153200000	153300000	0.40227
7	153300000	153400000	0.41516
7	153400000	153500000	0.42519
7	153500000	153600000	0.41629
7	153600000	153700000	0.39895
7	153700000	153800000	0.38934
7	153800000	153900000	0.40344
7	153900000	154000000	0.43735
7	154000000	154100000	0.45441
7	154100000	154200000	0.44291
7	154200000	154300000	0.42415
7	154300000	154400000	0.43578
7	154400000	154500000	0.41673
7	154500000	154600000	0.40405
7	154600000	154700000	0.434
7	154700000	154800000	0.46277
7	154800000	154900000	0.47925
7	154900000	155000000	0.43177
7	155000000	155100000	0.44299
7	155100000	155200000	0.45707
7	155200000	155300000	0.5131
7	155300000	155400000	0.51461
7	155400000	155500000	0.531
7	155500000	155600000	0.49447
7	155600000	155700000	0.40848
7	155700000	155800000	0.44088
7	155800000	155900000	0.51077
7	155900000	156000000	0.49529
7	156000000	156100000	0.48201
7	156100000	156200000	0.47572
7	156200000	156300000	0.4283
7	156300000	156400000	0.44143
7	156400000	156500000	0.44318
7	156500000	156600000	0.43758
7	156600000	156700000	0.42402
7	156700000	156800000	0.37962
7	156800000	156900000	0.40173
7	156900000	157000000	0.46964
7	157000000	157100000	0.49725
7	157100000	157200000	0.43641
7	157200000	157300000	0.46289
7	157300000	157400000	0.47031
7	157400000	157500000	0.52959
7	157500000	157600000	0.50894
7	157600000	157700000	0.52504
7	157700000	157800000	0.54504
7	157800000	157900000	0.53195
7	157900000	158000000	0.4996
7	158000000	158100000	0.50848
7	158100000	158200000	0.49581
7	158200000	158300000	0.47219
7	158300000	158400000	0.52183
7	158400000	158500000	0.51929
7	158500000	158600000	0.51708
7	158600000	158700000	0.42231
7	158700000	158800000	0.43823
7	158800000	158900000	0.4519
7	158900000	159000000	0.47904
7	159000000	159100000	0.49562
7	159100000	159200000	0.47092
7	159200000	159300000	0.41627
7	159300000	159345973	0.3966586050649098
8	0	100000	0.483975
8	100000	200000	0.39291
8	200000	300000	0.44211
8	300000	400000	0.4674
8	400000	500000	0.43196
8	500000	600000	0.44316
8	600000	700000	0.50554
8	700000	800000	0.48748
8	800000	900000	0.45616
8	900000	1000000	0.48094
8	1000000	1100000	0.50056
8	1100000	1200000	0.47238
8	1200000	1300000	0.45982
8	1300000	1400000	0.50158
8	1400000	1500000	0.4952
8	1500000	1600000	0.47982
8	1600000	1700000	0.46851
8	1700000	1800000	0.46724
8	1800000	1900000	0.50942
8	1900000	2000000	0.48502
8	2000000	2100000	0.48236
8	2100000	2200000	0.45325
8	2200000	2300000	0.46386
8	2300000	2400000	0.40052
8	2400000	2500000	0.44263
8	2500000	2600000	0.40588
8	2600000	2700000	0.40319
8	2700000	2800000	0.37483
8	2800000	2900000	0.39862
8	2900000	3000000	0.38873
8	3000000	3100000	0.39081
8	3100000	3200000	0.40112
8	3200000	3300000	0.40273
8	3300000	3400000	0.38581
8	3400000	3500000	0.39064
8	3500000	3600000	0.39458
8	3600000	3700000	0.38935
8	3700000	3800000	0.40148
8	3800000	3900000	0.37622
8	3900000	4000000	0.3766
8	4000000	4100000	0.37738
8	4100000	4200000	0.39055
8	4200000	4300000	0.37334
8	4300000	4400000	0.38354
8	4400000	4500000	0.37504
8	4500000	4600000	0.38261
8	4600000	4700000	0.37639
8	4700000	4800000	0.37522
8	4800000	4900000	0.36825
8	4900000	5000000	0.38487
8	5000000	5100000	0.37485
8	5100000	5200000	0.38392
8	5200000	5300000	0.37391
8	5300000	5400000	0.36966
8	5400000	5500000	0.37366
8	5500000	5600000	0.38124
8	5600000	5700000	0.39451
8	5700000	5800000	0.37816
8	5800000	5900000	0.37125
8	5900000	6000000	0.37543
8	6000000	6100000	0.41875
8	6100000	6200000	0.40637
8	6200000	6300000	0.42709
8	6300000	6400000	0.43362
8	6400000	6500000	0.40876
8	6500000	6600000	0.42172
8	6600000	6700000	0.43461
8	6700000	6800000	0.42385
8	6800000	6900000	0.46958
8	6900000	7000000	0.46264
8	7000000	7100000	0.45576
8	7100000	7200000	0.43171
8	7200000	7300000	0.50985
8	7300000	7400000	0.4117
8	7400000	7500000	0.42226
8	7500000	7600000	0.47501
8	7600000	7700000	0.50028
8	7700000	7800000	0.50353
8	7800000	7900000	0.41776
8	7900000	8000000	0.41637
8	8000000	8100000	0.48205
8	8100000	8200000	0.44418
8	8200000	8300000	0.44631
8	8300000	8400000	0.43905
8	8400000	8500000	0.42756
8	8500000	8600000	0.4174
8	8600000	8700000	0.41437
8	8700000	8800000	0.43173
8	8800000	8900000	0.44296
8	8900000	9000000	0.42518
8	9000000	9100000	0.41618
8	9100000	9200000	0.43833
8	9200000	9300000	0.42776
8	9300000	9400000	0.43597
8	9400000	9500000	0.42597
8	9500000	9600000	0.40511
8	9600000	9700000	0.36809
8	9700000	9800000	0.38059
8	9800000	9900000	0.43972
8	9900000	10000000	0.44797
8	10000000	10100000	0.40889
8	10100000	10200000	0.42827
8	10200000	10300000	0.41966
8	10300000	10400000	0.45283
8	10400000	10500000	0.43962
8	10500000	10600000	0.48161
8	10600000	10700000	0.50879
8	10700000	10800000	0.4579
8	10800000	10900000	0.44489
8	10900000	11000000	0.48898
8	11000000	11100000	0.48659
8	11100000	11200000	0.40378
8	11200000	11300000	0.42569
8	11300000	11400000	0.41292
8	11400000	11500000	0.49402
8	11500000	11600000	0.48754
8	11600000	11700000	0.46869
8	11700000	11800000	0.47971
8	11800000	11900000	0.47461
8	11900000	12000000	0.45756
8	12000000	12100000	0.40898
8	12100000	12200000	0.44468
8	12200000	12300000	0.43668
8	12300000	12400000	0.39485
8	12400000	12500000	0.4689
8	12500000	12600000	0.44082
8	12600000	12700000	0.4686
8	12700000	12800000	0.41188
8	12800000	12900000	0.40352
8	12900000	13000000	0.41331
8	13000000	13100000	0.42392
8	13100000	13200000	0.41385
8	13200000	13300000	0.38482
8	13300000	13400000	0.38485
8	13400000	13500000	0.37623
8	13500000	13600000	0.36214
8	13600000	13700000	0.36464
8	13700000	13800000	0.36787
8	13800000	13900000	0.35992
8	13900000	14000000	0.36046
8	14000000	14100000	0.35022
8	14100000	14200000	0.3589
8	14200000	14300000	0.34672
8	14300000	14400000	0.34685
8	14400000	14500000	0.34999
8	14500000	14600000	0.34487
8	14600000	14700000	0.34501
8	14700000	14800000	0.3494
8	14800000	14900000	0.36035
8	14900000	15000000	0.35067
8	15000000	15100000	0.36792
8	15100000	15200000	0.37417
8	15200000	15300000	0.36726
8	15300000	15400000	0.3696
8	15400000	15500000	0.38459
8	15500000	15600000	0.3833
8	15600000	15700000	0.36381
8	15700000	15800000	0.35795
8	15800000	15900000	0.36846
8	15900000	16000000	0.38243
8	16000000	16100000	0.37564
8	16100000	16200000	0.3589
8	16200000	16300000	0.35872
8	16300000	16400000	0.35092
8	16400000	16500000	0.35666
8	16500000	16600000	0.3446
8	16600000	16700000	0.35889
8	16700000	16800000	0.38354
8	16800000	16900000	0.36671
8	16900000	17000000	0.37806
8	17000000	17100000	0.37328
8	17100000	17200000	0.38398
8	17200000	17300000	0.36593
8	17300000	17400000	0.40647
8	17400000	17500000	0.40091
8	17500000	17600000	0.41354
8	17600000	17700000	0.42425
8	17700000	17800000	0.40627
8	17800000	17900000	0.38316
8	17900000	18000000	0.37302
8	18000000	18100000	0.3944
8	18100000	18200000	0.39356
8	18200000	18300000	0.3921
8	18300000	18400000	0.38752
8	18400000	18500000	0.40196
8	18500000	18600000	0.39713
8	18600000	18700000	0.39736
8	18700000	18800000	0.38644
8	18800000	18900000	0.40172
8	18900000	19000000	0.39972
8	19000000	19100000	0.42255
8	19100000	19200000	0.4073
8	19200000	19300000	0.40776
8	19300000	19400000	0.42698
8	19400000	19500000	0.43126
8	19500000	19600000	0.41093
8	19600000	19700000	0.41278
8	19700000	19800000	0.40339
8	19800000	19900000	0.41709
8	19900000	20000000	0.3981
8	20000000	20100000	0.40727
8	20100000	20200000	0.43615
8	20200000	20300000	0.47038
8	20300000	20400000	0.44857
8	20400000	20500000	0.45105
8	20500000	20600000	0.43075
8	20600000	20700000	0.41814
8	20700000	20800000	0.42636
8	20800000	20900000	0.42188
8	20900000	21000000	0.43555
8	21000000	21100000	0.44053
8	21100000	21200000	0.43973
8	21200000	21300000	0.4168
8	21300000	21400000	0.43151
8	21400000	21500000	0.44405
8	21500000	21600000	0.43708
8	21600000	21700000	0.47679
8	21700000	21800000	0.5247
8	21800000	21900000	0.48553
8	21900000	22000000	0.42327
8	22000000	22100000	0.51825
8	22100000	22200000	0.56255
8	22200000	22300000	0.4903
8	22300000	22400000	0.44993
8	22400000	22500000	0.42685
8	22500000	22600000	0.48844
8	22600000	22700000	0.51156
8	22700000	22800000	0.5167
8	22800000	22900000	0.46754
8	22900000	23000000	0.47441
8	23000000	23100000	0.46135
8	23100000	23200000	0.46195
8	23200000	23300000	0.46234
8	23300000	23400000	0.48536
8	23400000	23500000	0.45045
8	23500000	23600000	0.45476
8	23600000	23700000	0.4142
8	23700000	23800000	0.44634
8	23800000	23900000	0.39528
8	23900000	24000000	0.40307
8	24000000	24100000	0.36893
8	24100000	24200000	0.36869
8	24200000	24300000	0.37791
8	24300000	24400000	0.35908
8	24400000	24500000	0.36824
8	24500000	24600000	0.37586
8	24600000	24700000	0.3776
8	24700000	24800000	0.38398
8	24800000	24900000	0.38556
8	24900000	25000000	0.41554
8	25000000	25100000	0.41484
8	25100000	25200000	0.41498
8	25200000	25300000	0.42054
8	25300000	25400000	0.42326
8	25400000	25500000	0.39506
8	25500000	25600000	0.42196
8	25600000	25700000	0.41713
8	25700000	25800000	0.37873
8	25800000	25900000	0.40969
8	25900000	26000000	0.41955
8	26000000	26100000	0.44232
8	26100000	26200000	0.43168
8	26200000	26300000	0.43486
8	26300000	26400000	0.38409
8	26400000	26500000	0.43881
8	26500000	26600000	0.44549
8	26600000	26700000	0.45499
8	26700000	26800000	0.41273
8	26800000	26900000	0.39861
8	26900000	27000000	0.37658
8	27000000	27100000	0.40068
8	27100000	27200000	0.38709
8	27200000	27300000	0.43812
8	27300000	27400000	0.46499
8	27400000	27500000	0.47952
8	27500000	27600000	0.48022
8	27600000	27700000	0.46388
8	27700000	27800000	0.40924
8	27800000	27900000	0.4236
8	27900000	28000000	0.48788
8	28000000	28100000	0.44496
8	28100000	28200000	0.40306
8	28200000	28300000	0.43078
8	28300000	28400000	0.4691
8	28400000	28500000	0.44957
8	28500000	28600000	0.37721
8	28600000	28700000	0.44231
8	28700000	28800000	0.44401
8	28800000	28900000	0.40599
8	28900000	29000000	0.36741
8	29000000	29100000	0.41695
8	29100000	29200000	0.41314
8	29200000	29300000	0.42069
8	29300000	29400000	0.45336
8	29400000	29500000	0.41553
8	29500000	29600000	0.44106
8	29600000	29700000	0.41853
8	29700000	29800000	0.42383
8	29800000	29900000	0.43239
8	29900000	30000000	0.40963
8	30000000	30100000	0.42684
8	30100000	30200000	0.41935
8	30200000	30300000	0.4486
8	30300000	30400000	0.43147
8	30400000	30500000	0.40675
8	30500000	30600000	0.43972
8	30600000	30700000	0.40817
8	30700000	30800000	0.44132
8	30800000	30900000	0.3789
8	30900000	31000000	0.40603
8	31000000	31100000	0.36542
8	31100000	31200000	0.37429
8	31200000	31300000	0.40834
8	31300000	31400000	0.38274
8	31400000	31500000	0.38694
8	31500000	31600000	0.36965
8	31600000	31700000	0.38316
8	31700000	31800000	0.36857
8	31800000	31900000	0.37218
8	31900000	32000000	0.37206
8	32000000	32100000	0.37332
8	32100000	32200000	0.38944
8	32200000	32300000	0.38352
8	32300000	32400000	0.38523
8	32400000	32500000	0.39506
8	32500000	32600000	0.38284
8	32600000	32700000	0.36752
8	32700000	32800000	0.38066
8	32800000	32900000	0.37769
8	32900000	33000000	0.38202
8	33000000	33100000	0.38082
8	33100000	33200000	0.37995
8	33200000	33300000	0.39525
8	33300000	33400000	0.39975
8	33400000	33500000	0.43277
8	33500000	33600000	0.46695
8	33600000	33700000	0.43763
8	33700000	33800000	0.42256
8	33800000	33900000	0.38422
8	33900000	34000000	0.39388
8	34000000	34100000	0.3962
8	34100000	34200000	0.38338
8	34200000	34300000	0.37263
8	34300000	34400000	0.36032
8	34400000	34500000	0.37762
8	34500000	34600000	0.38045
8	34600000	34700000	0.36397
8	34700000	34800000	0.36549
8	34800000	34900000	0.3779
8	34900000	35000000	0.37958
8	35000000	35100000	0.37352
8	35100000	35200000	0.36451
8	35200000	35300000	0.37787
8	35300000	35400000	0.37857
8	35400000	35500000	0.37487
8	35500000	35600000	0.39181
8	35600000	35700000	0.39002
8	35700000	35800000	0.39794
8	35800000	35900000	0.38472
8	35900000	36000000	0.39525
8	36000000	36100000	0.38845
8	36100000	36200000	0.37194
8	36200000	36300000	0.3914
8	36300000	36400000	0.3892
8	36400000	36500000	0.38107
8	36500000	36600000	0.38934
8	36600000	36700000	0.37956
8	36700000	36800000	0.38174
8	36800000	36900000	0.3723
8	36900000	37000000	0.38967
8	37000000	37100000	0.40767
8	37100000	37200000	0.41261
8	37200000	37300000	0.42708
8	37300000	37400000	0.44302
8	37400000	37500000	0.42417
8	37500000	37600000	0.47859
8	37600000	37700000	0.46046
8	37700000	37800000	0.47094
8	37800000	37900000	0.50673
8	37900000	38000000	0.47794
8	38000000	38100000	0.46483
8	38100000	38200000	0.44551
8	38200000	38300000	0.41401
8	38300000	38400000	0.39832
8	38400000	38500000	0.4891
8	38500000	38600000	0.46118
8	38600000	38700000	0.44575
8	38700000	38800000	0.4435
8	38800000	38900000	0.42395
8	38900000	39000000	0.46259
8	39000000	39100000	0.37361
8	39100000	39200000	0.38609
8	39200000	39300000	0.36183
8	39300000	39400000	0.36353
8	39400000	39500000	0.36814
8	39500000	39600000	0.33937
8	39600000	39700000	0.34567
8	39700000	39800000	0.34509
8	39800000	39900000	0.37881
8	39900000	40000000	0.41251
8	40000000	40100000	0.40285
8	40100000	40200000	0.39311
8	40200000	40300000	0.37505
8	40300000	40400000	0.40499
8	40400000	40500000	0.41616
8	40500000	40600000	0.39471
8	40600000	40700000	0.39073
8	40700000	40800000	0.4085
8	40800000	40900000	0.43878
8	40900000	41000000	0.43501
8	41000000	41100000	0.4157
8	41100000	41200000	0.45708
8	41200000	41300000	0.45568
8	41300000	41400000	0.44462
8	41400000	41500000	0.42606
8	41500000	41600000	0.43996
8	41600000	41700000	0.51465
8	41700000	41800000	0.49084
8	41800000	41900000	0.48111
8	41900000	42000000	0.40332
8	42000000	42100000	0.40857
8	42100000	42200000	0.4579
8	42200000	42300000	0.46834
8	42300000	42400000	0.43669
8	42400000	42500000	0.45616
8	42500000	42600000	0.42974
8	42600000	42700000	0.44864
8	42700000	42800000	0.44902
8	42800000	42900000	0.43205
8	42900000	43000000	0.40572
8	43000000	43100000	0.42462
8	43100000	43200000	0.43891
8	43200000	43300000	0.39955
8	43300000	43400000	0.378
8	43400000	43500000	0.39025
8	43500000	43600000	0.45672
8	43600000	43700000	0.3723
8	43700000	43800000	0.37406
8	43800000	43900000	0.37696
8	43900000	44000000	0.3716803591899121
8	44000000	44100000	0.39119475971987444
8	44100000	44200000	0.39111
8	44200000	44300000	0.39127127127127126
8	44300000	44400000	0.3909
8	44400000	44500000	0.3912
8	44500000	44600000	0.39093
8	44600000	44700000	0.39112
8	44700000	44800000	0.39102
8	44800000	44900000	0.39103
8	44900000	45000000	0.39149
8	45000000	45100000	0.39127
8	45100000	45200000	0.3916916916916917
8	45200000	45300000	0.39129
8	45300000	45400000	0.3918018018018018
8	45400000	45500000	0.39181
8	45500000	45600000	0.3916016016016016
8	45600000	45700000	0.39195
8	45700000	45800000	0.39213
8	45800000	45900000	0.39138210328516815
8	45900000	46000000	0.3718842372997869
8	46000000	46100000	0.43145
8	46100000	46200000	0.53112
8	46200000	46300000	0.52939
8	46300000	46400000	0.44478
8	46400000	46500000	0.46948
8	46500000	46600000	0.37101
8	46600000	46700000	0.40974
8	46700000	46800000	0.38438
8	46800000	46900000	0.41418
8	46900000	47000000	0.43969
8	47000000	47100000	0.39562
8	47100000	47200000	0.41997
8	47200000	47300000	0.41633
8	47300000	47400000	0.40402
8	47400000	47500000	0.39682
8	47500000	47600000	0.4003
8	47600000	47700000	0.41328
8	47700000	47800000	0.44566
8	47800000	47900000	0.4167
8	47900000	48000000	0.43743
8	48000000	48100000	0.42285
8	48100000	48200000	0.44883
8	48200000	48300000	0.42174
8	48300000	48400000	0.43132
8	48400000	48500000	0.44268
8	48500000	48600000	0.44148
8	48600000	48700000	0.43206
8	48700000	48800000	0.41704
8	48800000	48900000	0.42714
8	48900000	49000000	0.40238
8	49000000	49100000	0.38751
8	49100000	49200000	0.36745
8	49200000	49300000	0.36574
8	49300000	49400000	0.3639
8	49400000	49500000	0.37813
8	49500000	49600000	0.36217
8	49600000	49700000	0.37145
8	49700000	49800000	0.37185
8	49800000	49900000	0.3596
8	49900000	50000000	0.36453
8	50000000	50100000	0.35864
8	50100000	50200000	0.37187
8	50200000	50300000	0.35238
8	50300000	50400000	0.36464
8	50400000	50500000	0.35899
8	50500000	50600000	0.3519
8	50600000	50700000	0.35715
8	50700000	50800000	0.34631
8	50800000	50900000	0.35072
8	50900000	51000000	0.3556
8	51000000	51100000	0.35502
8	51100000	51200000	0.37033
8	51200000	51300000	0.37173
8	51300000	51400000	0.38699
8	51400000	51500000	0.38259
8	51500000	51600000	0.38101
8	51600000	51700000	0.38572
8	51700000	51800000	0.39399
8	51800000	51900000	0.3719
8	51900000	52000000	0.402
8	52000000	52100000	0.39942
8	52100000	52200000	0.39782
8	52200000	52300000	0.38388
8	52300000	52400000	0.39937
8	52400000	52500000	0.40459
8	52500000	52600000	0.41163
8	52600000	52700000	0.36451
8	52700000	52800000	0.41083
8	52800000	52900000	0.39502
8	52900000	53000000	0.41166
8	53000000	53100000	0.39392
8	53100000	53200000	0.38293
8	53200000	53300000	0.40238
8	53300000	53400000	0.38565
8	53400000	53500000	0.40981
8	53500000	53600000	0.41997
8	53600000	53700000	0.41078
8	53700000	53800000	0.39807
8	53800000	53900000	0.41342
8	53900000	54000000	0.4035
8	54000000	54100000	0.41541
8	54100000	54200000	0.4283
8	54200000	54300000	0.43738
8	54300000	54400000	0.41571
8	54400000	54500000	0.42389
8	54500000	54600000	0.39702
8	54600000	54700000	0.37539
8	54700000	54800000	0.37555
8	54800000	54900000	0.38249
8	54900000	55000000	0.38605
8	55000000	55100000	0.39662
8	55100000	55200000	0.39763
8	55200000	55300000	0.39792
8	55300000	55400000	0.4015
8	55400000	55500000	0.41621
8	55500000	55600000	0.39801
8	55600000	55700000	0.40606
8	55700000	55800000	0.39176
8	55800000	55900000	0.43505
8	55900000	56000000	0.42854
8	56000000	56100000	0.43067
8	56100000	56200000	0.40607
8	56200000	56300000	0.3979
8	56300000	56400000	0.39783
8	56400000	56500000	0.39536
8	56500000	56600000	0.41349
8	56600000	56700000	0.38332
8	56700000	56800000	0.37007
8	56800000	56900000	0.37944
8	56900000	57000000	0.39739
8	57000000	57100000	0.39437
8	57100000	57200000	0.38448
8	57200000	57300000	0.43528
8	57300000	57400000	0.42543
8	57400000	57500000	0.38261
8	57500000	57600000	0.38658
8	57600000	57700000	0.37919
8	57700000	57800000	0.3793
8	57800000	57900000	0.37984
8	57900000	58000000	0.38326
8	58000000	58100000	0.40076
8	58100000	58200000	0.41023
8	58200000	58300000	0.38586
8	58300000	58400000	0.37709
8	58400000	58500000	0.38824
8	58500000	58600000	0.38059
8	58600000	58700000	0.3979
8	58700000	58800000	0.3875
8	58800000	58900000	0.36932
8	58900000	59000000	0.38115
8	59000000	59100000	0.37583
8	59100000	59200000	0.37542
8	59200000	59300000	0.366
8	59300000	59400000	0.37701
8	59400000	59500000	0.36468
8	59500000	59600000	0.35148
8	59600000	59700000	0.35006
8	59700000	59800000	0.35791
8	59800000	59900000	0.35932
8	59900000	60000000	0.36726
8	60000000	60100000	0.3772
8	60100000	60200000	0.37956
8	60200000	60300000	0.40079
8	60300000	60400000	0.40308
8	60400000	60500000	0.42049
8	60500000	60600000	0.39683
8	60600000	60700000	0.41455
8	60700000	60800000	0.39879
8	60800000	60900000	0.40386
8	60900000	61000000	0.44432
8	61000000	61100000	0.42728
8	61100000	61200000	0.40557
8	61200000	61300000	0.39366
8	61300000	61400000	0.39343
8	61400000	61500000	0.39596
8	61500000	61600000	0.39286
8	61600000	61700000	0.37068
8	61700000	61800000	0.39468
8	61800000	61900000	0.38444
8	61900000	62000000	0.36834
8	62000000	62100000	0.364
8	62100000	62200000	0.37235
8	62200000	62300000	0.37565
8	62300000	62400000	0.36781
8	62400000	62500000	0.36785
8	62500000	62600000	0.37009
8	62600000	62700000	0.38134
8	62700000	62800000	0.36716
8	62800000	62900000	0.37661
8	62900000	63000000	0.38937
8	63000000	63100000	0.39113
8	63100000	63200000	0.4064
8	63200000	63300000	0.39558
8	63300000	63400000	0.39814
8	63400000	63500000	0.37646
8	63500000	63600000	0.38236
8	63600000	63700000	0.36178
8	63700000	63800000	0.36741
8	63800000	63900000	0.36389
8	63900000	64000000	0.34928
8	64000000	64100000	0.34724
8	64100000	64200000	0.37548
8	64200000	64300000	0.34993
8	64300000	64400000	0.37617
8	64400000	64500000	0.39292
8	64500000	64600000	0.37565
8	64600000	64700000	0.37757
8	64700000	64800000	0.37775
8	64800000	64900000	0.37336
8	64900000	65000000	0.36837
8	65000000	65100000	0.3758
8	65100000	65200000	0.38867
8	65200000	65300000	0.38508
8	65300000	65400000	0.38892
8	65400000	65500000	0.38978
8	65500000	65600000	0.40636
8	65600000	65700000	0.41995
8	65700000	65800000	0.38294
8	65800000	65900000	0.38675
8	65900000	66000000	0.41161
8	66000000	66100000	0.40678
8	66100000	66200000	0.41122
8	66200000	66300000	0.41347
8	66300000	66400000	0.4038
8	66400000	66500000	0.41906
8	66500000	66600000	0.41507
8	66600000	66700000	0.40595
8	66700000	66800000	0.41776
8	66800000	66900000	0.38932
8	66900000	67000000	0.41066
8	67000000	67100000	0.39052
8	67100000	67200000	0.38023
8	67200000	67300000	0.37187
8	67300000	67400000	0.41582
8	67400000	67500000	0.39604
8	67500000	67600000	0.39597
8	67600000	67700000	0.40464
8	67700000	67800000	0.40757
8	67800000	67900000	0.38734
8	67900000	68000000	0.38753
8	68000000	68100000	0.36459
8	68100000	68200000	0.36638
8	68200000	68300000	0.37828
8	68300000	68400000	0.37613
8	68400000	68500000	0.37561
8	68500000	68600000	0.35214
8	68600000	68700000	0.371
8	68700000	68800000	0.36706
8	68800000	68900000	0.37184
8	68900000	69000000	0.37091
8	69000000	69100000	0.36072
8	69100000	69200000	0.37132
8	69200000	69300000	0.37606
8	69300000	69400000	0.41139
8	69400000	69500000	0.38289
8	69500000	69600000	0.40069
8	69600000	69700000	0.40695
8	69700000	69800000	0.39469
8	69800000	69900000	0.4163
8	69900000	70000000	0.43659
8	70000000	70100000	0.45774
8	70100000	70200000	0.39961
8	70200000	70300000	0.37593
8	70300000	70400000	0.37016
8	70400000	70500000	0.405
8	70500000	70600000	0.39736
8	70600000	70700000	0.39503
8	70700000	70800000	0.37531
8	70800000	70900000	0.37416
8	70900000	71000000	0.38477
8	71000000	71100000	0.38331
8	71100000	71200000	0.39045
8	71200000	71300000	0.37852
8	71300000	71400000	0.36906
8	71400000	71500000	0.37818
8	71500000	71600000	0.37457
8	71600000	71700000	0.39015
8	71700000	71800000	0.37864
8	71800000	71900000	0.39442
8	71900000	72000000	0.38148
8	72000000	72100000	0.36891
8	72100000	72200000	0.39309
8	72200000	72300000	0.38135
8	72300000	72400000	0.38595
8	72400000	72500000	0.37804
8	72500000	72600000	0.37518
8	72600000	72700000	0.38353
8	72700000	72800000	0.39386
8	72800000	72900000	0.39125
8	72900000	73000000	0.40313
8	73000000	73100000	0.40473
8	73100000	73200000	0.42221
8	73200000	73300000	0.40822
8	73300000	73400000	0.42887
8	73400000	73500000	0.41794
8	73500000	73600000	0.36807
8	73600000	73700000	0.37471
8	73700000	73800000	0.39695
8	73800000	73900000	0.40266
8	73900000	74000000	0.4233
8	74000000	74100000	0.41459
8	74100000	74200000	0.41609
8	74200000	74300000	0.40031
8	74300000	74400000	0.39371
8	74400000	74500000	0.36948
8	74500000	74600000	0.37719
8	74600000	74700000	0.37539
8	74700000	74800000	0.37361
8	74800000	74900000	0.36633
8	74900000	75000000	0.36956
8	75000000	75100000	0.34857
8	75100000	75200000	0.35214
8	75200000	75300000	0.36609
8	75300000	75400000	0.36731
8	75400000	75500000	0.36799
8	75500000	75600000	0.3441
8	75600000	75700000	0.36222
8	75700000	75800000	0.35535
8	75800000	75900000	0.34146
8	75900000	76000000	0.34446
8	76000000	76100000	0.34633
8	76100000	76200000	0.342
8	76200000	76300000	0.33881
8	76300000	76400000	0.34812
8	76400000	76500000	0.35747
8	76500000	76600000	0.35587
8	76600000	76700000	0.35957
8	76700000	76800000	0.35875
8	76800000	76900000	0.37133
8	76900000	77000000	0.36849
8	77000000	77100000	0.37157
8	77100000	77200000	0.34665
8	77200000	77300000	0.34481
8	77300000	77400000	0.33578
8	77400000	77500000	0.33422
8	77500000	77600000	0.33508
8	77600000	77700000	0.34681
8	77700000	77800000	0.3407
8	77800000	77900000	0.35395
8	77900000	78000000	0.35233
8	78000000	78100000	0.34497
8	78100000	78200000	0.36243
8	78200000	78300000	0.34622
8	78300000	78400000	0.3568
8	78400000	78500000	0.34517
8	78500000	78600000	0.35108
8	78600000	78700000	0.35364
8	78700000	78800000	0.35352
8	78800000	78900000	0.36252
8	78900000	79000000	0.35687
8	79000000	79100000	0.3549
8	79100000	79200000	0.36601
8	79200000	79300000	0.36386
8	79300000	79400000	0.37793
8	79400000	79500000	0.37421
8	79500000	79600000	0.36728
8	79600000	79700000	0.38803
8	79700000	79800000	0.42044
8	79800000	79900000	0.42049
8	79900000	80000000	0.37724
8	80000000	80100000	0.39803
8	80100000	80200000	0.41314
8	80200000	80300000	0.44595
8	80300000	80400000	0.41525
8	80400000	80500000	0.41794
8	80500000	80600000	0.39849
8	80600000	80700000	0.41894
8	80700000	80800000	0.40091
8	80800000	80900000	0.39948
8	80900000	81000000	0.41948
8	81000000	81100000	0.4002
8	81100000	81200000	0.3902
8	81200000	81300000	0.38317
8	81300000	81400000	0.38014
8	81400000	81500000	0.36937
8	81500000	81600000	0.38647
8	81600000	81700000	0.38389
8	81700000	81800000	0.37986
8	81800000	81900000	0.36942
8	81900000	82000000	0.37412
8	82000000	82100000	0.35939
8	82100000	82200000	0.35627
8	82200000	82300000	0.34304
8	82300000	82400000	0.3556
8	82400000	82500000	0.34553
8	82500000	82600000	0.33958
8	82600000	82700000	0.3362
8	82700000	82800000	0.33615
8	82800000	82900000	0.33782
8	82900000	83000000	0.34121
8	83000000	83100000	0.35416
8	83100000	83200000	0.34357
8	83200000	83300000	0.35512
8	83300000	83400000	0.35244
8	83400000	83500000	0.34664
8	83500000	83600000	0.35551
8	83600000	83700000	0.35092
8	83700000	83800000	0.35045
8	83800000	83900000	0.36076
8	83900000	84000000	0.3524
8	84000000	84100000	0.35988
8	84100000	84200000	0.35268
8	84200000	84300000	0.35179
8	84300000	84400000	0.35121
8	84400000	84500000	0.34803
8	84500000	84600000	0.34098
8	84600000	84700000	0.35918
8	84700000	84800000	0.35757
8	84800000	84900000	0.3627
8	84900000	85000000	0.36446
8	85000000	85100000	0.37346
8	85100000	85200000	0.38209
8	85200000	85300000	0.40365
8	85300000	85400000	0.37692
8	85400000	85500000	0.3844
8	85500000	85600000	0.37726
8	85600000	85700000	0.42251876304070257
8	85700000	85800000	0.4675674415351256
8	85800000	85900000	0.40511
8	85900000	86000000	0.37498
8	86000000	86100000	0.38924
8	86100000	86200000	0.39435
8	86200000	86300000	0.37727
8	86300000	86400000	0.38546
8	86400000	86500000	0.37079
8	86500000	86600000	0.39262
8	86600000	86700000	0.38155
8	86700000	86800000	0.36615
8	86800000	86900000	0.35223
8	86900000	87000000	0.37845
8	87000000	87100000	0.37204
8	87100000	87200000	0.35234
8	87200000	87300000	0.34636
8	87300000	87400000	0.35474
8	87400000	87500000	0.34358
8	87500000	87600000	0.35125
8	87600000	87700000	0.35332
8	87700000	87800000	0.36886
8	87800000	87900000	0.35953
8	87900000	88000000	0.37734
8	88000000	88100000	0.35713
8	88100000	88200000	0.34101
8	88200000	88300000	0.3571
8	88300000	88400000	0.36934
8	88400000	88500000	0.35656
8	88500000	88600000	0.35725
8	88600000	88700000	0.35542
8	88700000	88800000	0.35407
8	88800000	88900000	0.34698
8	88900000	89000000	0.34689
8	89000000	89100000	0.34752
8	89100000	89200000	0.34422
8	89200000	89300000	0.36466
8	89300000	89400000	0.36413
8	89400000	89500000	0.37612
8	89500000	89600000	0.37026
8	89600000	89700000	0.38064
8	89700000	89800000	0.37848
8	89800000	89900000	0.38464
8	89900000	90000000	0.37109
8	90000000	90100000	0.37701
8	90100000	90200000	0.36544
8	90200000	90300000	0.37463
8	90300000	90400000	0.38526
8	90400000	90500000	0.37419
8	90500000	90600000	0.38128
8	90600000	90700000	0.38508
8	90700000	90800000	0.3884
8	90800000	90900000	0.3728
8	90900000	91000000	0.35352
8	91000000	91100000	0.36686
8	91100000	91200000	0.36909
8	91200000	91300000	0.36526
8	91300000	91400000	0.35753
8	91400000	91500000	0.36523
8	91500000	91600000	0.38142
8	91600000	91700000	0.36486
8	91700000	91800000	0.37785
8	91800000	91900000	0.38268
8	91900000	92000000	0.38292
8	92000000	92100000	0.38079
8	92100000	92200000	0.37461
8	92200000	92300000	0.37931
8	92300000	92400000	0.38297
8	92400000	92500000	0.37997
8	92500000	92600000	0.36338
8	92600000	92700000	0.37346
8	92700000	92800000	0.363
8	92800000	92900000	0.34944
8	92900000	93000000	0.34049
8	93000000	93100000	0.36808
8	93100000	93200000	0.37373
8	93200000	93300000	0.39002
8	93300000	93400000	0.40092
8	93400000	93500000	0.39919
8	93500000	93600000	0.40002
8	93600000	93700000	0.3989
8	93700000	93800000	0.38852
8	93800000	93900000	0.41884
8	93900000	94000000	0.42639
8	94000000	94100000	0.42844
8	94100000	94200000	0.40457
8	94200000	94300000	0.43042
8	94300000	94400000	0.38319
8	94400000	94500000	0.37497
8	94500000	94600000	0.40858
8	94600000	94700000	0.41829
8	94700000	94800000	0.40614
8	94800000	94900000	0.41035
8	94900000	95000000	0.43643
8	95000000	95100000	0.42004
8	95100000	95200000	0.41485
8	95200000	95300000	0.42836
8	95300000	95400000	0.42115
8	95400000	95500000	0.40407
8	95500000	95600000	0.38045
8	95600000	95700000	0.37871
8	95700000	95800000	0.39479
8	95800000	95900000	0.39592
8	95900000	96000000	0.38442
8	96000000	96100000	0.39419
8	96100000	96200000	0.43011
8	96200000	96300000	0.4086
8	96300000	96400000	0.43525
8	96400000	96500000	0.41462
8	96500000	96600000	0.40827
8	96600000	96700000	0.39637
8	96700000	96800000	0.38503
8	96800000	96900000	0.37526
8	96900000	97000000	0.38315
8	97000000	97100000	0.38325
8	97100000	97200000	0.39939
8	97200000	97300000	0.43733
8	97300000	97400000	0.40929
8	97400000	97500000	0.41364
8	97500000	97600000	0.42123
8	97600000	97700000	0.41492
8	97700000	97800000	0.44505
8	97800000	97900000	0.4455
8	97900000	98000000	0.43988
8	98000000	98100000	0.43868
8	98100000	98200000	0.43167
8	98200000	98300000	0.39131
8	98300000	98400000	0.42395
8	98400000	98500000	0.42087
8	98500000	98600000	0.36398
8	98600000	98700000	0.3724
8	98700000	98800000	0.38183
8	98800000	98900000	0.41207
8	98900000	99000000	0.41546
8	99000000	99100000	0.38245
8	99100000	99200000	0.3549
8	99200000	99300000	0.35562
8	99300000	99400000	0.35867
8	99400000	99500000	0.35207
8	99500000	99600000	0.35229
8	99600000	99700000	0.37118
8	99700000	99800000	0.37238
8	99800000	99900000	0.41233
8	99900000	100000000	0.39119
8	100000000	100100000	0.36957
8	100100000	100200000	0.39714
8	100200000	100300000	0.38881
8	100300000	100400000	0.41196
8	100400000	100500000	0.44979
8	100500000	100600000	0.40592
8	100600000	100700000	0.43606
8	100700000	100800000	0.43238
8	100800000	100900000	0.4534
8	100900000	101000000	0.42408
8	101000000	101100000	0.45608
8	101100000	101200000	0.44473
8	101200000	101300000	0.42554
8	101300000	101400000	0.41748
8	101400000	101500000	0.43657
8	101500000	101600000	0.39923
8	101600000	101700000	0.42277
8	101700000	101800000	0.40874
8	101800000	101900000	0.39539
8	101900000	102000000	0.40534
8	102000000	102100000	0.40182
8	102100000	102200000	0.41125
8	102200000	102300000	0.38182
8	102300000	102400000	0.38401
8	102400000	102500000	0.4384
8	102500000	102600000	0.44792
8	102600000	102700000	0.45656
8	102700000	102800000	0.48257
8	102800000	102900000	0.42902
8	102900000	103000000	0.43966
8	103000000	103100000	0.39709
8	103100000	103200000	0.43362
8	103200000	103300000	0.40737
8	103300000	103400000	0.39217
8	103400000	103500000	0.38011
8	103500000	103600000	0.36615
8	103600000	103700000	0.37481
8	103700000	103800000	0.3627
8	103800000	103900000	0.34401
8	103900000	104000000	0.34778
8	104000000	104100000	0.33059
8	104100000	104200000	0.34388
8	104200000	104300000	0.38623
8	104300000	104400000	0.42969
8	104400000	104500000	0.39912
8	104500000	104600000	0.36205
8	104600000	104700000	0.39308
8	104700000	104800000	0.4111
8	104800000	104900000	0.38125
8	104900000	105000000	0.37321
8	105000000	105100000	0.35768
8	105100000	105200000	0.36062
8	105200000	105300000	0.36275
8	105300000	105400000	0.36266
8	105400000	105500000	0.35936
8	105500000	105600000	0.3636
8	105600000	105700000	0.35593
8	105700000	105800000	0.36171
8	105800000	105900000	0.36826
8	105900000	106000000	0.36786
8	106000000	106100000	0.37354
8	106100000	106200000	0.36218
8	106200000	106300000	0.38287
8	106300000	106400000	0.36201
8	106400000	106500000	0.36708
8	106500000	106600000	0.37811
8	106600000	106700000	0.36518
8	106700000	106800000	0.36878
8	106800000	106900000	0.38396
8	106900000	107000000	0.37896
8	107000000	107100000	0.36847
8	107100000	107200000	0.37396
8	107200000	107300000	0.3602
8	107300000	107400000	0.36246
8	107400000	107500000	0.36402
8	107500000	107600000	0.38795
8	107600000	107700000	0.37899
8	107700000	107800000	0.37321
8	107800000	107900000	0.38599
8	107900000	108000000	0.36942
8	108000000	108100000	0.38421
8	108100000	108200000	0.38184
8	108200000	108300000	0.37331
8	108300000	108400000	0.37393
8	108400000	108500000	0.3558
8	108500000	108600000	0.37176
8	108600000	108700000	0.37313
8	108700000	108800000	0.37323
8	108800000	108900000	0.36661
8	108900000	109000000	0.37025
8	109000000	109100000	0.37988
8	109100000	109200000	0.37176
8	109200000	109300000	0.36546
8	109300000	109400000	0.37441
8	109400000	109500000	0.3439
8	109500000	109600000	0.37959
8	109600000	109700000	0.39005
8	109700000	109800000	0.36817
8	109800000	109900000	0.35975
8	109900000	110000000	0.36946
8	110000000	110100000	0.35464
8	110100000	110200000	0.34817
8	110200000	110300000	0.35271
8	110300000	110400000	0.33916
8	110400000	110500000	0.33792
8	110500000	110600000	0.34258
8	110600000	110700000	0.34806
8	110700000	110800000	0.32917
8	110800000	110900000	0.35448
8	110900000	111000000	0.3378
8	111000000	111100000	0.3322
8	111100000	111200000	0.34425
8	111200000	111300000	0.34986
8	111300000	111400000	0.3353
8	111400000	111500000	0.34359
8	111500000	111600000	0.3408
8	111600000	111700000	0.35403
8	111700000	111800000	0.34326
8	111800000	111900000	0.3579
8	111900000	112000000	0.35644
8	112000000	112100000	0.35204
8	112100000	112200000	0.35749
8	112200000	112300000	0.34147
8	112300000	112400000	0.33805
8	112400000	112500000	0.34694
8	112500000	112600000	0.33972
8	112600000	112700000	0.33977
8	112700000	112800000	0.33962
8	112800000	112900000	0.34677
8	112900000	113000000	0.32195
8	113000000	113100000	0.334
8	113100000	113200000	0.33848
8	113200000	113300000	0.33113
8	113300000	113400000	0.33322
8	113400000	113500000	0.35862
8	113500000	113600000	0.34837
8	113600000	113700000	0.35541
8	113700000	113800000	0.34629
8	113800000	113900000	0.3364
8	113900000	114000000	0.3456
8	114000000	114100000	0.34004
8	114100000	114200000	0.353
8	114200000	114300000	0.3523
8	114300000	114400000	0.34246
8	114400000	114500000	0.3335
8	114500000	114600000	0.34849
8	114600000	114700000	0.34223
8	114700000	114800000	0.34152
8	114800000	114900000	0.34254
8	114900000	115000000	0.35827
8	115000000	115100000	0.36012
8	115100000	115200000	0.36404
8	115200000	115300000	0.36267
8	115300000	115400000	0.37375
8	115400000	115500000	0.35898
8	115500000	115600000	0.3454
8	115600000	115700000	0.35812
8	115700000	115800000	0.37029
8	115800000	115900000	0.35903
8	115900000	116000000	0.36162
8	116000000	116100000	0.36102
8	116100000	116200000	0.3804
8	116200000	116300000	0.38465
8	116300000	116400000	0.38744
8	116400000	116500000	0.39563
8	116500000	116600000	0.41123
8	116600000	116700000	0.4052
8	116700000	116800000	0.37744
8	116800000	116900000	0.3877
8	116900000	117000000	0.39082
8	117000000	117100000	0.3931
8	117100000	117200000	0.37773
8	117200000	117300000	0.37934
8	117300000	117400000	0.37385
8	117400000	117500000	0.38435
8	117500000	117600000	0.38882
8	117600000	117700000	0.38834
8	117700000	117800000	0.39943
8	117800000	117900000	0.40969
8	117900000	118000000	0.41574
8	118000000	118100000	0.40688
8	118100000	118200000	0.41168
8	118200000	118300000	0.39642
8	118300000	118400000	0.40034
8	118400000	118500000	0.3876
8	118500000	118600000	0.39853
8	118600000	118700000	0.38761
8	118700000	118800000	0.38362
8	118800000	118900000	0.37404
8	118900000	119000000	0.38105
8	119000000	119100000	0.37087
8	119100000	119200000	0.37904
8	119200000	119300000	0.40018
8	119300000	119400000	0.3743
8	119400000	119500000	0.39763
8	119500000	119600000	0.40068
8	119600000	119700000	0.39881
8	119700000	119800000	0.37353
8	119800000	119900000	0.41803
8	119900000	120000000	0.4288
8	120000000	120100000	0.42778
8	120100000	120200000	0.38321
8	120200000	120300000	0.37362
8	120300000	120400000	0.39431
8	120400000	120500000	0.34696
8	120500000	120600000	0.39386
8	120600000	120700000	0.40085
8	120700000	120800000	0.39647
8	120800000	120900000	0.38788
8	120900000	121000000	0.37693
8	121000000	121100000	0.37282
8	121100000	121200000	0.38451
8	121200000	121300000	0.37102
8	121300000	121400000	0.36878
8	121400000	121500000	0.37938
8	121500000	121600000	0.38719
8	121600000	121700000	0.38777
8	121700000	121800000	0.38068
8	121800000	121900000	0.37611
8	121900000	122000000	0.37527
8	122000000	122100000	0.37258
8	122100000	122200000	0.36711
8	122200000	122300000	0.36852
8	122300000	122400000	0.37377
8	122400000	122500000	0.38359
8	122500000	122600000	0.41537
8	122600000	122700000	0.42837
8	122700000	122800000	0.44202
8	122800000	122900000	0.46388
8	122900000	123000000	0.45141
8	123000000	123100000	0.42008
8	123100000	123200000	0.43183
8	123200000	123300000	0.42941
8	123300000	123400000	0.39825
8	123400000	123500000	0.44879
8	123500000	123600000	0.44162
8	123600000	123700000	0.45031
8	123700000	123800000	0.41026
8	123800000	123900000	0.39751
8	123900000	124000000	0.4188
8	124000000	124100000	0.4192
8	124100000	124200000	0.4199
8	124200000	124300000	0.43517
8	124300000	124400000	0.37272
8	124400000	124500000	0.42415
8	124500000	124600000	0.43895
8	124600000	124700000	0.44848
8	124700000	124800000	0.43718
8	124800000	124900000	0.43348
8	124900000	125000000	0.43168
8	125000000	125100000	0.39601
8	125100000	125200000	0.38123
8	125200000	125300000	0.39452
8	125300000	125400000	0.4412
8	125400000	125500000	0.48337
8	125500000	125600000	0.45855
8	125600000	125700000	0.44485
8	125700000	125800000	0.41262
8	125800000	125900000	0.38645
8	125900000	126000000	0.38302
8	126000000	126100000	0.38054
8	126100000	126200000	0.37587
8	126200000	126300000	0.3745
8	126300000	126400000	0.40254
8	126400000	126500000	0.41497
8	126500000	126600000	0.43695
8	126600000	126700000	0.40469
8	126700000	126800000	0.37965
8	126800000	126900000	0.40223
8	126900000	127000000	0.38574
8	127000000	127100000	0.37834
8	127100000	127200000	0.38713
8	127200000	127300000	0.39573
8	127300000	127400000	0.40561
8	127400000	127500000	0.4125
8	127500000	127600000	0.4148
8	127600000	127700000	0.43439
8	127700000	127800000	0.44846
8	127800000	127900000	0.46992
8	127900000	128000000	0.47562
8	128000000	128100000	0.45192
8	128100000	128200000	0.42938
8	128200000	128300000	0.39618
8	128300000	128400000	0.40775
8	128400000	128500000	0.39015
8	128500000	128600000	0.38471
8	128600000	128700000	0.37383
8	128700000	128800000	0.38011
8	128800000	128900000	0.39416
8	128900000	129000000	0.38213
8	129000000	129100000	0.37739
8	129100000	129200000	0.38611
8	129200000	129300000	0.37497
8	129300000	129400000	0.38349
8	129400000	129500000	0.38755
8	129500000	129600000	0.38656
8	129600000	129700000	0.40882
8	129700000	129800000	0.39771
8	129800000	129900000	0.39933
8	129900000	130000000	0.43325
8	130000000	130100000	0.47002
8	130100000	130200000	0.40855
8	130200000	130300000	0.39517
8	130300000	130400000	0.42826
8	130400000	130500000	0.454
8	130500000	130600000	0.42734
8	130600000	130700000	0.42072
8	130700000	130800000	0.41635
8	130800000	130900000	0.40221
8	130900000	131000000	0.39612
8	131000000	131100000	0.40021
8	131100000	131200000	0.38204
8	131200000	131300000	0.38245
8	131300000	131400000	0.37744
8	131400000	131500000	0.38156
8	131500000	131600000	0.37685
8	131600000	131700000	0.37131
8	131700000	131800000	0.40958
8	131800000	131900000	0.40143
8	131900000	132000000	0.36072
8	132000000	132100000	0.42211
8	132100000	132200000	0.43071
8	132200000	132300000	0.41752
8	132300000	132400000	0.43682
8	132400000	132500000	0.45383
8	132500000	132600000	0.4167
8	132600000	132700000	0.39486
8	132700000	132800000	0.38776
8	132800000	132900000	0.38842
8	132900000	133000000	0.45208
8	133000000	133100000	0.4604
8	133100000	133200000	0.46974
8	133200000	133300000	0.49046
8	133300000	133400000	0.44799
8	133400000	133500000	0.48933
8	133500000	133600000	0.47135
8	133600000	133700000	0.45282
8	133700000	133800000	0.44224
8	133800000	133900000	0.43279
8	133900000	134000000	0.40013
8	134000000	134100000	0.39903
8	134100000	134200000	0.39166
8	134200000	134300000	0.40193
8	134300000	134400000	0.41805
8	134400000	134500000	0.46825
8	134500000	134600000	0.43345
8	134600000	134700000	0.44762
8	134700000	134800000	0.42251
8	134800000	134900000	0.40833
8	134900000	135000000	0.43876
8	135000000	135100000	0.43186
8	135100000	135200000	0.41242
8	135200000	135300000	0.42024
8	135300000	135400000	0.42536
8	135400000	135500000	0.41905
8	135500000	135600000	0.37167
8	135600000	135700000	0.42651
8	135700000	135800000	0.43533
8	135800000	135900000	0.41712
8	135900000	136000000	0.40078
8	136000000	136100000	0.39331
8	136100000	136200000	0.39635
8	136200000	136300000	0.38665
8	136300000	136400000	0.36403
8	136400000	136500000	0.3782
8	136500000	136600000	0.365
8	136600000	136700000	0.37745
8	136700000	136800000	0.3639
8	136800000	136900000	0.36625
8	136900000	137000000	0.37091
8	137000000	137100000	0.36414
8	137100000	137200000	0.37082
8	137200000	137300000	0.37928
8	137300000	137400000	0.37054
8	137400000	137500000	0.37444
8	137500000	137600000	0.38067
8	137600000	137700000	0.37141
8	137700000	137800000	0.37508
8	137800000	137900000	0.40443
8	137900000	138000000	0.39438
8	138000000	138100000	0.39536
8	138100000	138200000	0.43261
8	138200000	138300000	0.42038
8	138300000	138400000	0.42771
8	138400000	138500000	0.41567
8	138500000	138600000	0.43019
8	138600000	138700000	0.4564
8	138700000	138800000	0.46532
8	138800000	138900000	0.4742
8	138900000	139000000	0.44345
8	139000000	139100000	0.41006
8	139100000	139200000	0.41698
8	139200000	139300000	0.44072
8	139300000	139400000	0.43319
8	139400000	139500000	0.41566
8	139500000	139600000	0.44506
8	139600000	139700000	0.516
8	139700000	139800000	0.51821
8	139800000	139900000	0.51984
8	139900000	140000000	0.48892
8	140000000	140100000	0.45428
8	140100000	140200000	0.45218
8	140200000	140300000	0.46589
8	140300000	140400000	0.45061
8	140400000	140500000	0.45627
8	140500000	140600000	0.50348
8	140600000	140700000	0.46995
8	140700000	140800000	0.40106
8	140800000	140900000	0.38405
8	140900000	141000000	0.39941
8	141000000	141100000	0.50895
8	141100000	141200000	0.51751
8	141200000	141300000	0.52652
8	141300000	141400000	0.58473
8	141400000	141500000	0.55816
8	141500000	141600000	0.56088
8	141600000	141700000	0.55299
8	141700000	141800000	0.55342
8	141800000	141900000	0.48851
8	141900000	142000000	0.52103
8	142000000	142100000	0.52934
8	142100000	142200000	0.57231
8	142200000	142300000	0.57064
8	142300000	142400000	0.54402
8	142400000	142500000	0.59736
8	142500000	142600000	0.59528
8	142600000	142700000	0.53953
8	142700000	142800000	0.5492
8	142800000	142900000	0.47182
8	142900000	143000000	0.50032
8	143000000	143100000	0.50902
8	143100000	143200000	0.5232
8	143200000	143300000	0.5804
8	143300000	143400000	0.5688
8	143400000	143500000	0.5836
8	143500000	143600000	0.61112
8	143600000	143700000	0.52679
8	143700000	143800000	0.54618
8	143800000	143900000	0.60549
8	143900000	144000000	0.60637
8	144000000	144100000	0.54626
8	144100000	144200000	0.54227
8	144200000	144300000	0.56345
8	144300000	144400000	0.59509
8	144400000	144500000	0.60154
8	144500000	144600000	0.57285
8	144600000	144700000	0.51136
8	144700000	144800000	0.49702
8	144800000	144900000	0.50397
8	144900000	145000000	0.44431
8	145000000	145100000	0.43618698814792206
8	145100000	145138636	
9	0	100000	0.45274444444444445
9	100000	200000	0.38956
9	200000	300000	0.40597
9	300000	400000	0.42329
9	400000	500000	0.42039
9	500000	600000	0.41789
9	600000	700000	0.4123
9	700000	800000	0.44182
9	800000	900000	0.44768
9	900000	1000000	0.43611
9	1000000	1100000	0.42307
9	1100000	1200000	0.38958
9	1200000	1300000	0.40242
9	1300000	1400000	0.39649
9	1400000	1500000	0.38802
9	1500000	1600000	0.38829
9	1600000	1700000	0.38726
9	1700000	1800000	0.40062
9	1800000	1900000	0.3938
9	1900000	2000000	0.40122
9	2000000	2100000	0.40111
9	2100000	2200000	0.40954
9	2200000	2300000	0.41637
9	2300000	2400000	0.39204
9	2400000	2500000	0.39193
9	2500000	2600000	0.39614
9	2600000	2700000	0.41303
9	2700000	2800000	0.40527
9	2800000	2900000	0.39721
9	2900000	3000000	0.39403
9	3000000	3100000	0.38101
9	3100000	3200000	0.38217
9	3200000	3300000	0.35624
9	3300000	3400000	0.3562
9	3400000	3500000	0.34966
9	3500000	3600000	0.37017
9	3600000	3700000	0.38374
9	3700000	3800000	0.39744
9	3800000	3900000	0.40817
9	3900000	4000000	0.3887
9	4000000	4100000	0.40449
9	4100000	4200000	0.40044
9	4200000	4300000	0.40242
9	4300000	4400000	0.41265
9	4400000	4500000	0.40819
9	4500000	4600000	0.42099
9	4600000	4700000	0.39987
9	4700000	4800000	0.41809
9	4800000	4900000	0.421
9	4900000	5000000	0.39743
9	5000000	5100000	0.36471
9	5100000	5200000	0.38721
9	5200000	5300000	0.37854
9	5300000	5400000	0.38808
9	5400000	5500000	0.40038
9	5500000	5600000	0.40882
9	5600000	5700000	0.38297
9	5700000	5800000	0.37505
9	5800000	5900000	0.42798
9	5900000	6000000	0.35974
9	6000000	6100000	0.40903
9	6100000	6200000	0.3986
9	6200000	6300000	0.38173
9	6300000	6400000	0.40488
9	6400000	6500000	0.39523
9	6500000	6600000	0.42502
9	6600000	6700000	0.45642
9	6700000	6800000	0.45424
9	6800000	6900000	0.40633
9	6900000	7000000	0.38556
9	7000000	7100000	0.37631
9	7100000	7200000	0.41572
9	7200000	7300000	0.41288
9	7300000	7400000	0.40284
9	7400000	7500000	0.39982
9	7500000	7600000	0.38848
9	7600000	7700000	0.39026
9	7700000	7800000	0.39741
9	7800000	7900000	0.38236
9	7900000	8000000	0.37699
9	8000000	8100000	0.37948
9	8100000	8200000	0.37636
9	8200000	8300000	0.39026
9	8300000	8400000	0.37106
9	8400000	8500000	0.36663
9	8500000	8600000	0.3622
9	8600000	8700000	0.37104
9	8700000	8800000	0.38391
9	8800000	8900000	0.38385
9	8900000	9000000	0.35746
9	9000000	9100000	0.35608
9	9100000	9200000	0.35904
9	9200000	9300000	0.3516
9	9300000	9400000	0.34753
9	9400000	9500000	0.3489
9	9500000	9600000	0.33935
9	9600000	9700000	0.34853
9	9700000	9800000	0.35095
9	9800000	9900000	0.35213
9	9900000	10000000	0.3548
9	10000000	10100000	0.34636
9	10100000	10200000	0.34667
9	10200000	10300000	0.34741
9	10300000	10400000	0.34369
9	10400000	10500000	0.33961
9	10500000	10600000	0.3424
9	10600000	10700000	0.35797
9	10700000	10800000	0.36192
9	10800000	10900000	0.36638
9	10900000	11000000	0.36224
9	11000000	11100000	0.35182
9	11100000	11200000	0.35665
9	11200000	11300000	0.35623
9	11300000	11400000	0.34828
9	11400000	11500000	0.36344
9	11500000	11600000	0.33821
9	11600000	11700000	0.34684
9	11700000	11800000	0.34204
9	11800000	11900000	0.34187
9	11900000	12000000	0.34596
9	12000000	12100000	0.3433
9	12100000	12200000	0.34384
9	12200000	12300000	0.35418
9	12300000	12400000	0.35326
9	12400000	12500000	0.35588
9	12500000	12600000	0.35262
9	12600000	12700000	0.35148
9	12700000	12800000	0.35667
9	12800000	12900000	0.36096
9	12900000	13000000	0.37825
9	13000000	13100000	0.37987
9	13100000	13200000	0.35618
9	13200000	13300000	0.36598
9	13300000	13400000	0.37743
9	13400000	13500000	0.37826
9	13500000	13600000	0.37902
9	13600000	13700000	0.3763
9	13700000	13800000	0.38651
9	13800000	13900000	0.37281
9	13900000	14000000	0.38613
9	14000000	14100000	0.39374
9	14100000	14200000	0.35649
9	14200000	14300000	0.38059
9	14300000	14400000	0.41588
9	14400000	14500000	0.39994
9	14500000	14600000	0.39659
9	14600000	14700000	0.35586
9	14700000	14800000	0.38322
9	14800000	14900000	0.39827
9	14900000	15000000	0.39797
9	15000000	15100000	0.37743
9	15100000	15200000	0.39842
9	15200000	15300000	0.40656
9	15300000	15400000	0.42872
9	15400000	15500000	0.39972
9	15500000	15600000	0.40318
9	15600000	15700000	0.37894
9	15700000	15800000	0.36702
9	15800000	15900000	0.34765
9	15900000	16000000	0.36672
9	16000000	16100000	0.42258
9	16100000	16200000	0.43284
9	16200000	16300000	0.43964
9	16300000	16400000	0.44956
9	16400000	16500000	0.39824
9	16500000	16600000	0.38232
9	16600000	16700000	0.37962
9	16700000	16800000	0.39234
9	16800000	16900000	0.41021
9	16900000	17000000	0.42029
9	17000000	17100000	0.38982
9	17100000	17200000	0.37587
9	17200000	17300000	0.37432
9	17300000	17400000	0.35638
9	17400000	17500000	0.35253
9	17500000	17600000	0.40034
9	17600000	17700000	0.38751
9	17700000	17800000	0.387
9	17800000	17900000	0.40143
9	17900000	18000000	0.38111
9	18000000	18100000	0.37981
9	18100000	18200000	0.38397
9	18200000	18300000	0.37518
9	18300000	18400000	0.38385
9	18400000	18500000	0.37882
9	18500000	18600000	0.37212
9	18600000	18700000	0.3798
9	18700000	18800000	0.40951
9	18800000	18900000	0.40995
9	18900000	19000000	0.42997
9	19000000	19100000	0.41332
9	19100000	19200000	0.45141
9	19200000	19300000	0.41513
9	19300000	19400000	0.38113
9	19400000	19500000	0.44223
9	19500000	19600000	0.40705
9	19600000	19700000	0.39748
9	19700000	19800000	0.38725
9	19800000	19900000	0.37724
9	19900000	20000000	0.39216
9	20000000	20100000	0.39144
9	20100000	20200000	0.37676
9	20200000	20300000	0.41364
9	20300000	20400000	0.39305
9	20400000	20500000	0.35803
9	20500000	20600000	0.38417
9	20600000	20700000	0.38354
9	20700000	20800000	0.37467
9	20800000	20900000	0.35051
9	20900000	21000000	0.37202
9	21000000	21100000	0.37632
9	21100000	21200000	0.3754
9	21200000	21300000	0.3758
9	21300000	21400000	0.37152
9	21400000	21500000	0.38397
9	21500000	21600000	0.37154
9	21600000	21700000	0.38167
9	21700000	21800000	0.37692
9	21800000	21900000	0.40382
9	21900000	22000000	0.40585
9	22000000	22100000	0.38658
9	22100000	22200000	0.37975
9	22200000	22300000	0.37451
9	22300000	22400000	0.36815
9	22400000	22500000	0.36699
9	22500000	22600000	0.36068
9	22600000	22700000	0.3609
9	22700000	22800000	0.34572
9	22800000	22900000	0.36798
9	22900000	23000000	0.35708
9	23000000	23100000	0.34264
9	23100000	23200000	0.35719
9	23200000	23300000	0.35556
9	23300000	23400000	0.36201
9	23400000	23500000	0.37392
9	23500000	23600000	0.39579
9	23600000	23700000	0.39422
9	23700000	23800000	0.3823
9	23800000	23900000	0.37462
9	23900000	24000000	0.37938
9	24000000	24100000	0.36435
9	24100000	24200000	0.35868
9	24200000	24300000	0.36777
9	24300000	24400000	0.37423
9	24400000	24500000	0.34993
9	24500000	24600000	0.35171
9	24600000	24700000	0.35618
9	24700000	24800000	0.35933
9	24800000	24900000	0.34825
9	24900000	25000000	0.34251
9	25000000	25100000	0.35171
9	25100000	25200000	0.33611
9	25200000	25300000	0.3495
9	25300000	25400000	0.34411
9	25400000	25500000	0.35462
9	25500000	25600000	0.35199
9	25600000	25700000	0.36942
9	25700000	25800000	0.35786
9	25800000	25900000	0.36521
9	25900000	26000000	0.37181
9	26000000	26100000	0.3543
9	26100000	26200000	0.36574
9	26200000	26300000	0.36993
9	26300000	26400000	0.36401
9	26400000	26500000	0.3717
9	26500000	26600000	0.37865
9	26600000	26700000	0.39532
9	26700000	26800000	0.38745
9	26800000	26900000	0.3843
9	26900000	27000000	0.37713
9	27000000	27100000	0.38577
9	27100000	27200000	0.40249
9	27200000	27300000	0.39605
9	27300000	27400000	0.42589
9	27400000	27500000	0.41103
9	27500000	27600000	0.39031
9	27600000	27700000	0.39719
9	27700000	27800000	0.39331
9	27800000	27900000	0.38296
9	27900000	28000000	0.36866
9	28000000	28100000	0.36922
9	28100000	28200000	0.37535
9	28200000	28300000	0.35742
9	28300000	28400000	0.36706
9	28400000	28500000	0.35499
9	28500000	28600000	0.35499
9	28600000	28700000	0.34714
9	28700000	28800000	0.35297
9	28800000	28900000	0.35615
9	28900000	29000000	0.36087
9	29000000	29100000	0.33755
9	29100000	29200000	0.35636
9	29200000	29300000	0.36254
9	29300000	29400000	0.35611
9	29400000	29500000	0.35564
9	29500000	29600000	0.34458
9	29600000	29700000	0.3473
9	29700000	29800000	0.35819
9	29800000	29900000	0.34866
9	29900000	30000000	0.34595
9	30000000	30100000	0.34798
9	30100000	30200000	0.3438
9	30200000	30300000	0.3468
9	30300000	30400000	0.3452
9	30400000	30500000	0.34496
9	30500000	30600000	0.35339
9	30600000	30700000	0.33416
9	30700000	30800000	0.34336
9	30800000	30900000	0.34601
9	30900000	31000000	0.34961
9	31000000	31100000	0.35777
9	31100000	31200000	0.35692
9	31200000	31300000	0.35004
9	31300000	31400000	0.35311
9	31400000	31500000	0.35161
9	31500000	31600000	0.36281
9	31600000	31700000	0.34753
9	31700000	31800000	0.35788
9	31800000	31900000	0.36603
9	31900000	32000000	0.37872
9	32000000	32100000	0.36246
9	32100000	32200000	0.37771
9	32200000	32300000	0.37913
9	32300000	32400000	0.39541
9	32400000	32500000	0.40794
9	32500000	32600000	0.4006
9	32600000	32700000	0.40909
9	32700000	32800000	0.41646
9	32800000	32900000	0.41182
9	32900000	33000000	0.4205
9	33000000	33100000	0.42334
9	33100000	33200000	0.466
9	33200000	33300000	0.45625
9	33300000	33400000	0.45315
9	33400000	33500000	0.49958
9	33500000	33600000	0.40876
9	33600000	33700000	0.40649
9	33700000	33800000	0.41771
9	33800000	33900000	0.42492
9	33900000	34000000	0.4241
9	34000000	34100000	0.45768
9	34100000	34200000	0.46174
9	34200000	34300000	0.4283
9	34300000	34400000	0.45295
9	34400000	34500000	0.46256
9	34500000	34600000	0.52695
9	34600000	34700000	0.5114
9	34700000	34800000	0.42413
9	34800000	34900000	0.42061
9	34900000	35000000	0.45054
9	35000000	35100000	0.46406
9	35100000	35200000	0.44978
9	35200000	35300000	0.39043
9	35300000	35400000	0.4329
9	35400000	35500000	0.41266
9	35500000	35600000	0.44628
9	35600000	35700000	0.50223
9	35700000	35800000	0.48354
9	35800000	35900000	0.46442
9	35900000	36000000	0.43067
9	36000000	36100000	0.39776
9	36100000	36200000	0.46961
9	36200000	36300000	0.44367
9	36300000	36400000	0.41309
9	36400000	36500000	0.43513
9	36500000	36600000	0.45293
9	36600000	36700000	0.4101
9	36700000	36800000	0.47423
9	36800000	36900000	0.50031
9	36900000	37000000	0.48132
9	37000000	37100000	0.45327
9	37100000	37200000	0.38432
9	37200000	37300000	0.35935
9	37300000	37400000	0.41227
9	37400000	37500000	0.46919
9	37500000	37600000	0.45493
9	37600000	37700000	0.43731
9	37700000	37800000	0.43926
9	37800000	37900000	0.39552
9	37900000	38000000	0.50602
9	38000000	38100000	0.49459
9	38100000	38200000	0.45365
9	38200000	38300000	0.45714
9	38300000	38400000	0.46695
9	38400000	38500000	0.44636
9	38500000	38600000	0.41537
9	38600000	38700000	0.42769
9	38700000	38800000	0.41494
9	38800000	38900000	0.40602
9	38900000	39000000	0.41855
9	39000000	39100000	0.38357
9	39100000	39200000	0.38429
9	39200000	39300000	0.38598
9	39300000	39400000	0.40671
9	39400000	39500000	0.38881
9	39500000	39600000	0.40772
9	39600000	39700000	0.40068
9	39700000	39800000	0.3976
9	39800000	39900000	0.37945
9	39900000	40000000	0.34529
9	40000000	40100000	0.33832
9	40100000	40200000	0.42423
9	40200000	40300000	0.38548
9	40300000	40400000	0.40558
9	40400000	40500000	0.38984
9	40500000	40600000	0.4079669229537082
9	40600000	40700000	0.38525
9	40700000	40800000	0.3696
9	40800000	40900000	0.37911
9	40900000	41000000	0.40101
9	41000000	41100000	0.39144
9	41100000	41200000	0.39789
9	41200000	41300000	0.3952804206309464
9	41300000	41400000	0.40528
9	41400000	41500000	0.33702
9	41500000	41600000	0.34365
9	41600000	41700000	0.44604
9	41700000	41800000	0.45191
9	41800000	41900000	0.39429
9	41900000	42000000	0.37902
9	42000000	42100000	0.38183
9	42100000	42200000	0.39995
9	42200000	42300000	0.39946
9	42300000	42400000	0.40943
9	42400000	42500000	0.39265
9	42500000	42600000	0.39796
9	42600000	42700000	0.40362
9	42700000	42800000	0.3981
9	42800000	42900000	0.38839
9	42900000	43000000	0.41645
9	43000000	43100000	0.35373
9	43100000	43200000	0.40993
9	43200000	43300000	0.3809140832149993
9	43300000	43400000	0.36627300959606274
9	43400000	43500000	0.37259
9	43500000	43600000	0.37296
9	43600000	43700000	0.37392
9	43700000	43800000	0.37448
9	43800000	43900000	0.37432
9	43900000	44000000	0.37405
9	44000000	44100000	0.37453
9	44100000	44200000	0.37349
9	44200000	44300000	0.37376
9	44300000	44400000	0.37421
9	44400000	44500000	0.37406
9	44500000	44600000	0.37474
9	44600000	44700000	0.37489
9	44700000	44800000	0.37542
9	44800000	44900000	0.37473473473473473
9	44900000	45000000	0.37597
9	45000000	45100000	0.37666
9	45100000	45200000	0.37571
9	45200000	45300000	0.37496
9	45300000	45400000	0.37448
9	45400000	45500000	0.37417
9	45500000	45600000	0.37223838775730145
9	45600000	45700000	
9	45700000	45800000	
9	45800000	45900000	
9	45900000	46000000	
9	46000000	46100000	
9	46100000	46200000	
9	46200000	46300000	
9	46300000	46400000	
9	46400000	46500000	
9	46500000	46600000	
9	46600000	46700000	
9	46700000	46800000	
9	46800000	46900000	
9	46900000	47000000	
9	47000000	47100000	
9	47100000	47200000	
9	47200000	47300000	
9	47300000	47400000	
9	47400000	47500000	
9	47500000	47600000	
9	47600000	47700000	
9	47700000	47800000	
9	47800000	47900000	
9	47900000	48000000	
9	48000000	48100000	
9	48100000	48200000	
9	48200000	48300000	
9	48300000	48400000	
9	48400000	48500000	
9	48500000	48600000	
9	48600000	48700000	
9	48700000	48800000	
9	48800000	48900000	
9	48900000	49000000	
9	49000000	49100000	
9	49100000	49200000	
9	49200000	49300000	
9	49300000	49400000	
9	49400000	49500000	
9	49500000	49600000	
9	49600000	49700000	
9	49700000	49800000	
9	49800000	49900000	
9	49900000	50000000	
9	50000000	50100000	
9	50100000	50200000	
9	50200000	50300000	
9	50300000	50400000	
9	50400000	50500000	
9	50500000	50600000	
9	50600000	50700000	
9	50700000	50800000	
9	50800000	50900000	
9	50900000	51000000	
9	51000000	51100000	
9	51100000	51200000	
9	51200000	51300000	
9	51300000	51400000	
9	51400000	51500000	
9	51500000	51600000	
9	51600000	51700000	
9	51700000	51800000	
9	51800000	51900000	
9	51900000	52000000	
9	52000000	52100000	
9	52100000	52200000	
9	52200000	52300000	
9	52300000	52400000	
9	52400000	52500000	
9	52500000	52600000	
9	52600000	52700000	
9	52700000	52800000	
9	52800000	52900000	
9	52900000	53000000	
9	53000000	53100000	
9	53100000	53200000	
9	53200000	53300000	
9	53300000	53400000	
9	53400000	53500000	
9	53500000	53600000	
9	53600000	53700000	
9	53700000	53800000	
9	53800000	53900000	
9	53900000	54000000	
9	54000000	54100000	
9	54100000	54200000	
9	54200000	54300000	
9	54300000	54400000	
9	54400000	54500000	
9	54500000	54600000	
9	54600000	54700000	
9	54700000	54800000	
9	54800000	54900000	
9	54900000	55000000	
9	55000000	55100000	
9	55100000	55200000	
9	55200000	55300000	
9	55300000	55400000	
9	55400000	55500000	
9	55500000	55600000	
9	55600000	55700000	
9	55700000	55800000	
9	55800000	55900000	
9	55900000	56000000	
9	56000000	56100000	
9	56100000	56200000	
9	56200000	56300000	
9	56300000	56400000	
9	56400000	56500000	
9	56500000	56600000	
9	56600000	56700000	
9	56700000	56800000	
9	56800000	56900000	
9	56900000	57000000	
9	57000000	57100000	
9	57100000	57200000	
9	57200000	57300000	
9	57300000	57400000	
9	57400000	57500000	
9	57500000	57600000	
9	57600000	57700000	
9	57700000	57800000	
9	57800000	57900000	
9	57900000	58000000	
9	58000000	58100000	
9	58100000	58200000	
9	58200000	58300000	
9	58300000	58400000	
9	58400000	58500000	
9	58500000	58600000	
9	58600000	58700000	
9	58700000	58800000	
9	58800000	58900000	
9	58900000	59000000	
9	59000000	59100000	
9	59100000	59200000	
9	59200000	59300000	
9	59300000	59400000	
9	59400000	59500000	
9	59500000	59600000	
9	59600000	59700000	
9	59700000	59800000	
9	59800000	59900000	
9	59900000	60000000	
9	60000000	60100000	
9	60100000	60200000	
9	60200000	60300000	
9	60300000	60400000	
9	60400000	60500000	
9	60500000	60600000	0.3874290906411925
9	60600000	60700000	0.3715170978831192
9	60700000	60800000	0.3954829759789725
9	60800000	60900000	0.3893358305310802
9	60900000	61000000	0.40859
9	61000000	61100000	0.37354
9	61100000	61200000	0.40534
9	61200000	61300000	0.40586
9	61300000	61400000	0.37977
9	61400000	61500000	0.3811766073712359
9	61500000	61600000	0.459121588333826
9	61600000	61700000	0.45819
9	61700000	61800000	0.34868
9	61800000	61900000	0.44007
9	61900000	62000000	0.4579
9	62000000	62100000	0.39832
9	62100000	62200000	0.42559009208251236
9	62200000	62300000	0.351000756038359
9	62300000	62400000	0.35417
9	62400000	62500000	0.40325
9	62500000	62600000	0.39887
9	62600000	62700000	0.39229
9	62700000	62800000	0.41798
9	62800000	62900000	0.39439
9	62900000	63000000	0.39932500728101283
9	63000000	63100000	0.3920592825415534
9	63100000	63200000	0.40396
9	63200000	63300000	0.35108
9	63300000	63400000	0.44143
9	63400000	63500000	0.39004378739269924
9	63500000	63600000	0.3443085769710406
9	63600000	63700000	0.33802
9	63700000	63800000	0.42147
9	63800000	63900000	0.39076
9	63900000	64000000	0.38548
9	64000000	64100000	0.40261
9	64100000	64200000	0.36232
9	64200000	64300000	0.3611660730774304
9	64300000	64400000	0.3695867417902355
9	64400000	64500000	0.4147
9	64500000	64600000	0.34437
9	64600000	64700000	0.41563
9	64700000	64800000	0.40548
9	64800000	64900000	0.37484
9	64900000	65000000	0.3737923443805797
9	65000000	65100000	0.37743288065586084
9	65100000	65200000	0.4386281072113047
9	65200000	65300000	0.39033
9	65300000	65400000	0.4246
9	65400000	65500000	0.5154
9	65500000	65600000	0.45551575253963084
9	65600000	65700000	0.3676038606798154
9	65700000	65800000	0.38722
9	65800000	65900000	0.43264
9	65900000	66000000	0.35104
9	66000000	66100000	0.42271
9	66100000	66200000	0.3864
9	66200000	66300000	0.41137
9	66300000	66400000	0.33231203562869993
9	66400000	66500000	
9	66500000	66600000	0.38616045512597236
9	66600000	66700000	0.39089
9	66700000	66800000	0.40291
9	66800000	66900000	0.39927
9	66900000	67000000	0.40904
9	67000000	67100000	0.38776
9	67100000	67200000	0.38127
9	67200000	67300000	0.38164
9	67300000	67400000	0.39698
9	67400000	67500000	0.41784
9	67500000	67600000	0.40826
9	67600000	67700000	0.4641
9	67700000	67800000	0.41226
9	67800000	67900000	0.36417
9	67900000	68000000	0.35539120280264697
9	68000000	68100000	
9	68100000	68200000	
9	68200000	68300000	0.3653458866176619
9	68300000	68400000	0.41933
9	68400000	68500000	0.40468
9	68500000	68600000	0.41571
9	68600000	68700000	0.40743
9	68700000	68800000	0.39727
9	68800000	68900000	0.40535
9	68900000	69000000	0.40388
9	69000000	69100000	0.45234
9	69100000	69200000	0.44112
9	69200000	69300000	0.42243
9	69300000	69400000	0.41354
9	69400000	69500000	0.45002
9	69500000	69600000	0.40642
9	69600000	69700000	0.38996
9	69700000	69800000	0.36319
9	69800000	69900000	0.39488
9	69900000	70000000	0.39796
9	70000000	70100000	0.41043
9	70100000	70200000	0.3993
9	70200000	70300000	0.38383
9	70300000	70400000	0.38428
9	70400000	70500000	0.446
9	70500000	70600000	0.41444
9	70600000	70700000	0.40211
9	70700000	70800000	0.3879
9	70800000	70900000	0.37848
9	70900000	71000000	0.38117
9	71000000	71100000	0.36954
9	71100000	71200000	0.37109
9	71200000	71300000	0.37432
9	71300000	71400000	0.35816
9	71400000	71500000	0.37493
9	71500000	71600000	0.38477
9	71600000	71700000	0.39614
9	71700000	71800000	0.40544
9	71800000	71900000	0.38717
9	71900000	72000000	0.39716
9	72000000	72100000	0.41591
9	72100000	72200000	0.41629
9	72200000	72300000	0.40499
9	72300000	72400000	0.40958
9	72400000	72500000	0.40259
9	72500000	72600000	0.41934
9	72600000	72700000	0.37783
9	72700000	72800000	0.38276
9	72800000	72900000	0.39553
9	72900000	73000000	0.35927
9	73000000	73100000	0.36077
9	73100000	73200000	0.35244
9	73200000	73300000	0.3676
9	73300000	73400000	0.34783
9	73400000	73500000	0.35179
9	73500000	73600000	0.3431
9	73600000	73700000	0.34571
9	73700000	73800000	0.35418
9	73800000	73900000	0.34777
9	73900000	74000000	0.35115
9	74000000	74100000	0.35808
9	74100000	74200000	0.36869
9	74200000	74300000	0.36329
9	74300000	74400000	0.35815
9	74400000	74500000	0.36821
9	74500000	74600000	0.36677
9	74600000	74700000	0.38374
9	74700000	74800000	0.39009
9	74800000	74900000	0.40589
9	74900000	75000000	0.39782
9	75000000	75100000	0.40689
9	75100000	75200000	0.39271
9	75200000	75300000	0.39902
9	75300000	75400000	0.38946
9	75400000	75500000	0.398
9	75500000	75600000	0.38446
9	75600000	75700000	0.38795
9	75700000	75800000	0.38041
9	75800000	75900000	0.3967
9	75900000	76000000	0.39897
9	76000000	76100000	0.38392
9	76100000	76200000	0.38098
9	76200000	76300000	0.41954
9	76300000	76400000	0.42603
9	76400000	76500000	0.426
9	76500000	76600000	0.4174
9	76600000	76700000	0.40931
9	76700000	76800000	0.41552
9	76800000	76900000	0.40772
9	76900000	77000000	0.41908
9	77000000	77100000	0.43179
9	77100000	77200000	0.39537
9	77200000	77300000	0.3572
9	77300000	77400000	0.34769
9	77400000	77500000	0.41842
9	77500000	77600000	0.41546
9	77600000	77700000	0.41829
9	77700000	77800000	0.39273
9	77800000	77900000	0.39569
9	77900000	78000000	0.39252
9	78000000	78100000	0.40268
9	78100000	78200000	0.39621
9	78200000	78300000	0.40223
9	78300000	78400000	0.43707
9	78400000	78500000	0.40834
9	78500000	78600000	0.40133
9	78600000	78700000	0.38704
9	78700000	78800000	0.37541
9	78800000	78900000	0.38716
9	78900000	79000000	0.36964
9	79000000	79100000	0.37554
9	79100000	79200000	0.38894
9	79200000	79300000	0.39853
9	79300000	79400000	0.3815
9	79400000	79500000	0.37336
9	79500000	79600000	0.39936
9	79600000	79700000	0.38507
9	79700000	79800000	0.40219
9	79800000	79900000	0.40024
9	79900000	80000000	0.38968
9	80000000	80100000	0.36937
9	80100000	80200000	0.37926
9	80200000	80300000	0.36665
9	80300000	80400000	0.37823
9	80400000	80500000	0.36849
9	80500000	80600000	0.36233
9	80600000	80700000	0.36657
9	80700000	80800000	0.35785
9	80800000	80900000	0.35521
9	80900000	81000000	0.36709
9	81000000	81100000	0.3667
9	81100000	81200000	0.38598
9	81200000	81300000	0.37509
9	81300000	81400000	0.3897
9	81400000	81500000	0.38384
9	81500000	81600000	0.4161
9	81600000	81700000	0.43314
9	81700000	81800000	0.43645
9	81800000	81900000	0.42594
9	81900000	82000000	0.42221
9	82000000	82100000	0.39022
9	82100000	82200000	0.38495
9	82200000	82300000	0.37978
9	82300000	82400000	0.37354
9	82400000	82500000	0.39068
9	82500000	82600000	0.38375
9	82600000	82700000	0.37752
9	82700000	82800000	0.39801
9	82800000	82900000	0.37614
9	82900000	83000000	0.39749
9	83000000	83100000	0.39303
9	83100000	83200000	0.37876
9	83200000	83300000	0.41436
9	83300000	83400000	0.41166
9	83400000	83500000	0.41913
9	83500000	83600000	0.40844
9	83600000	83700000	0.41078
9	83700000	83800000	0.38357
9	83800000	83900000	0.39003
9	83900000	84000000	0.41861
9	84000000	84100000	0.3997
9	84100000	84200000	0.40634
9	84200000	84300000	0.42103
9	84300000	84400000	0.42904
9	84400000	84500000	0.42744
9	84500000	84600000	0.40643
9	84600000	84700000	0.40295
9	84700000	84800000	0.3962
9	84800000	84900000	0.41314
9	84900000	85000000	0.41324
9	85000000	85100000	0.41352
9	85100000	85200000	0.39727
9	85200000	85300000	0.41204
9	85300000	85400000	0.40531
9	85400000	85500000	0.4229
9	85500000	85600000	0.40368
9	85600000	85700000	0.35826
9	85700000	85800000	0.39122
9	85800000	85900000	0.4
9	85900000	86000000	0.39372
9	86000000	86100000	0.43177
9	86100000	86200000	0.43457
9	86200000	86300000	0.41197
9	86300000	86400000	0.39651
9	86400000	86500000	0.40175
9	86500000	86600000	0.4149
9	86600000	86700000	0.41106
9	86700000	86800000	0.41757
9	86800000	86900000	0.41211
9	86900000	87000000	0.40732
9	87000000	87100000	0.3982
9	87100000	87200000	0.39901
9	87200000	87300000	0.41397
9	87300000	87400000	0.41373
9	87400000	87500000	0.43418
9	87500000	87600000	0.43772
9	87600000	87700000	0.46061
9	87700000	87800000	0.43419
9	87800000	87900000	0.46205
9	87900000	88000000	0.44358
9	88000000	88100000	0.45375
9	88100000	88200000	0.43299
9	88200000	88300000	0.44641
9	88300000	88400000	0.45523
9	88400000	88500000	0.41125
9	88500000	88600000	0.47065
9	88600000	88700000	0.41343
9	88700000	88800000	0.42061
9	88800000	88900000	0.4068
9	88900000	89000000	0.43738
9	89000000	89100000	0.44307
9	89100000	89200000	0.40888
9	89200000	89300000	0.42214
9	89300000	89400000	0.46211
9	89400000	89500000	0.5079
9	89500000	89600000	0.45581
9	89600000	89700000	0.50382
9	89700000	89800000	0.47507
9	89800000	89900000	0.46784
9	89900000	90000000	0.44753
9	90000000	90100000	0.43904
9	90100000	90200000	0.39854
9	90200000	90300000	0.40585
9	90300000	90400000	0.3855
9	90400000	90500000	0.40595
9	90500000	90600000	0.38963
9	90600000	90700000	0.40526
9	90700000	90800000	0.41884
9	90800000	90900000	0.44303
9	90900000	91000000	0.45555
9	91000000	91100000	0.44286
9	91100000	91200000	0.45042
9	91200000	91300000	0.39024
9	91300000	91400000	0.40046
9	91400000	91500000	0.41063
9	91500000	91600000	0.41803
9	91600000	91700000	0.41321
9	91700000	91800000	0.45839
9	91800000	91900000	0.47359
9	91900000	92000000	0.45245
9	92000000	92100000	0.41289
9	92100000	92200000	0.47036
9	92200000	92300000	0.4136
9	92300000	92400000	0.39217
9	92400000	92500000	0.38492
9	92500000	92600000	0.40332
9	92600000	92700000	0.46997
9	92700000	92800000	0.48546
9	92800000	92900000	0.421
9	92900000	93000000	0.46164
9	93000000	93100000	0.532
9	93100000	93200000	0.53204
9	93200000	93300000	0.5207
9	93300000	93400000	0.45109
9	93400000	93500000	0.41879
9	93500000	93600000	0.45743
9	93600000	93700000	0.50376
9	93700000	93800000	0.40651
9	93800000	93900000	0.45895
9	93900000	94000000	0.50817
9	94000000	94100000	0.40187
9	94100000	94200000	0.43006
9	94200000	94300000	0.40684
9	94300000	94400000	0.4526
9	94400000	94500000	0.40393
9	94500000	94600000	0.42651
9	94600000	94700000	0.46787
9	94700000	94800000	0.42108
9	94800000	94900000	0.41492
9	94900000	95000000	0.44631
9	95000000	95100000	0.45124
9	95100000	95200000	0.42978
9	95200000	95300000	0.39499
9	95300000	95400000	0.42959
9	95400000	95500000	0.44605
9	95500000	95600000	0.47466
9	95600000	95700000	0.44268
9	95700000	95800000	0.45122
9	95800000	95900000	0.39711
9	95900000	96000000	0.36418
9	96000000	96100000	0.47795
9	96100000	96200000	0.45868
9	96200000	96300000	0.44192
9	96300000	96400000	0.43432
9	96400000	96500000	0.45085
9	96500000	96600000	0.41508
9	96600000	96700000	0.43717
9	96700000	96800000	0.4147
9	96800000	96900000	0.39298
9	96900000	97000000	0.44299
9	97000000	97100000	0.42742
9	97100000	97200000	0.40634
9	97200000	97300000	0.40825
9	97300000	97400000	0.47291
9	97400000	97500000	0.39606
9	97500000	97600000	0.46696
9	97600000	97700000	0.39854
9	97700000	97800000	0.44425
9	97800000	97900000	0.43629
9	97900000	98000000	0.42087
9	98000000	98100000	0.45976
9	98100000	98200000	0.48802
9	98200000	98300000	0.47196
9	98300000	98400000	0.4667
9	98400000	98500000	0.44994
9	98500000	98600000	0.45341
9	98600000	98700000	0.45371
9	98700000	98800000	0.47276
9	98800000	98900000	0.45301
9	98900000	99000000	0.47147
9	99000000	99100000	0.45414
9	99100000	99200000	0.41189
9	99200000	99300000	0.41971
9	99300000	99400000	0.43919
9	99400000	99500000	0.41296
9	99500000	99600000	0.39756
9	99600000	99700000	0.385
9	99700000	99800000	0.37928
9	99800000	99900000	0.41229
9	99900000	100000000	0.3733
9	100000000	100100000	0.37902
9	100100000	100200000	0.38138
9	100200000	100300000	0.39561
9	100300000	100400000	0.39075
9	100400000	100500000	0.42124
9	100500000	100600000	0.39551
9	100600000	100700000	0.39536
9	100700000	100800000	0.39039
9	100800000	100900000	0.37714
9	100900000	101000000	0.37949
9	101000000	101100000	0.3873
9	101100000	101200000	0.38287
9	101200000	101300000	0.38077
9	101300000	101400000	0.39217
9	101400000	101500000	0.39755
9	101500000	101600000	0.39497
9	101600000	101700000	0.37373
9	101700000	101800000	0.37544
9	101800000	101900000	0.37706
9	101900000	102000000	0.36021
9	102000000	102100000	0.35586
9	102100000	102200000	0.35858
9	102200000	102300000	0.35145
9	102300000	102400000	0.35899
9	102400000	102500000	0.3613
9	102500000	102600000	0.34067
9	102600000	102700000	0.35025
9	102700000	102800000	0.34108
9	102800000	102900000	0.35388
9	102900000	103000000	0.33848
9	103000000	103100000	0.33108
9	103100000	103200000	0.35693
9	103200000	103300000	0.35633
9	103300000	103400000	0.35353
9	103400000	103500000	0.35471
9	103500000	103600000	0.35471
9	103600000	103700000	0.35256
9	103700000	103800000	0.35485
9	103800000	103900000	0.34887
9	103900000	104000000	0.35786
9	104000000	104100000	0.36752
9	104100000	104200000	0.35793
9	104200000	104300000	0.37815
9	104300000	104400000	0.38856
9	104400000	104500000	0.36775
9	104500000	104600000	0.36443
9	104600000	104700000	0.36927
9	104700000	104800000	0.37967
9	104800000	104900000	0.44187
9	104900000	105000000	0.43149
9	105000000	105100000	0.42382
9	105100000	105200000	0.43678
9	105200000	105300000	0.40587
9	105300000	105400000	0.37441
9	105400000	105500000	0.39638
9	105500000	105600000	0.37849
9	105600000	105700000	0.39153
9	105700000	105800000	0.38345
9	105800000	105900000	0.41275
9	105900000	106000000	0.39441
9	106000000	106100000	0.39698
9	106100000	106200000	0.38286
9	106200000	106300000	0.37466
9	106300000	106400000	0.37265
9	106400000	106500000	0.3884
9	106500000	106600000	0.38899
9	106600000	106700000	0.39881
9	106700000	106800000	0.39306
9	106800000	106900000	0.3877
9	106900000	107000000	0.39826
9	107000000	107100000	0.40692
9	107100000	107200000	0.43047
9	107200000	107300000	0.41703
9	107300000	107400000	0.42941
9	107400000	107500000	0.45476
9	107500000	107600000	0.45223
9	107600000	107700000	0.45043
9	107700000	107800000	0.4451
9	107800000	107900000	0.42618
9	107900000	108000000	0.4117
9	108000000	108100000	0.42222
9	108100000	108200000	0.40682
9	108200000	108300000	0.39627
9	108300000	108400000	0.3924
9	108400000	108500000	0.38445
9	108500000	108600000	0.41526
9	108600000	108700000	0.42278
9	108700000	108800000	0.42571
9	108800000	108900000	0.42229
9	108900000	109000000	0.39218
9	109000000	109100000	0.3984
9	109100000	109200000	0.43025
9	109200000	109300000	0.44293
9	109300000	109400000	0.45891
9	109400000	109500000	0.45645
9	109500000	109600000	0.42185
9	109600000	109700000	0.39201
9	109700000	109800000	0.41374
9	109800000	109900000	0.42593
9	109900000	110000000	0.43397
9	110000000	110100000	0.42026
9	110100000	110200000	0.43818
9	110200000	110300000	0.43008
9	110300000	110400000	0.39711
9	110400000	110500000	0.37903
9	110500000	110600000	0.37994
9	110600000	110700000	0.35418
9	110700000	110800000	0.37043
9	110800000	110900000	0.38055
9	110900000	111000000	0.37704
9	111000000	111100000	0.39448
9	111100000	111200000	0.38308
9	111200000	111300000	0.38245
9	111300000	111400000	0.38712
9	111400000	111500000	0.39935
9	111500000	111600000	0.43232
9	111600000	111700000	0.41914
9	111700000	111800000	0.36138
9	111800000	111900000	0.41643
9	111900000	112000000	0.42814
9	112000000	112100000	0.42643
9	112100000	112200000	0.43111
9	112200000	112300000	0.37455
9	112300000	112400000	0.41857
9	112400000	112500000	0.40552
9	112500000	112600000	0.39853
9	112600000	112700000	0.39349
9	112700000	112800000	0.43321
9	112800000	112900000	0.44607
9	112900000	113000000	0.41285
9	113000000	113100000	0.45546
9	113100000	113200000	0.4465
9	113200000	113300000	0.42192
9	113300000	113400000	0.46494
9	113400000	113500000	0.44546
9	113500000	113600000	0.5109
9	113600000	113700000	0.48496
9	113700000	113800000	0.43266
9	113800000	113900000	0.39604
9	113900000	114000000	0.46146
9	114000000	114100000	0.48953
9	114100000	114200000	0.50283
9	114200000	114300000	0.52261
9	114300000	114400000	0.50867
9	114400000	114500000	0.48273
9	114500000	114600000	0.44206
9	114600000	114700000	0.45182
9	114700000	114800000	0.42466
9	114800000	114900000	0.41194
9	114900000	115000000	0.41039
9	115000000	115100000	0.42605
9	115100000	115200000	0.40599
9	115200000	115300000	0.39851
9	115300000	115400000	0.39858
9	115400000	115500000	0.38747
9	115500000	115600000	0.3705
9	115600000	115700000	0.38104
9	115700000	115800000	0.37425
9	115800000	115900000	0.37127
9	115900000	116000000	0.38794
9	116000000	116100000	0.37344
9	116100000	116200000	0.40502
9	116200000	116300000	0.40521
9	116300000	116400000	0.43829
9	116400000	116500000	0.42149
9	116500000	116600000	0.416
9	116600000	116700000	0.40464
9	116700000	116800000	0.42485
9	116800000	116900000	0.41857
9	116900000	117000000	0.41907
9	117000000	117100000	0.42107
9	117100000	117200000	0.40213
9	117200000	117300000	0.41964
9	117300000	117400000	0.424
9	117400000	117500000	0.41613
9	117500000	117600000	0.38693
9	117600000	117700000	0.38128
9	117700000	117800000	0.40143
9	117800000	117900000	0.38204
9	117900000	118000000	0.37858
9	118000000	118100000	0.3617
9	118100000	118200000	0.36912
9	118200000	118300000	0.36648
9	118300000	118400000	0.37147
9	118400000	118500000	0.37161
9	118500000	118600000	0.37721
9	118600000	118700000	0.37891
9	118700000	118800000	0.38396
9	118800000	118900000	0.36376
9	118900000	119000000	0.37369
9	119000000	119100000	0.38453
9	119100000	119200000	0.38494
9	119200000	119300000	0.40285
9	119300000	119400000	0.40734
9	119400000	119500000	0.3906
9	119500000	119600000	0.4069
9	119600000	119700000	0.40518
9	119700000	119800000	0.38821
9	119800000	119900000	0.42612
9	119900000	120000000	0.42286
9	120000000	120100000	0.43604
9	120100000	120200000	0.43531
9	120200000	120300000	0.43489
9	120300000	120400000	0.46
9	120400000	120500000	0.43287
9	120500000	120600000	0.43045
9	120600000	120700000	0.3774
9	120700000	120800000	0.42801
9	120800000	120900000	0.4571
9	120900000	121000000	0.43699
9	121000000	121100000	0.38147
9	121100000	121200000	0.37912
9	121200000	121300000	0.45921
9	121300000	121400000	0.43232
9	121400000	121500000	0.43464
9	121500000	121600000	0.50536
9	121600000	121700000	0.51932
9	121700000	121800000	0.53546
9	121800000	121900000	0.46969
9	121900000	122000000	0.44357
9	122000000	122100000	0.4259
9	122100000	122200000	0.48301
9	122200000	122300000	0.44589
9	122300000	122400000	0.47188
9	122400000	122500000	0.40294
9	122500000	122600000	0.39257
9	122600000	122700000	0.38369
9	122700000	122800000	0.40727
9	122800000	122900000	0.42684
9	122900000	123000000	0.3929
9	123000000	123100000	0.38421
9	123100000	123200000	0.39928
9	123200000	123300000	0.40536
9	123300000	123400000	0.53495
9	123400000	123500000	0.48655
9	123500000	123600000	0.43266
9	123600000	123700000	0.41298
9	123700000	123800000	0.3852
9	123800000	123900000	0.38645
9	123900000	124000000	0.4596
9	124000000	124100000	0.49495
9	124100000	124200000	0.45396
9	124200000	124300000	0.50998
9	124300000	124400000	0.49669
9	124400000	124500000	0.5186
9	124500000	124600000	0.452
9	124600000	124700000	0.39698
9	124700000	124800000	0.43446
9	124800000	124900000	0.51449
9	124900000	125000000	0.4108
9	125000000	125100000	0.40417
9	125100000	125200000	0.43347
9	125200000	125300000	0.44929
9	125300000	125400000	0.44067
9	125400000	125500000	0.48469
9	125500000	125600000	0.41407
9	125600000	125700000	0.40295
9	125700000	125800000	0.41798
9	125800000	125900000	0.36198
9	125900000	126000000	0.41885
9	126000000	126100000	0.51138
9	126100000	126200000	0.44715
9	126200000	126300000	0.44394
9	126300000	126400000	0.45057
9	126400000	126500000	0.47822
9	126500000	126600000	0.5003
9	126600000	126700000	0.55955
9	126700000	126800000	0.45973
9	126800000	126900000	0.44784
9	126900000	127000000	0.44974
9	127000000	127100000	0.44538
9	127100000	127200000	0.48878
9	127200000	127300000	0.44868
9	127300000	127400000	0.4446
9	127400000	127500000	0.50368
9	127500000	127600000	0.53309
9	127600000	127700000	0.46825
9	127700000	127800000	0.54728
9	127800000	127900000	0.54396
9	127900000	128000000	0.54389
9	128000000	128100000	0.4927
9	128100000	128200000	0.54322
9	128200000	128300000	0.53543
9	128300000	128400000	0.52647
9	128400000	128500000	0.51084
9	128500000	128600000	0.45255
9	128600000	128700000	0.50384
9	128700000	128800000	0.52647
9	128800000	128900000	0.51028
9	128900000	129000000	0.49039
9	129000000	129100000	0.54447
9	129100000	129200000	0.54021
9	129200000	129300000	0.51109
9	129300000	129400000	0.51702
9	129400000	129500000	0.55851
9	129500000	129600000	0.51383
9	129600000	129700000	0.55256
9	129700000	129800000	0.51587
9	129800000	129900000	0.50767
9	129900000	130000000	0.4336
9	130000000	130100000	0.44673
9	130100000	130200000	0.51732
9	130200000	130300000	0.51049
9	130300000	130400000	0.56068
9	130400000	130500000	0.54918
9	130500000	130600000	0.48476
9	130600000	130700000	0.51045
9	130700000	130800000	0.44294
9	130800000	130900000	0.46911
9	130900000	131000000	0.55925
9	131000000	131100000	0.53469
9	131100000	131200000	0.43915
9	131200000	131300000	0.50547
9	131300000	131400000	0.50434
9	131400000	131500000	0.48904
9	131500000	131600000	0.52892
9	131600000	131700000	0.4716
9	131700000	131800000	0.48756
9	131800000	131900000	0.50938
9	131900000	132000000	0.42633
9	132000000	132100000	0.43396
9	132100000	132200000	0.51009
9	132200000	132300000	0.49264
9	132300000	132400000	0.42656
9	132400000	132500000	0.48278
9	132500000	132600000	0.50942
9	132600000	132700000	0.43667
9	132700000	132800000	0.4664
9	132800000	132900000	0.49232
9	132900000	133000000	0.46261
9	133000000	133100000	0.5096
9	133100000	133200000	0.54684
9	133200000	133300000	0.49144
9	133300000	133400000	0.52599
9	133400000	133500000	0.56357
9	133500000	133600000	0.57691
9	133600000	133700000	0.55177
9	133700000	133800000	0.54437
9	133800000	133900000	0.56877
9	133900000	134000000	0.55961
9	134000000	134100000	0.52866
9	134100000	134200000	0.5453995653778343
9	134200000	134300000	0.5614
9	134300000	134400000	0.59945
9	134400000	134500000	0.5936
9	134500000	134600000	0.50677
9	134600000	134700000	0.53271
9	134700000	134800000	0.56505
9	134800000	134900000	0.53427
9	134900000	135000000	0.51115
9	135000000	135100000	0.51644
9	135100000	135200000	0.55188
9	135200000	135300000	0.54313
9	135300000	135400000	0.53546
9	135400000	135500000	0.50751
9	135500000	135600000	0.52471
9	135600000	135700000	0.52573
9	135700000	135800000	0.61456
9	135800000	135900000	0.47047
9	135900000	136000000	0.5486
9	136000000	136100000	0.55808
9	136100000	136200000	0.58773
9	136200000	136300000	0.57874
9	136300000	136400000	0.61721
9	136400000	136500000	0.55543
9	136500000	136600000	0.6137
9	136600000	136700000	0.6113
9	136700000	136800000	0.56637
9	136800000	136900000	0.58079
9	136900000	137000000	0.58643
9	137000000	137100000	0.60968
9	137100000	137200000	0.60198
9	137200000	137300000	0.60176
9	137300000	137400000	0.5795
9	137400000	137500000	0.58375
9	137500000	137600000	0.54235
9	137600000	137700000	0.49181
9	137700000	137800000	0.4961
9	137800000	137900000	0.52737
9	137900000	138000000	0.4752
9	138000000	138100000	0.4946
9	138100000	138200000	0.48494
9	138200000	138300000	0.45047
9	138300000	138394717	0.3813693579514359
10	0	100000	0.44187777777777776
10	100000	200000	0.39323
10	200000	300000	0.40923
10	300000	400000	0.49058
10	400000	500000	0.45826
10	500000	600000	0.49071
10	600000	700000	0.50752
10	700000	800000	0.47854
10	800000	900000	0.43187
10	900000	1000000	0.4659
10	1000000	1100000	0.44747
10	1100000	1200000	0.48493
10	1200000	1300000	0.49035
10	1300000	1400000	0.47331
10	1400000	1500000	0.46608
10	1500000	1600000	0.49394
10	1600000	1700000	0.47376
10	1700000	1800000	0.43407
10	1800000	1900000	0.41105
10	1900000	2000000	0.39309
10	2000000	2100000	0.39793
10	2100000	2200000	0.39762
10	2200000	2300000	0.3998
10	2300000	2400000	0.39751
10	2400000	2500000	0.38706
10	2500000	2600000	0.3978
10	2600000	2700000	0.39435
10	2700000	2800000	0.40565
10	2800000	2900000	0.42414
10	2900000	3000000	0.44688
10	3000000	3100000	0.46636
10	3100000	3200000	0.48363
10	3200000	3300000	0.46095
10	3300000	3400000	0.44214
10	3400000	3500000	0.44268
10	3500000	3600000	0.42952
10	3600000	3700000	0.42097
10	3700000	3800000	0.43066
10	3800000	3900000	0.42376
10	3900000	4000000	0.42549
10	4000000	4100000	0.41497
10	4100000	4200000	0.39885
10	4200000	4300000	0.39602
10	4300000	4400000	0.37866
10	4400000	4500000	0.37224
10	4500000	4600000	0.37411
10	4600000	4700000	0.37248
10	4700000	4800000	0.37151
10	4800000	4900000	0.41622
10	4900000	5000000	0.39343
10	5000000	5100000	0.40845
10	5100000	5200000	0.37944
10	5200000	5300000	0.40623
10	5300000	5400000	0.43333
10	5400000	5500000	0.42742
10	5500000	5600000	0.50969
10	5600000	5700000	0.47558
10	5700000	5800000	0.39378
10	5800000	5900000	0.46709
10	5900000	6000000	0.46028
10	6000000	6100000	0.44717
10	6100000	6200000	0.47973
10	6200000	6300000	0.48352
10	6300000	6400000	0.43167
10	6400000	6500000	0.43552
10	6500000	6600000	0.42003
10	6600000	6700000	0.41057
10	6700000	6800000	0.42805
10	6800000	6900000	0.39831
10	6900000	7000000	0.41191
10	7000000	7100000	0.41394
10	7100000	7200000	0.43397
10	7200000	7300000	0.42579
10	7300000	7400000	0.43321
10	7400000	7500000	0.43663
10	7500000	7600000	0.45714
10	7600000	7700000	0.42717
10	7700000	7800000	0.41919
10	7800000	7900000	0.40139
10	7900000	8000000	0.39382
10	8000000	8100000	0.47381
10	8100000	8200000	0.43257
10	8200000	8300000	0.40696
10	8300000	8400000	0.40434
10	8400000	8500000	0.41277
10	8500000	8600000	0.39961
10	8600000	8700000	0.37594
10	8700000	8800000	0.36473
10	8800000	8900000	0.3639
10	8900000	9000000	0.35741
10	9000000	9100000	0.3556
10	9100000	9200000	0.36583
10	9200000	9300000	0.36562
10	9300000	9400000	0.37117
10	9400000	9500000	0.35109
10	9500000	9600000	0.36506
10	9600000	9700000	0.3577
10	9700000	9800000	0.35373
10	9800000	9900000	0.36319
10	9900000	10000000	0.37328
10	10000000	10100000	0.37798
10	10100000	10200000	0.36523
10	10200000	10300000	0.37529
10	10300000	10400000	0.38206
10	10400000	10500000	0.38295
10	10500000	10600000	0.40641
10	10600000	10700000	0.40119
10	10700000	10800000	0.40781
10	10800000	10900000	0.3986
10	10900000	11000000	0.41337
10	11000000	11100000	0.41018
10	11100000	11200000	0.41896
10	11200000	11300000	0.44479
10	11300000	11400000	0.47222
10	11400000	11500000	0.43916
10	11500000	11600000	0.37299
10	11600000	11700000	0.44226
10	11700000	11800000	0.4781
10	11800000	11900000	0.4796
10	11900000	12000000	0.41975
10	12000000	12100000	0.43911
10	12100000	12200000	0.44292
10	12200000	12300000	0.44648
10	12300000	12400000	0.46393
10	12400000	12500000	0.46191
10	12500000	12600000	0.45971
10	12600000	12700000	0.432
10	12700000	12800000	0.45808
10	12800000	12900000	0.46572
10	12900000	13000000	0.44139
10	13000000	13100000	0.43176
10	13100000	13200000	0.42631
10	13200000	13300000	0.45775
10	13300000	13400000	0.4616
10	13400000	13500000	0.43849
10	13500000	13600000	0.42074
10	13600000	13700000	0.43967
10	13700000	13800000	0.45781
10	13800000	13900000	0.45374
10	13900000	14000000	0.4381
10	14000000	14100000	0.43373
10	14100000	14200000	0.42541
10	14200000	14300000	0.42394
10	14300000	14400000	0.42929
10	14400000	14500000	0.42163
10	14500000	14600000	0.43189
10	14600000	14700000	0.43025
10	14700000	14800000	0.42621
10	14800000	14900000	0.413
10	14900000	15000000	0.43319
10	15000000	15100000	0.44569
10	15100000	15200000	0.44026
10	15200000	15300000	0.45161
10	15300000	15400000	0.44807
10	15400000	15500000	0.41716
10	15500000	15600000	0.40975
10	15600000	15700000	0.39211
10	15700000	15800000	0.4003
10	15800000	15900000	0.36855
10	15900000	16000000	0.37342
10	16000000	16100000	0.36862
10	16100000	16200000	0.38907
10	16200000	16300000	0.38691
10	16300000	16400000	0.41306
10	16400000	16500000	0.4166
10	16500000	16600000	0.42045
10	16600000	16700000	0.40908
10	16700000	16800000	0.40866
10	16800000	16900000	0.40381
10	16900000	17000000	0.40047
10	17000000	17100000	0.38502
10	17100000	17200000	0.37812
10	17200000	17300000	0.41734
10	17300000	17400000	0.39141
10	17400000	17500000	0.41675
10	17500000	17600000	0.40765
10	17600000	17700000	0.3966
10	17700000	17800000	0.40851
10	17800000	17900000	0.39552
10	17900000	18000000	0.3972
10	18000000	18100000	0.3977
10	18100000	18200000	0.39569
10	18200000	18300000	0.401
10	18300000	18400000	0.40176
10	18400000	18500000	0.41711
10	18500000	18600000	0.40111
10	18600000	18700000	0.39648
10	18700000	18800000	0.39086
10	18800000	18900000	0.36745
10	18900000	19000000	0.37561
10	19000000	19100000	0.37095
10	19100000	19200000	0.3613
10	19200000	19300000	0.35293
10	19300000	19400000	0.34083
10	19400000	19500000	0.35819
10	19500000	19600000	0.36548
10	19600000	19700000	0.36923
10	19700000	19800000	0.37409
10	19800000	19900000	0.38267
10	19900000	20000000	0.38108
10	20000000	20100000	0.37076
10	20100000	20200000	0.36225
10	20200000	20300000	0.37234
10	20300000	20400000	0.39124
10	20400000	20500000	0.3755
10	20500000	20600000	0.39012
10	20600000	20700000	0.38856
10	20700000	20800000	0.38575
10	20800000	20900000	0.37064
10	20900000	21000000	0.38735
10	21000000	21100000	0.40937
10	21100000	21200000	0.40696
10	21200000	21300000	0.43283
10	21300000	21400000	0.4405
10	21400000	21500000	0.44712
10	21500000	21600000	0.43077
10	21600000	21700000	0.38229
10	21700000	21800000	0.41291
10	21800000	21900000	0.38559
10	21900000	22000000	0.35116
10	22000000	22100000	0.38918
10	22100000	22200000	0.40308
10	22200000	22300000	0.39773
10	22300000	22400000	0.38465
10	22400000	22500000	0.41836
10	22500000	22600000	0.42464
10	22600000	22700000	0.40566
10	22700000	22800000	0.4012
10	22800000	22900000	0.40913
10	22900000	23000000	0.3766
10	23000000	23100000	0.41054
10	23100000	23200000	0.43742
10	23200000	23300000	0.39283
10	23300000	23400000	0.42409
10	23400000	23500000	0.41843
10	23500000	23600000	0.39839
10	23600000	23700000	0.39427
10	23700000	23800000	0.3841
10	23800000	23900000	0.37828
10	23900000	24000000	0.39921
10	24000000	24100000	0.39102
10	24100000	24200000	0.40219
10	24200000	24300000	0.42944
10	24300000	24400000	0.42133
10	24400000	24500000	0.41983
10	24500000	24600000	0.42597
10	24600000	24700000	0.38687
10	24700000	24800000	0.42285
10	24800000	24900000	0.4195
10	24900000	25000000	0.40548
10	25000000	25100000	0.39518
10	25100000	25200000	0.41246
10	25200000	25300000	0.36629
10	25300000	25400000	0.36161
10	25400000	25500000	0.36612
10	25500000	25600000	0.37653
10	25600000	25700000	0.397
10	25700000	25800000	0.41172
10	25800000	25900000	0.3854
10	25900000	26000000	0.37644
10	26000000	26100000	0.37628
10	26100000	26200000	0.38236
10	26200000	26300000	0.43055
10	26300000	26400000	0.40587
10	26400000	26500000	0.40611
10	26500000	26600000	0.41957
10	26600000	26700000	0.40124
10	26700000	26800000	0.39924
10	26800000	26900000	0.40864
10	26900000	27000000	0.41576
10	27000000	27100000	0.37682
10	27100000	27200000	0.40313
10	27200000	27300000	0.4172
10	27300000	27400000	0.39274
10	27400000	27500000	0.38913
10	27500000	27600000	0.3793
10	27600000	27700000	0.40901
10	27700000	27800000	0.39407
10	27800000	27900000	0.38947
10	27900000	28000000	0.37666
10	28000000	28100000	0.38325
10	28100000	28200000	0.37373
10	28200000	28300000	0.39248
10	28300000	28400000	0.42124
10	28400000	28500000	0.43034
10	28500000	28600000	0.39111
10	28600000	28700000	0.42998
10	28700000	28800000	0.43605
10	28800000	28900000	0.42678
10	28900000	29000000	0.41198
10	29000000	29100000	0.41926
10	29100000	29200000	0.42341
10	29200000	29300000	0.41863
10	29300000	29400000	0.43578
10	29400000	29500000	0.42737
10	29500000	29600000	0.4323
10	29600000	29700000	0.43525
10	29700000	29800000	0.43137
10	29800000	29900000	0.44136
10	29900000	30000000	0.44216
10	30000000	30100000	0.44639
10	30100000	30200000	0.44088
10	30200000	30300000	0.40527
10	30300000	30400000	0.42816
10	30400000	30500000	0.43525
10	30500000	30600000	0.43761
10	30600000	30700000	0.43444
10	30700000	30800000	0.47166
10	30800000	30900000	0.42231
10	30900000	31000000	0.38183
10	31000000	31100000	0.4084
10	31100000	31200000	0.42648
10	31200000	31300000	0.38356
10	31300000	31400000	0.36556
10	31400000	31500000	0.35694
10	31500000	31600000	0.39583
10	31600000	31700000	0.43012
10	31700000	31800000	0.4394
10	31800000	31900000	0.35994
10	31900000	32000000	0.42237
10	32000000	32100000	0.40284
10	32100000	32200000	0.44702
10	32200000	32300000	0.41793
10	32300000	32400000	0.39226
10	32400000	32500000	0.37787
10	32500000	32600000	0.3782
10	32600000	32700000	0.37304
10	32700000	32800000	0.37939
10	32800000	32900000	0.36705
10	32900000	33000000	0.39143
10	33000000	33100000	0.4251
10	33100000	33200000	0.43078
10	33200000	33300000	0.41016
10	33300000	33400000	0.41405
10	33400000	33500000	0.40213
10	33500000	33600000	0.41224
10	33600000	33700000	0.40752
10	33700000	33800000	0.41952
10	33800000	33900000	0.41793
10	33900000	34000000	0.40276
10	34000000	34100000	0.44282
10	34100000	34200000	0.40922
10	34200000	34300000	0.39477
10	34300000	34400000	0.37709
10	34400000	34500000	0.38072
10	34500000	34600000	0.39245
10	34600000	34700000	0.41407
10	34700000	34800000	0.42842
10	34800000	34900000	0.44869
10	34900000	35000000	0.46164
10	35000000	35100000	0.40342
10	35100000	35200000	0.40351
10	35200000	35300000	0.42814
10	35300000	35400000	0.43455
10	35400000	35500000	0.43352
10	35500000	35600000	0.43823
10	35600000	35700000	0.43854
10	35700000	35800000	0.41441
10	35800000	35900000	0.40629
10	35900000	36000000	0.40202
10	36000000	36100000	0.40157
10	36100000	36200000	0.36728
10	36200000	36300000	0.36587
10	36300000	36400000	0.38257
10	36400000	36500000	0.38762
10	36500000	36600000	0.3843
10	36600000	36700000	0.38959
10	36700000	36800000	0.39857
10	36800000	36900000	0.39295
10	36900000	37000000	0.3777
10	37000000	37100000	0.38273
10	37100000	37200000	0.3612
10	37200000	37300000	0.37618
10	37300000	37400000	0.37665
10	37400000	37500000	0.41397
10	37500000	37600000	0.39078
10	37600000	37700000	0.41353
10	37700000	37800000	0.43209
10	37800000	37900000	0.39891
10	37900000	38000000	0.41754
10	38000000	38100000	0.40966
10	38100000	38200000	0.38872
10	38200000	38300000	0.39422
10	38300000	38400000	0.38585
10	38400000	38500000	0.43092
10	38500000	38600000	0.3831073556188018
10	38600000	38700000	0.39193
10	38700000	38800000	0.40361
10	38800000	38900000	0.3827
10	38900000	39000000	0.37391352859135285
10	39000000	39100000	0.37497
10	39100000	39200000	0.37109
10	39200000	39300000	0.3764495627466139
10	39300000	39400000	0.3638355342136855
10	39400000	39500000	0.37238653619879925
10	39500000	39600000	0.37461002323265846
10	39600000	39700000	0.3841531649880796
10	39700000	39800000	0.38223
10	39800000	39900000	0.38197
10	39900000	40000000	0.3827427427427427
10	40000000	40100000	0.38419
10	40100000	40200000	0.38431
10	40200000	40300000	0.38391
10	40300000	40400000	0.38358
10	40400000	40500000	0.3836236236236236
10	40500000	40600000	0.38344344344344344
10	40600000	40700000	0.38382
10	40700000	40800000	0.3853353353353353
10	40800000	40900000	0.38363
10	40900000	41000000	0.38343343343343345
10	41000000	41100000	0.3835
10	41100000	41200000	0.38407
10	41200000	41300000	0.38344
10	41300000	41400000	0.38456
10	41400000	41500000	0.38386386386386384
10	41500000	41600000	0.38019289024951564
10	41600000	41700000	0.38323815403611666
10	41700000	41800000	0.37217
10	41800000	41900000	0.38202
10	41900000	42000000	0.4075007685213649
10	42000000	42100000	0.36680005928560844
10	42100000	42200000	0.3886
10	42200000	42300000	0.40074
10	42300000	42400000	0.38674
10	42400000	42500000	0.40563
10	42500000	42600000	0.40901
10	42600000	42700000	0.402
10	42700000	42800000	0.4331
10	42800000	42900000	0.45513
10	42900000	43000000	0.47973
10	43000000	43100000	0.51027
10	43100000	43200000	0.45881
10	43200000	43300000	0.53419
10	43300000	43400000	0.49653
10	43400000	43500000	0.46515
10	43500000	43600000	0.42229
10	43600000	43700000	0.44052
10	43700000	43800000	0.42748
10	43800000	43900000	0.44299
10	43900000	44000000	0.44681
10	44000000	44100000	0.43157
10	44100000	44200000	0.40869
10	44200000	44300000	0.42625
10	44300000	44400000	0.48341
10	44400000	44500000	0.42969
10	44500000	44600000	0.41786
10	44600000	44700000	0.38374
10	44700000	44800000	0.40521
10	44800000	44900000	0.45844
10	44900000	45000000	0.49587
10	45000000	45100000	0.39226
10	45100000	45200000	0.39458
10	45200000	45300000	0.40682
10	45300000	45400000	0.4246
10	45400000	45500000	0.4543
10	45500000	45600000	0.39368
10	45600000	45700000	0.39641
10	45700000	45800000	0.42885
10	45800000	45900000	0.41524
10	45900000	46000000	0.38801
10	46000000	46100000	0.44366
10	46100000	46200000	0.38474
10	46200000	46300000	0.48266
10	46300000	46400000	0.48409
10	46400000	46500000	0.44188
10	46500000	46600000	0.49595
10	46600000	46700000	0.39243
10	46700000	46800000	0.39558
10	46800000	46900000	0.42609
10	46900000	47000000	0.37891
10	47000000	47100000	0.47345
10	47100000	47200000	0.44461
10	47200000	47300000	0.45954
10	47300000	47400000	0.48725
10	47400000	47500000	0.49989
10	47500000	47600000	0.42716
10	47600000	47700000	0.37404
10	47700000	47800000	0.4389682460680868
10	47800000	47900000	0.4431357991360691
10	47900000	48000000	0.45141
10	48000000	48100000	0.40196
10	48100000	48200000	0.42354
10	48200000	48300000	0.43331
10	48300000	48400000	0.38411
10	48400000	48500000	0.45211
10	48500000	48600000	0.47951
10	48600000	48700000	0.44279
10	48700000	48800000	0.44708
10	48800000	48900000	0.44247
10	48900000	49000000	0.46959
10	49000000	49100000	0.44996
10	49100000	49200000	0.45384
10	49200000	49300000	0.4451
10	49300000	49400000	0.47904
10	49400000	49500000	0.42209
10	49500000	49600000	0.42175
10	49600000	49700000	0.47776
10	49700000	49800000	0.46242
10	49800000	49900000	0.37733
10	49900000	50000000	0.4019
10	50000000	50100000	0.44118
10	50100000	50200000	0.41105
10	50200000	50300000	0.39113
10	50300000	50400000	0.38619
10	50400000	50500000	0.38215
10	50500000	50600000	0.39785
10	50600000	50700000	0.4524
10	50700000	50800000	0.38448
10	50800000	50900000	0.36322
10	50900000	51000000	0.37839
10	51000000	51100000	0.37228
10	51100000	51200000	0.35355
10	51200000	51300000	0.36881
10	51300000	51400000	0.37486
10	51400000	51500000	0.36223
10	51500000	51600000	0.35678
10	51600000	51700000	0.36871
10	51700000	51800000	0.37078
10	51800000	51900000	0.36196
10	51900000	52000000	0.35966
10	52000000	52100000	0.37176
10	52100000	52200000	0.35751
10	52200000	52300000	0.36071
10	52300000	52400000	0.37988
10	52400000	52500000	0.37403
10	52500000	52600000	0.35842
10	52600000	52700000	0.36334
10	52700000	52800000	0.40101
10	52800000	52900000	0.38053
10	52900000	53000000	0.37941
10	53000000	53100000	0.36001
10	53100000	53200000	0.35633712674253487
10	53200000	53300000	0.35457
10	53300000	53400000	0.35787
10	53400000	53500000	0.3576
10	53500000	53600000	0.35661
10	53600000	53700000	0.35285
10	53700000	53800000	0.35819
10	53800000	53900000	0.33691
10	53900000	54000000	0.36224
10	54000000	54100000	0.35942
10	54100000	54200000	0.36183
10	54200000	54300000	0.3543
10	54300000	54400000	0.34288
10	54400000	54500000	0.34048
10	54500000	54600000	0.34598
10	54600000	54700000	0.34041
10	54700000	54800000	0.3419
10	54800000	54900000	0.34011
10	54900000	55000000	0.35756
10	55000000	55100000	0.34337
10	55100000	55200000	0.34508
10	55200000	55300000	0.35008
10	55300000	55400000	0.34268
10	55400000	55500000	0.33561
10	55500000	55600000	0.32899
10	55600000	55700000	0.35513
10	55700000	55800000	0.33287
10	55800000	55900000	0.34997
10	55900000	56000000	0.35285
10	56000000	56100000	0.34454
10	56100000	56200000	0.34962
10	56200000	56300000	0.33333
10	56300000	56400000	0.34708
10	56400000	56500000	0.35197
10	56500000	56600000	0.36168
10	56600000	56700000	0.35468
10	56700000	56800000	0.34158
10	56800000	56900000	0.34352
10	56900000	57000000	0.3617
10	57000000	57100000	0.35493
10	57100000	57200000	0.35175
10	57200000	57300000	0.34211
10	57300000	57400000	0.35671
10	57400000	57500000	0.3427
10	57500000	57600000	0.35791
10	57600000	57700000	0.34953
10	57700000	57800000	0.36375
10	57800000	57900000	0.37287
10	57900000	58000000	0.35759
10	58000000	58100000	0.38988
10	58100000	58200000	0.37946
10	58200000	58300000	0.3899638996389964
10	58300000	58400000	0.37351
10	58400000	58500000	0.38845
10	58500000	58600000	0.3765
10	58600000	58700000	0.38612
10	58700000	58800000	0.37748
10	58800000	58900000	0.39435
10	58900000	59000000	0.39841
10	59000000	59100000	0.39083
10	59100000	59200000	0.35501
10	59200000	59300000	0.37661
10	59300000	59400000	0.38874
10	59400000	59500000	0.36985
10	59500000	59600000	0.39465
10	59600000	59700000	0.39933
10	59700000	59800000	0.41411414114141143
10	59800000	59900000	0.40624
10	59900000	60000000	0.39458
10	60000000	60100000	0.39022
10	60100000	60200000	0.38316
10	60200000	60300000	0.37741
10	60300000	60400000	0.38691
10	60400000	60500000	0.37504
10	60500000	60600000	0.36874
10	60600000	60700000	0.37515
10	60700000	60800000	0.37667
10	60800000	60900000	0.40277
10	60900000	61000000	0.38373
10	61000000	61100000	0.39093
10	61100000	61200000	0.38239
10	61200000	61300000	0.37155
10	61300000	61400000	0.36268
10	61400000	61500000	0.36879
10	61500000	61600000	0.36444
10	61600000	61700000	0.35942
10	61700000	61800000	0.36923
10	61800000	61900000	0.40572
10	61900000	62000000	0.40068
10	62000000	62100000	0.40684
10	62100000	62200000	0.39189
10	62200000	62300000	0.35707
10	62300000	62400000	0.38596
10	62400000	62500000	0.39363
10	62500000	62600000	0.3913217396521896
10	62600000	62700000	0.42491
10	62700000	62800000	0.40568
10	62800000	62900000	0.42874
10	62900000	63000000	0.40986
10	63000000	63100000	0.40118
10	63100000	63200000	0.41646
10	63200000	63300000	0.3792
10	63300000	63400000	0.38605
10	63400000	63500000	0.37568
10	63500000	63600000	0.38805
10	63600000	63700000	0.40173
10	63700000	63800000	0.40339
10	63800000	63900000	0.40124
10	63900000	64000000	0.41197
10	64000000	64100000	0.40102
10	64100000	64200000	0.38568
10	64200000	64300000	0.36824
10	64300000	64400000	0.36523
10	64400000	64500000	0.36332
10	64500000	64600000	0.36567
10	64600000	64700000	0.34712
10	64700000	64800000	0.36041
10	64800000	64900000	0.35541
10	64900000	65000000	0.34374
10	65000000	65100000	0.34969
10	65100000	65200000	0.34411
10	65200000	65300000	0.35651
10	65300000	65400000	0.34643
10	65400000	65500000	0.35538
10	65500000	65600000	0.36355
10	65600000	65700000	0.33902
10	65700000	65800000	0.3508
10	65800000	65900000	0.3598
10	65900000	66000000	0.36305
10	66000000	66100000	0.35295
10	66100000	66200000	0.35614
10	66200000	66300000	0.35671
10	66300000	66400000	0.35982
10	66400000	66500000	0.35772
10	66500000	66600000	0.35432
10	66600000	66700000	0.36409
10	66700000	66800000	0.36125
10	66800000	66900000	0.36276
10	66900000	67000000	0.36444
10	67000000	67100000	0.35328
10	67100000	67200000	0.3495
10	67200000	67300000	0.36837
10	67300000	67400000	0.37048
10	67400000	67500000	0.36849
10	67500000	67600000	0.37225
10	67600000	67700000	0.38387
10	67700000	67800000	0.3987
10	67800000	67900000	0.42608
10	67900000	68000000	0.38495
10	68000000	68100000	0.38303
10	68100000	68200000	0.39815
10	68200000	68300000	0.43328
10	68300000	68400000	0.40977
10	68400000	68500000	0.42621
10	68500000	68600000	0.45614
10	68600000	68700000	0.40782
10	68700000	68800000	0.42568
10	68800000	68900000	0.45369
10	68900000	69000000	0.41485
10	69000000	69100000	0.44845
10	69100000	69200000	0.4104
10	69200000	69300000	0.46127
10	69300000	69400000	0.48245
10	69400000	69500000	0.50367
10	69500000	69600000	0.46344
10	69600000	69700000	0.48215
10	69700000	69800000	0.48264
10	69800000	69900000	0.5207
10	69900000	70000000	0.47885
10	70000000	70100000	0.41953
10	70100000	70200000	0.46418
10	70200000	70300000	0.45017
10	70300000	70400000	0.48856
10	70400000	70500000	0.49116
10	70500000	70600000	0.51379
10	70600000	70700000	0.47651
10	70700000	70800000	0.50697
10	70800000	70900000	0.42847
10	70900000	71000000	0.51878
10	71000000	71100000	0.50068
10	71100000	71200000	0.45673
10	71200000	71300000	0.53228
10	71300000	71400000	0.50926
10	71400000	71500000	0.49504
10	71500000	71600000	0.51658
10	71600000	71700000	0.5303
10	71700000	71800000	0.54444
10	71800000	71900000	0.49758
10	71900000	72000000	0.47779
10	72000000	72100000	0.51315
10	72100000	72200000	0.40641
10	72200000	72300000	0.47906
10	72300000	72400000	0.49416
10	72400000	72500000	0.40542
10	72500000	72600000	0.38172
10	72600000	72700000	0.42358
10	72700000	72800000	0.38973
10	72800000	72900000	0.3846
10	72900000	73000000	0.40836
10	73000000	73100000	0.38797
10	73100000	73200000	0.40012
10	73200000	73300000	0.40388
10	73300000	73400000	0.40281
10	73400000	73500000	0.40459
10	73500000	73600000	0.41535
10	73600000	73700000	0.46068
10	73700000	73800000	0.46514
10	73800000	73900000	0.51134
10	73900000	74000000	0.46496
10	74000000	74100000	0.40326
10	74100000	74200000	0.41921
10	74200000	74300000	0.37884
10	74300000	74400000	0.36066
10	74400000	74500000	0.36272
10	74500000	74600000	0.36477
10	74600000	74700000	0.3844
10	74700000	74800000	0.42827
10	74800000	74900000	0.43017
10	74900000	75000000	0.39314
10	75000000	75100000	0.46333
10	75100000	75200000	0.43863
10	75200000	75300000	0.4805
10	75300000	75400000	0.45337
10	75400000	75500000	0.46251
10	75500000	75600000	0.41246
10	75600000	75700000	0.40831
10	75700000	75800000	0.41423
10	75800000	75900000	0.4151
10	75900000	76000000	0.42883
10	76000000	76100000	0.43373
10	76100000	76200000	0.41673
10	76200000	76300000	0.40287
10	76300000	76400000	0.38999
10	76400000	76500000	0.3859
10	76500000	76600000	0.37599
10	76600000	76700000	0.38685
10	76700000	76800000	0.37607
10	76800000	76900000	0.39812
10	76900000	77000000	0.42133
10	77000000	77100000	0.41923
10	77100000	77200000	0.41953
10	77200000	77300000	0.42805
10	77300000	77400000	0.44527
10	77400000	77500000	0.47417
10	77500000	77600000	0.46279
10	77600000	77700000	0.45953
10	77700000	77800000	0.44731
10	77800000	77900000	0.50275
10	77900000	78000000	0.47033
10	78000000	78100000	0.46341
10	78100000	78200000	0.45464
10	78200000	78300000	0.48493
10	78300000	78400000	0.47378
10	78400000	78500000	0.4638
10	78500000	78600000	0.46326
10	78600000	78700000	0.45241
10	78700000	78800000	0.47409
10	78800000	78900000	0.4637
10	78900000	79000000	0.5172
10	79000000	79100000	0.52535
10	79100000	79200000	0.55194
10	79200000	79300000	0.55103
10	79300000	79400000	0.51223
10	79400000	79500000	0.49593
10	79500000	79600000	0.44102
10	79600000	79700000	0.38879
10	79700000	79800000	0.41166
10	79800000	79900000	0.40808
10	79900000	80000000	0.43319
10	80000000	80100000	0.42217
10	80100000	80200000	0.47705
10	80200000	80300000	0.46539
10	80300000	80400000	0.4171
10	80400000	80500000	0.47543
10	80500000	80600000	0.47602
10	80600000	80700000	0.44917
10	80700000	80800000	0.40706
10	80800000	80900000	0.39833
10	80900000	81000000	0.37576
10	81000000	81100000	0.37153
10	81100000	81200000	0.35225
10	81200000	81300000	0.35597
10	81300000	81400000	0.34214
10	81400000	81500000	0.35248
10	81500000	81600000	0.36557
10	81600000	81700000	0.3671
10	81700000	81800000	0.36886
10	81800000	81900000	0.38855
10	81900000	82000000	0.37669
10	82000000	82100000	0.37437
10	82100000	82200000	0.36718
10	82200000	82300000	0.37852
10	82300000	82400000	0.37788
10	82400000	82500000	0.37779
10	82500000	82600000	0.36356
10	82600000	82700000	0.37598
10	82700000	82800000	0.37182
10	82800000	82900000	0.37725
10	82900000	83000000	0.37446
10	83000000	83100000	0.3731
10	83100000	83200000	0.37032
10	83200000	83300000	0.36811
10	83300000	83400000	0.36398
10	83400000	83500000	0.35579
10	83500000	83600000	0.37304
10	83600000	83700000	0.3748
10	83700000	83800000	0.37481
10	83800000	83900000	0.39324
10	83900000	84000000	0.43395
10	84000000	84100000	0.41277
10	84100000	84200000	0.43996
10	84200000	84300000	0.46149
10	84300000	84400000	0.3993
10	84400000	84500000	0.37011
10	84500000	84600000	0.42444
10	84600000	84700000	0.42232
10	84700000	84800000	0.39679
10	84800000	84900000	0.3925
10	84900000	85000000	0.40083
10	85000000	85100000	0.3655
10	85100000	85200000	0.40205
10	85200000	85300000	0.39605
10	85300000	85400000	0.36328
10	85400000	85500000	0.39699
10	85500000	85600000	0.3863
10	85600000	85700000	0.43266
10	85700000	85800000	0.40878
10	85800000	85900000	0.38955
10	85900000	86000000	0.42894
10	86000000	86100000	0.45234
10	86100000	86200000	0.49288
10	86200000	86300000	0.50217
10	86300000	86400000	0.50722
10	86400000	86500000	0.40677
10	86500000	86600000	0.45956
10	86600000	86700000	0.49929
10	86700000	86800000	0.44413
10	86800000	86900000	0.39958
10	86900000	87000000	0.45985
10	87000000	87100000	0.43998
10	87100000	87200000	0.39916
10	87200000	87300000	0.42804
10	87300000	87400000	0.42545
10	87400000	87500000	0.37925
10	87500000	87600000	0.38781
10	87600000	87700000	0.40917
10	87700000	87800000	0.3797
10	87800000	87900000	0.37515
10	87900000	88000000	0.36306
10	88000000	88100000	0.40981
10	88100000	88200000	0.39804
10	88200000	88300000	0.39784
10	88300000	88400000	0.37264
10	88400000	88500000	0.36963
10	88500000	88600000	0.35374
10	88600000	88700000	0.36535
10	88700000	88800000	0.36693
10	88800000	88900000	0.38479
10	88900000	89000000	0.39312
10	89000000	89100000	0.3812
10	89100000	89200000	0.36884
10	89200000	89300000	0.41477
10	89300000	89400000	0.41319
10	89400000	89500000	0.39874
10	89500000	89600000	0.40013
10	89600000	89700000	0.40157
10	89700000	89800000	0.35976
10	89800000	89900000	0.39511
10	89900000	90000000	0.38865
10	90000000	90100000	0.37373
10	90100000	90200000	0.38726
10	90200000	90300000	0.36758
10	90300000	90400000	0.37799
10	90400000	90500000	0.3655
10	90500000	90600000	0.37118
10	90600000	90700000	0.3779
10	90700000	90800000	0.38472
10	90800000	90900000	0.40753
10	90900000	91000000	0.4062
10	91000000	91100000	0.41131
10	91100000	91200000	0.41067
10	91200000	91300000	0.38192
10	91300000	91400000	0.4053
10	91400000	91500000	0.36587
10	91500000	91600000	0.42305
10	91600000	91700000	0.41122
10	91700000	91800000	0.38714
10	91800000	91900000	0.38673
10	91900000	92000000	0.38045
10	92000000	92100000	0.40092
10	92100000	92200000	0.39946
10	92200000	92300000	0.42096
10	92300000	92400000	0.42434
10	92400000	92500000	0.43188
10	92500000	92600000	0.41493
10	92600000	92700000	0.41586
10	92700000	92800000	0.42675
10	92800000	92900000	0.39561
10	92900000	93000000	0.36383
10	93000000	93100000	0.43071
10	93100000	93200000	0.42374
10	93200000	93300000	0.44136
10	93300000	93400000	0.43733
10	93400000	93500000	0.44843
10	93500000	93600000	0.44115
10	93600000	93700000	0.39082
10	93700000	93800000	0.41131
10	93800000	93900000	0.42049
10	93900000	94000000	0.41034
10	94000000	94100000	0.40274
10	94100000	94200000	0.41392
10	94200000	94300000	0.41208
10	94300000	94400000	0.40486
10	94400000	94500000	0.38739
10	94500000	94600000	0.39117
10	94600000	94700000	0.40027
10	94700000	94800000	0.38657
10	94800000	94900000	0.38437
10	94900000	95000000	0.37595
10	95000000	95100000	0.37527
10	95100000	95200000	0.39172
10	95200000	95300000	0.43162
10	95300000	95400000	0.43616
10	95400000	95500000	0.44206
10	95500000	95600000	0.4517
10	95600000	95700000	0.42086
10	95700000	95800000	0.40136
10	95800000	95900000	0.40939
10	95900000	96000000	0.38265
10	96000000	96100000	0.39122
10	96100000	96200000	0.37416
10	96200000	96300000	0.42752
10	96300000	96400000	0.44812
10	96400000	96500000	0.45052
10	96500000	96600000	0.39618
10	96600000	96700000	0.44379
10	96700000	96800000	0.44157
10	96800000	96900000	0.41041
10	96900000	97000000	0.39083
10	97000000	97100000	0.51033
10	97100000	97200000	0.49621
10	97200000	97300000	0.43968
10	97300000	97400000	0.50109
10	97400000	97500000	0.47172
10	97500000	97600000	0.49827
10	97600000	97700000	0.46162
10	97700000	97800000	0.49887
10	97800000	97900000	0.49603
10	97900000	98000000	0.47552
10	98000000	98100000	0.46575
10	98100000	98200000	0.39715
10	98200000	98300000	0.43703
10	98300000	98400000	0.47453
10	98400000	98500000	0.45415
10	98500000	98600000	0.40619
10	98600000	98700000	0.39072
10	98700000	98800000	0.36985
10	98800000	98900000	0.36718
10	98900000	99000000	0.38189
10	99000000	99100000	0.37331
10	99100000	99200000	0.38393
10	99200000	99300000	0.39505
10	99300000	99400000	0.43538
10	99400000	99500000	0.41765
10	99500000	99600000	0.45978
10	99600000	99700000	0.4138
10	99700000	99800000	0.40708
10	99800000	99900000	0.45154
10	99900000	100000000	0.43247
10	100000000	100100000	0.44525
10	100100000	100200000	0.40719
10	100200000	100300000	0.43057
10	100300000	100400000	0.45352
10	100400000	100500000	0.43325
10	100500000	100600000	0.45562
10	100600000	100700000	0.49223
10	100700000	100800000	0.50739
10	100800000	100900000	0.48939
10	100900000	101000000	0.44524
10	101000000	101100000	0.53166
10	101100000	101200000	0.48936
10	101200000	101300000	0.5155
10	101300000	101400000	0.44096
10	101400000	101500000	0.37821
10	101500000	101600000	0.4534
10	101600000	101700000	0.46073
10	101700000	101800000	0.46508
10	101800000	101900000	0.45718
10	101900000	102000000	0.4131
10	102000000	102100000	0.46042
10	102100000	102200000	0.4915
10	102200000	102300000	0.44414
10	102300000	102400000	0.46405
10	102400000	102500000	0.52944
10	102500000	102600000	0.46609
10	102600000	102700000	0.50941
10	102700000	102800000	0.4647
10	102800000	102900000	0.45757
10	102900000	103000000	0.42214
10	103000000	103100000	0.43026
10	103100000	103200000	0.4036
10	103200000	103300000	0.45297
10	103300000	103400000	0.44096
10	103400000	103500000	0.49638
10	103500000	103600000	0.50429
10	103600000	103700000	0.53738
10	103700000	103800000	0.51211
10	103800000	103900000	0.46968
10	103900000	104000000	0.39452
10	104000000	104100000	0.43217
10	104100000	104200000	0.38639
10	104200000	104300000	0.41778
10	104300000	104400000	0.44436
10	104400000	104500000	0.41249
10	104500000	104600000	0.44157
10	104600000	104700000	0.4269
10	104700000	104800000	0.42358
10	104800000	104900000	0.41254
10	104900000	105000000	0.40679
10	105000000	105100000	0.40229
10	105100000	105200000	0.4002
10	105200000	105300000	0.39371
10	105300000	105400000	0.38596
10	105400000	105500000	0.37268
10	105500000	105600000	0.37645
10	105600000	105700000	0.37811
10	105700000	105800000	0.39652
10	105800000	105900000	0.37326
10	105900000	106000000	0.37868
10	106000000	106100000	0.35895
10	106100000	106200000	0.36411
10	106200000	106300000	0.3745
10	106300000	106400000	0.37265
10	106400000	106500000	0.36769
10	106500000	106600000	0.38865
10	106600000	106700000	0.40252
10	106700000	106800000	0.40197
10	106800000	106900000	0.40155
10	106900000	107000000	0.41008
10	107000000	107100000	0.38986
10	107100000	107200000	0.38954
10	107200000	107300000	0.37836
10	107300000	107400000	0.36681
10	107400000	107500000	0.3781
10	107500000	107600000	0.3765
10	107600000	107700000	0.37045
10	107700000	107800000	0.35402
10	107800000	107900000	0.37145
10	107900000	108000000	0.376
10	108000000	108100000	0.3729
10	108100000	108200000	0.36681
10	108200000	108300000	0.37
10	108300000	108400000	0.366
10	108400000	108500000	0.38044
10	108500000	108600000	0.37439
10	108600000	108700000	0.36661
10	108700000	108800000	0.38235
10	108800000	108900000	0.36828
10	108900000	109000000	0.3706
10	109000000	109100000	0.38535
10	109100000	109200000	0.38791
10	109200000	109300000	0.38877
10	109300000	109400000	0.39112
10	109400000	109500000	0.38059
10	109500000	109600000	0.40008
10	109600000	109700000	0.3953
10	109700000	109800000	0.39995
10	109800000	109900000	0.43013
10	109900000	110000000	0.42189
10	110000000	110100000	0.3882
10	110100000	110200000	0.41961
10	110200000	110300000	0.40055
10	110300000	110400000	0.45605
10	110400000	110500000	0.48106
10	110500000	110600000	0.41843
10	110600000	110700000	0.41816
10	110700000	110800000	0.44103
10	110800000	110900000	0.43162
10	110900000	111000000	0.3603
10	111000000	111100000	0.40353
10	111100000	111200000	0.42302
10	111200000	111300000	0.41321
10	111300000	111400000	0.39598
10	111400000	111500000	0.40236
10	111500000	111600000	0.40227
10	111600000	111700000	0.38397
10	111700000	111800000	0.38548
10	111800000	111900000	0.40036
10	111900000	112000000	0.4082
10	112000000	112100000	0.41325
10	112100000	112200000	0.42212
10	112200000	112300000	0.43023
10	112300000	112400000	0.45144
10	112400000	112500000	0.39131
10	112500000	112600000	0.36624
10	112600000	112700000	0.38688
10	112700000	112800000	0.41148
10	112800000	112900000	0.46276
10	112900000	113000000	0.44869
10	113000000	113100000	0.45085
10	113100000	113200000	0.43639
10	113200000	113300000	0.43317
10	113300000	113400000	0.43405
10	113400000	113500000	0.43844
10	113500000	113600000	0.45828
10	113600000	113700000	0.43006
10	113700000	113800000	0.42043
10	113800000	113900000	0.37543
10	113900000	114000000	0.41926
10	114000000	114100000	0.42883
10	114100000	114200000	0.39366
10	114200000	114300000	0.44485
10	114300000	114400000	0.4816748167481675
10	114400000	114500000	0.43141
10	114500000	114600000	0.42695
10	114600000	114700000	0.42698
10	114700000	114800000	0.4091
10	114800000	114900000	0.40226
10	114900000	115000000	0.38683
10	115000000	115100000	0.41454
10	115100000	115200000	0.35003
10	115200000	115300000	0.35032
10	115300000	115400000	0.35142
10	115400000	115500000	0.33304
10	115500000	115600000	0.35193
10	115600000	115700000	0.34749
10	115700000	115800000	0.35465
10	115800000	115900000	0.3784
10	115900000	116000000	0.40735
10	116000000	116100000	0.43458
10	116100000	116200000	0.43984
10	116200000	116300000	0.43082
10	116300000	116400000	0.36198
10	116400000	116500000	0.3903
10	116500000	116600000	0.39949
10	116600000	116700000	0.46291
10	116700000	116800000	0.48783
10	116800000	116900000	0.43288
10	116900000	117000000	0.3822
10	117000000	117100000	0.39176
10	117100000	117200000	0.46421
10	117200000	117300000	0.45034
10	117300000	117400000	0.39386
10	117400000	117500000	0.46772
10	117500000	117600000	0.47977
10	117600000	117700000	0.45122
10	117700000	117800000	0.44191
10	117800000	117900000	0.42548
10	117900000	118000000	0.40336
10	118000000	118100000	0.37039
10	118100000	118200000	0.3836
10	118200000	118300000	0.41218
10	118300000	118400000	0.3827
10	118400000	118500000	0.40531
10	118500000	118600000	0.42638
10	118600000	118700000	0.43765
10	118700000	118800000	0.4205
10	118800000	118900000	0.45767
10	118900000	119000000	0.4589
10	119000000	119100000	0.4466
10	119100000	119200000	0.47068
10	119200000	119300000	0.47883
10	119300000	119400000	0.51281
10	119400000	119500000	0.51474
10	119500000	119600000	0.45277
10	119600000	119700000	0.46935
10	119700000	119800000	0.42844
10	119800000	119900000	0.41278
10	119900000	120000000	0.40652
10	120000000	120100000	0.42327
10	120100000	120200000	0.4062
10	120200000	120300000	0.40899
10	120300000	120400000	0.41056
10	120400000	120500000	0.43229
10	120500000	120600000	0.42074
10	120600000	120700000	0.40702
10	120700000	120800000	0.41234
10	120800000	120900000	0.39542
10	120900000	121000000	0.45763
10	121000000	121100000	0.41702
10	121100000	121200000	0.41749
10	121200000	121300000	0.42484
10	121300000	121400000	0.41989
10	121400000	121500000	0.454
10	121500000	121600000	0.45441
10	121600000	121700000	0.47166
10	121700000	121800000	0.40195
10	121800000	121900000	0.38645
10	121900000	122000000	0.44037
10	122000000	122100000	0.46936
10	122100000	122200000	0.49269
10	122200000	122300000	0.48553
10	122300000	122400000	0.43184
10	122400000	122500000	0.42826
10	122500000	122600000	0.48713
10	122600000	122700000	0.47169
10	122700000	122800000	0.42695
10	122800000	122900000	0.41088
10	122900000	123000000	0.39563
10	123000000	123100000	0.42643
10	123100000	123200000	0.45749
10	123200000	123300000	0.4335
10	123300000	123400000	0.44695
10	123400000	123500000	0.46474
10	123500000	123600000	0.46244
10	123600000	123700000	0.46843
10	123700000	123800000	0.46048
10	123800000	123900000	0.44197
10	123900000	124000000	0.46501
10	124000000	124100000	0.50538
10	124100000	124200000	0.4917851912776585
10	124200000	124300000	0.4939
10	124300000	124400000	0.49318
10	124400000	124500000	0.48011
10	124500000	124600000	0.53102
10	124600000	124700000	0.55087
10	124700000	124800000	0.45893
10	124800000	124900000	0.45314
10	124900000	125000000	0.42645
10	125000000	125100000	0.5057
10	125100000	125200000	0.48364
10	125200000	125300000	0.45308
10	125300000	125400000	0.39837
10	125400000	125500000	0.41918
10	125500000	125600000	0.43392
10	125600000	125700000	0.42977
10	125700000	125800000	0.43395
10	125800000	125900000	0.42337
10	125900000	126000000	0.4144
10	126000000	126100000	0.43297
10	126100000	126200000	0.43687
10	126200000	126300000	0.4371
10	126300000	126400000	0.41732
10	126400000	126500000	0.4224
10	126500000	126600000	0.43121
10	126600000	126700000	0.44097
10	126700000	126800000	0.42354
10	126800000	126900000	0.42965
10	126900000	127000000	0.47045
10	127000000	127100000	0.44893
10	127100000	127200000	0.44463
10	127200000	127300000	0.42265
10	127300000	127400000	0.45828
10	127400000	127500000	0.46599
10	127500000	127600000	0.41614
10	127600000	127700000	0.38916
10	127700000	127800000	0.41725
10	127800000	127900000	0.45099
10	127900000	128000000	0.4636
10	128000000	128100000	0.49079
10	128100000	128200000	0.43506
10	128200000	128300000	0.45915
10	128300000	128400000	0.43609
10	128400000	128500000	0.47446
10	128500000	128600000	0.4462
10	128600000	128700000	0.41852
10	128700000	128800000	0.441
10	128800000	128900000	0.43915
10	128900000	129000000	0.46387
10	129000000	129100000	0.43567
10	129100000	129200000	0.42934
10	129200000	129300000	0.40786
10	129300000	129400000	0.42973
10	129400000	129500000	0.44674
10	129500000	129600000	0.46723
10	129600000	129700000	0.4372
10	129700000	129800000	0.47997
10	129800000	129900000	0.47432
10	129900000	130000000	0.48447
10	130000000	130100000	0.46756
10	130100000	130200000	0.46106
10	130200000	130300000	0.46494
10	130300000	130400000	0.47415
10	130400000	130500000	0.47013
10	130500000	130600000	0.445
10	130600000	130700000	0.44133
10	130700000	130800000	0.50315
10	130800000	130900000	0.46156
10	130900000	131000000	0.46106
10	131000000	131100000	0.49186
10	131100000	131200000	0.496
10	131200000	131300000	0.4897
10	131300000	131400000	0.45862
10	131400000	131500000	0.47951
10	131500000	131600000	0.46306306306306305
10	131600000	131700000	0.4897
10	131700000	131800000	0.49364
10	131800000	131900000	0.51751
10	131900000	132000000	0.48578
10	132000000	132100000	0.48735
10	132100000	132200000	0.56478
10	132200000	132300000	0.57242
10	132300000	132400000	0.53061
10	132400000	132500000	0.58141
10	132500000	132600000	0.52773
10	132600000	132700000	0.52204
10	132700000	132800000	0.58945
10	132800000	132900000	0.54614
10	132900000	133000000	0.55949
10	133000000	133100000	0.5918
10	133100000	133200000	0.57206
10	133200000	133300000	0.60924
10	133300000	133400000	0.55749
10	133400000	133500000	0.49353
10	133500000	133600000	0.44449
10	133600000	133700000	0.5087878318926448
10	133700000	133797422	0.5585654655422098
11	0	100000	0.3706
11	100000	200000	0.44974
11	200000	300000	0.5175
11	300000	400000	0.56173
11	400000	500000	0.59256
11	500000	600000	0.58776
11	600000	700000	0.55702
11	700000	800000	0.57988
11	800000	900000	0.6222
11	900000	1000000	0.53532
11	1000000	1100000	0.59544
11	1100000	1200000	0.57839
11	1200000	1300000	0.5975
11	1300000	1400000	0.53307
11	1400000	1500000	0.60401
11	1500000	1600000	0.56219
11	1600000	1700000	0.51927
11	1700000	1800000	0.51965
11	1800000	1900000	0.57665
11	1900000	2000000	0.59689
11	2000000	2100000	0.52056
11	2100000	2200000	0.59285
11	2200000	2300000	0.50213
11	2300000	2400000	0.55183
11	2400000	2500000	0.54426
11	2500000	2600000	0.5433
11	2600000	2700000	0.43393
11	2700000	2800000	0.54595
11	2800000	2900000	0.57862
11	2900000	3000000	0.51814
11	3000000	3100000	0.5164
11	3100000	3200000	0.55447
11	3200000	3300000	0.48736
11	3300000	3400000	0.44493
11	3400000	3500000	0.47792
11	3500000	3600000	0.45434
11	3600000	3700000	0.47989
11	3700000	3800000	0.41464
11	3800000	3900000	0.47108
11	3900000	4000000	0.42082
11	4000000	4100000	0.4232
11	4100000	4200000	0.42761
11	4200000	4300000	0.40587
11	4300000	4400000	0.39776
11	4400000	4500000	0.40917
11	4500000	4600000	0.41148
11	4600000	4700000	0.4096
11	4700000	4800000	0.3747
11	4800000	4900000	0.37734
11	4900000	5000000	0.3649
11	5000000	5100000	0.35576
11	5100000	5200000	0.36713
11	5200000	5300000	0.38764
11	5300000	5400000	0.3827
11	5400000	5500000	0.39318
11	5500000	5600000	0.40708
11	5600000	5700000	0.41473
11	5700000	5800000	0.3541
11	5800000	5900000	0.36465
11	5900000	6000000	0.40293
11	6000000	6100000	0.40183
11	6100000	6200000	0.38963
11	6200000	6300000	0.44275
11	6300000	6400000	0.44524
11	6400000	6500000	0.48271
11	6500000	6600000	0.43524
11	6600000	6700000	0.47194
11	6700000	6800000	0.38832
11	6800000	6900000	0.3797
11	6900000	7000000	0.36973
11	7000000	7100000	0.3778
11	7100000	7200000	0.36737
11	7200000	7300000	0.38715
11	7300000	7400000	0.3855
11	7400000	7500000	0.42953
11	7500000	7600000	0.45437
11	7600000	7700000	0.44916
11	7700000	7800000	0.3804
11	7800000	7900000	0.37988
11	7900000	8000000	0.40779
11	8000000	8100000	0.48747
11	8100000	8200000	0.41501
11	8200000	8300000	0.50585
11	8300000	8400000	0.49402
11	8400000	8500000	0.37251
11	8500000	8600000	0.37941
11	8600000	8700000	0.45652
11	8700000	8800000	0.47342
11	8800000	8900000	0.42883
11	8900000	9000000	0.44399
11	9000000	9100000	0.45492
11	9100000	9200000	0.4204
11	9200000	9300000	0.43576
11	9300000	9400000	0.44939
11	9400000	9500000	0.41692
11	9500000	9600000	0.42754
11	9600000	9700000	0.42907
11	9700000	9800000	0.42878
11	9800000	9900000	0.38869
11	9900000	10000000	0.38425
11	10000000	10100000	0.36629
11	10100000	10200000	0.37478
11	10200000	10300000	0.39425
11	10300000	10400000	0.43476
11	10400000	10500000	0.45701
11	10500000	10600000	0.40786
11	10600000	10700000	0.46198
11	10700000	10800000	0.43119
11	10800000	10900000	0.40651
11	10900000	11000000	0.425
11	11000000	11100000	0.42828
11	11100000	11200000	0.40673
11	11200000	11300000	0.45817
11	11300000	11400000	0.45188
11	11400000	11500000	0.4789
11	11500000	11600000	0.46334
11	11600000	11700000	0.42376
11	11700000	11800000	0.41955
11	11800000	11900000	0.37619
11	11900000	12000000	0.4017
11	12000000	12100000	0.4524
11	12100000	12200000	0.4689
11	12200000	12300000	0.48319
11	12300000	12400000	0.41474
11	12400000	12500000	0.42589
11	12500000	12600000	0.42641
11	12600000	12700000	0.40727
11	12700000	12800000	0.42506
11	12800000	12900000	0.43696
11	12900000	13000000	0.41028
11	13000000	13100000	0.41988
11	13100000	13200000	0.41085
11	13200000	13300000	0.42772
11	13300000	13400000	0.44342
11	13400000	13500000	0.37075
11	13500000	13600000	0.39783
11	13600000	13700000	0.39303
11	13700000	13800000	0.38619
11	13800000	13900000	0.41555
11	13900000	14000000	0.41774
11	14000000	14100000	0.41783
11	14100000	14200000	0.40412
11	14200000	14300000	0.42434
11	14300000	14400000	0.41021
11	14400000	14500000	0.401
11	14500000	14600000	0.40475
11	14600000	14700000	0.38403
11	14700000	14800000	0.36352
11	14800000	14900000	0.3808
11	14900000	15000000	0.4076
11	15000000	15100000	0.39776
11	15100000	15200000	0.43054
11	15200000	15300000	0.42352
11	15300000	15400000	0.39822
11	15400000	15500000	0.39845
11	15500000	15600000	0.40678
11	15600000	15700000	0.42596
11	15700000	15800000	0.41637
11	15800000	15900000	0.42274
11	15900000	16000000	0.42861
11	16000000	16100000	0.3659
11	16100000	16200000	0.35957
11	16200000	16300000	0.32898
11	16300000	16400000	0.34588
11	16400000	16500000	0.35939
11	16500000	16600000	0.36012
11	16600000	16700000	0.39697
11	16700000	16800000	0.41925
11	16800000	16900000	0.45608
11	16900000	17000000	0.45922
11	17000000	17100000	0.44338
11	17100000	17200000	0.39118
11	17200000	17300000	0.43144
11	17300000	17400000	0.4371
11	17400000	17500000	0.49411
11	17500000	17600000	0.50216
11	17600000	17700000	0.45412
11	17700000	17800000	0.51646
11	17800000	17900000	0.43009
11	17900000	18000000	0.4173
11	18000000	18100000	0.39713
11	18100000	18200000	0.41148
11	18200000	18300000	0.43183
11	18300000	18400000	0.42774
11	18400000	18500000	0.41181
11	18500000	18600000	0.41141
11	18600000	18700000	0.44086
11	18700000	18800000	0.50109
11	18800000	18900000	0.40216
11	18900000	19000000	0.40188
11	19000000	19100000	0.4055
11	19100000	19200000	0.40233
11	19200000	19300000	0.42459
11	19300000	19400000	0.43696
11	19400000	19500000	0.43953
11	19500000	19600000	0.45323
11	19600000	19700000	0.45139
11	19700000	19800000	0.45203
11	19800000	19900000	0.43814
11	19900000	20000000	0.43777
11	20000000	20100000	0.44159
11	20100000	20200000	0.44245
11	20200000	20300000	0.38894
11	20300000	20400000	0.40546
11	20400000	20500000	0.35822
11	20500000	20600000	0.424
11	20600000	20700000	0.43548
11	20700000	20800000	0.40771
11	20800000	20900000	0.39671
11	20900000	21000000	0.38605
11	21000000	21100000	0.38277
11	21100000	21200000	0.38655
11	21200000	21300000	0.37892
11	21300000	21400000	0.36576
11	21400000	21500000	0.36056
11	21500000	21600000	0.37157
11	21600000	21700000	0.3643
11	21700000	21800000	0.36189
11	21800000	21900000	0.36603
11	21900000	22000000	0.36977
11	22000000	22100000	0.3673
11	22100000	22200000	0.37609
11	22200000	22300000	0.34902
11	22300000	22400000	0.3671
11	22400000	22500000	0.36746
11	22500000	22600000	0.36255
11	22600000	22700000	0.36546
11	22700000	22800000	0.35543
11	22800000	22900000	0.36435
11	22900000	23000000	0.37095
11	23000000	23100000	0.36221
11	23100000	23200000	0.36691
11	23200000	23300000	0.35016
11	23300000	23400000	0.36188
11	23400000	23500000	0.36932
11	23500000	23600000	0.34546
11	23600000	23700000	0.35086
11	23700000	23800000	0.35938
11	23800000	23900000	0.35909
11	23900000	24000000	0.36811
11	24000000	24100000	0.35343
11	24100000	24200000	0.3494
11	24200000	24300000	0.35189
11	24300000	24400000	0.36045
11	24400000	24500000	0.35541
11	24500000	24600000	0.33796
11	24600000	24700000	0.34803
11	24700000	24800000	0.35627
11	24800000	24900000	0.35948
11	24900000	25000000	0.34987
11	25000000	25100000	0.35467
11	25100000	25200000	0.34653
11	25200000	25300000	0.34194
11	25300000	25400000	0.35498
11	25400000	25500000	0.34938
11	25500000	25600000	0.34512
11	25600000	25700000	0.3537
11	25700000	25800000	0.36377
11	25800000	25900000	0.36017
11	25900000	26000000	0.35516
11	26000000	26100000	0.35364
11	26100000	26200000	0.36011
11	26200000	26300000	0.36431
11	26300000	26400000	0.36587
11	26400000	26500000	0.36671
11	26500000	26600000	0.35848
11	26600000	26700000	0.36409
11	26700000	26800000	0.36588
11	26800000	26900000	0.36833
11	26900000	27000000	0.38075
11	27000000	27100000	0.38311
11	27100000	27200000	0.38408
11	27200000	27300000	0.41248
11	27300000	27400000	0.37919
11	27400000	27500000	0.40051
11	27500000	27600000	0.38715
11	27600000	27700000	0.4044
11	27700000	27800000	0.40936
11	27800000	27900000	0.40359
11	27900000	28000000	0.39542
11	28000000	28100000	0.33876
11	28100000	28200000	0.34881
11	28200000	28300000	0.35723
11	28300000	28400000	0.36345
11	28400000	28500000	0.38845
11	28500000	28600000	0.38767
11	28600000	28700000	0.38811
11	28700000	28800000	0.36882
11	28800000	28900000	0.36463
11	28900000	29000000	0.35244
11	29000000	29100000	0.35617
11	29100000	29200000	0.35777
11	29200000	29300000	0.36025
11	29300000	29400000	0.36675
11	29400000	29500000	0.35919
11	29500000	29600000	0.36396
11	29600000	29700000	0.36982
11	29700000	29800000	0.38156
11	29800000	29900000	0.36795
11	29900000	30000000	0.37225
11	30000000	30100000	0.38774
11	30100000	30200000	0.38914
11	30200000	30300000	0.38268
11	30300000	30400000	0.37995
11	30400000	30500000	0.40232
11	30500000	30600000	0.39116
11	30600000	30700000	0.37288
11	30700000	30800000	0.38024
11	30800000	30900000	0.38706
11	30900000	31000000	0.37083
11	31000000	31100000	0.35635
11	31100000	31200000	0.3677
11	31200000	31300000	0.35272
11	31300000	31400000	0.37064
11	31400000	31500000	0.34978
11	31500000	31600000	0.36685
11	31600000	31700000	0.34011
11	31700000	31800000	0.37983
11	31800000	31900000	0.45499
11	31900000	32000000	0.42618
11	32000000	32100000	0.43308
11	32100000	32200000	0.42492
11	32200000	32300000	0.41438
11	32300000	32400000	0.44166
11	32400000	32500000	0.45027
11	32500000	32600000	0.4129
11	32600000	32700000	0.36942
11	32700000	32800000	0.3789
11	32800000	32900000	0.40787
11	32900000	33000000	0.38347
11	33000000	33100000	0.41902
11	33100000	33200000	0.38223
11	33200000	33300000	0.41431
11	33300000	33400000	0.40155
11	33400000	33500000	0.42185
11	33500000	33600000	0.42735
11	33600000	33700000	0.44036
11	33700000	33800000	0.40683
11	33800000	33900000	0.43838
11	33900000	34000000	0.44355
11	34000000	34100000	0.41528
11	34100000	34200000	0.49168
11	34200000	34300000	0.46845
11	34300000	34400000	0.43504
11	34400000	34500000	0.41694
11	34500000	34600000	0.43135
11	34600000	34700000	0.41741
11	34700000	34800000	0.39416
11	34800000	34900000	0.40126
11	34900000	35000000	0.37189
11	35000000	35100000	0.40863
11	35100000	35200000	0.42622
11	35200000	35300000	0.40815
11	35300000	35400000	0.42702
11	35400000	35500000	0.42409
11	35500000	35600000	0.41996
11	35600000	35700000	0.41788
11	35700000	35800000	0.39934
11	35800000	35900000	0.42608
11	35900000	36000000	0.42595
11	36000000	36100000	0.43824
11	36100000	36200000	0.4445
11	36200000	36300000	0.44706
11	36300000	36400000	0.42271
11	36400000	36500000	0.43574
11	36500000	36600000	0.39168
11	36600000	36700000	0.38316
11	36700000	36800000	0.40211
11	36800000	36900000	0.39405
11	36900000	37000000	0.37951
11	37000000	37100000	0.36182
11	37100000	37200000	0.36839
11	37200000	37300000	0.36748
11	37300000	37400000	0.35964
11	37400000	37500000	0.3577
11	37500000	37600000	0.34924
11	37600000	37700000	0.34832
11	37700000	37800000	0.34009
11	37800000	37900000	0.34728
11	37900000	38000000	0.35204
11	38000000	38100000	0.34872
11	38100000	38200000	0.35679
11	38200000	38300000	0.35711
11	38300000	38400000	0.34147
11	38400000	38500000	0.35472
11	38500000	38600000	0.34896
11	38600000	38700000	0.35787
11	38700000	38800000	0.35567
11	38800000	38900000	0.3509
11	38900000	39000000	0.34824
11	39000000	39100000	0.35102
11	39100000	39200000	0.35264
11	39200000	39300000	0.36077
11	39300000	39400000	0.37828
11	39400000	39500000	0.3684
11	39500000	39600000	0.35534
11	39600000	39700000	0.36078
11	39700000	39800000	0.3746
11	39800000	39900000	0.37017
11	39900000	40000000	0.37541
11	40000000	40100000	0.36813
11	40100000	40200000	0.38155
11	40200000	40300000	0.37998
11	40300000	40400000	0.36277
11	40400000	40500000	0.36415
11	40500000	40600000	0.36817
11	40600000	40700000	0.36719
11	40700000	40800000	0.36086
11	40800000	40900000	0.3569
11	40900000	41000000	0.36496
11	41000000	41100000	0.36509
11	41100000	41200000	0.36241
11	41200000	41300000	0.36638
11	41300000	41400000	0.36916
11	41400000	41500000	0.36497
11	41500000	41600000	0.37378
11	41600000	41700000	0.37
11	41700000	41800000	0.38305
11	41800000	41900000	0.35608
11	41900000	42000000	0.36973
11	42000000	42100000	0.3629
11	42100000	42200000	0.35729
11	42200000	42300000	0.36199
11	42300000	42400000	0.3837
11	42400000	42500000	0.37568
11	42500000	42600000	0.38108
11	42600000	42700000	0.38092
11	42700000	42800000	0.37461
11	42800000	42900000	0.37888
11	42900000	43000000	0.40376
11	43000000	43100000	0.39439
11	43100000	43200000	0.40296
11	43200000	43300000	0.40961
11	43300000	43400000	0.39275
11	43400000	43500000	0.37937
11	43500000	43600000	0.45202
11	43600000	43700000	0.38392
11	43700000	43800000	0.38079
11	43800000	43900000	0.39537
11	43900000	44000000	0.46727
11	44000000	44100000	0.45705
11	44100000	44200000	0.39902
11	44200000	44300000	0.45339
11	44300000	44400000	0.49746
11	44400000	44500000	0.468
11	44500000	44600000	0.50088
11	44600000	44700000	0.48353
11	44700000	44800000	0.48933
11	44800000	44900000	0.49903
11	44900000	45000000	0.53155
11	45000000	45100000	0.47115
11	45100000	45200000	0.47014
11	45200000	45300000	0.47384
11	45300000	45400000	0.45606
11	45400000	45500000	0.47474
11	45500000	45600000	0.48661
11	45600000	45700000	0.48572
11	45700000	45800000	0.4616
11	45800000	45900000	0.49395
11	45900000	46000000	0.46817
11	46000000	46100000	0.37121
11	46100000	46200000	0.41613
11	46200000	46300000	0.48043
11	46300000	46400000	0.56013
11	46400000	46500000	0.43812
11	46500000	46600000	0.43183
11	46600000	46700000	0.46652
11	46700000	46800000	0.44829
11	46800000	46900000	0.43962
11	46900000	47000000	0.42135
11	47000000	47100000	0.39952
11	47100000	47200000	0.48464
11	47200000	47300000	0.48748
11	47300000	47400000	0.52012
11	47400000	47500000	0.49398
11	47500000	47600000	0.46722
11	47600000	47700000	0.45056
11	47700000	47800000	0.43706
11	47800000	47900000	0.43316
11	47900000	48000000	0.47042
11	48000000	48100000	0.46082
11	48100000	48200000	0.43443
11	48200000	48300000	0.38904
11	48300000	48400000	0.39026
11	48400000	48500000	0.37487
11	48500000	48600000	0.37083
11	48600000	48700000	0.37721
11	48700000	48800000	0.37199
11	48800000	48900000	0.38895
11	48900000	49000000	0.3811
11	49000000	49100000	0.38052
11	49100000	49200000	0.361
11	49200000	49300000	0.36479
11	49300000	49400000	0.35684
11	49400000	49500000	0.35271
11	49500000	49600000	0.34609
11	49600000	49700000	0.34704
11	49700000	49800000	0.37104
11	49800000	49900000	0.40017
11	49900000	50000000	0.36892
11	50000000	50100000	0.42084
11	50100000	50200000	0.39625
11	50200000	50300000	0.40658
11	50300000	50400000	0.39237
11	50400000	50500000	0.37442
11	50500000	50600000	0.36912
11	50600000	50700000	0.36926
11	50700000	50800000	0.37118
11	50800000	50900000	0.3781618887015177
11	50900000	51000000	
11	51000000	51100000	0.3792687453600594
11	51100000	51200000	0.4007007007007007
11	51200000	51300000	0.40111
11	51300000	51400000	0.40088
11	51400000	51500000	0.40122
11	51500000	51600000	0.40092
11	51600000	51700000	0.40063063063063065
11	51700000	51800000	0.40105
11	51800000	51900000	0.40097
11	51900000	52000000	0.4008308308308308
11	52000000	52100000	0.40094
11	52100000	52200000	0.40085085085085087
11	52200000	52300000	0.40132
11	52300000	52400000	0.4016316316316316
11	52400000	52500000	0.40101
11	52500000	52600000	0.40118
11	52600000	52700000	0.4011
11	52700000	52800000	0.40081
11	52800000	52900000	0.40081
11	52900000	53000000	0.40097
11	53000000	53100000	0.40028
11	53100000	53200000	0.40123
11	53200000	53300000	0.4003003003003003
11	53300000	53400000	0.40112
11	53400000	53500000	0.40116
11	53500000	53600000	0.4015615615615616
11	53600000	53700000	0.40132
11	53700000	53800000	0.40059
11	53800000	53900000	0.40088
11	53900000	54000000	0.4008208208208208
11	54000000	54100000	0.4007
11	54100000	54200000	0.40065
11	54200000	54300000	0.40123
11	54300000	54400000	0.40694694694694694
11	54400000	54500000	0.4130174682938502
11	54500000	54600000	0.38826308624509515
11	54600000	54700000	0.36526
11	54700000	54800000	0.37467
11	54800000	54900000	0.37705
11	54900000	55000000	0.37336
11	55000000	55100000	0.37109
11	55100000	55200000	0.36892
11	55200000	55300000	0.37198
11	55300000	55400000	0.36578
11	55400000	55500000	0.36128
11	55500000	55600000	0.38475
11	55600000	55700000	0.35387
11	55700000	55800000	0.35292
11	55800000	55900000	0.3736
11	55900000	56000000	0.35969
11	56000000	56100000	0.35336
11	56100000	56200000	0.34273
11	56200000	56300000	0.35482
11	56300000	56400000	0.35659
11	56400000	56500000	0.3676
11	56500000	56600000	0.37032
11	56600000	56700000	0.36254
11	56700000	56800000	0.36895
11	56800000	56900000	0.379
11	56900000	57000000	0.38545
11	57000000	57100000	0.3836
11	57100000	57200000	0.43208
11	57200000	57300000	0.4518
11	57300000	57400000	0.50938
11	57400000	57500000	0.50069
11	57500000	57600000	0.47958
11	57600000	57700000	0.46892
11	57700000	57800000	0.44761
11	57800000	57900000	0.41607
11	57900000	58000000	0.42322
11	58000000	58100000	0.40632
11	58100000	58200000	0.38946
11	58200000	58300000	0.37057
11	58300000	58400000	0.36211
11	58400000	58500000	0.36911
11	58500000	58600000	0.38348
11	58600000	58700000	0.39643
11	58700000	58800000	0.38346
11	58800000	58900000	0.38172
11	58900000	59000000	0.40569
11	59000000	59100000	0.39595
11	59100000	59200000	0.42545
11	59200000	59300000	0.4334
11	59300000	59400000	0.38569
11	59400000	59500000	0.38428
11	59500000	59600000	0.43438
11	59600000	59700000	0.40887
11	59700000	59800000	0.43091
11	59800000	59900000	0.40141
11	59900000	60000000	0.37843
11	60000000	60100000	0.38579
11	60100000	60200000	0.3855
11	60200000	60300000	0.38703
11	60300000	60400000	0.39971
11	60400000	60500000	0.39029
11	60500000	60600000	0.37863
11	60600000	60700000	0.38708
11	60700000	60800000	0.47846
11	60800000	60900000	0.49743
11	60900000	61000000	0.50092
11	61000000	61100000	0.4879
11	61100000	61200000	0.49684
11	61200000	61300000	0.50873
11	61300000	61400000	0.48192
11	61400000	61500000	0.48038
11	61500000	61600000	0.56436
11	61600000	61700000	0.51627
11	61700000	61800000	0.57602
11	61800000	61900000	0.53573
11	61900000	62000000	0.49634
11	62000000	62100000	0.45897
11	62100000	62200000	0.46523
11	62200000	62300000	0.42649
11	62300000	62400000	0.445
11	62400000	62500000	0.49154
11	62500000	62600000	0.50784
11	62600000	62700000	0.52072
11	62700000	62800000	0.49253
11	62800000	62900000	0.48332
11	62900000	63000000	0.49276
11	63000000	63100000	0.42548
11	63100000	63200000	0.39405
11	63200000	63300000	0.39885
11	63300000	63400000	0.38552
11	63400000	63500000	0.4023
11	63500000	63600000	0.46066
11	63600000	63700000	0.44184
11	63700000	63800000	0.45275
11	63800000	63900000	0.49336
11	63900000	64000000	0.54324
11	64000000	64100000	0.59124
11	64100000	64200000	0.54634
11	64200000	64300000	0.58085
11	64300000	64400000	0.55439
11	64400000	64500000	0.47789
11	64500000	64600000	0.50867
11	64600000	64700000	0.54862
11	64700000	64800000	0.5407
11	64800000	64900000	0.56816
11	64900000	65000000	0.50991
11	65000000	65100000	0.52517
11	65100000	65200000	0.49422
11	65200000	65300000	0.49097
11	65300000	65400000	0.53005
11	65400000	65500000	0.49967
11	65500000	65600000	0.55737
11	65600000	65700000	0.54156
11	65700000	65800000	0.49114
11	65800000	65900000	0.52726
11	65900000	66000000	0.52064
11	66000000	66100000	0.4996
11	66100000	66200000	0.41758
11	66200000	66300000	0.53681
11	66300000	66400000	0.51982
11	66400000	66500000	0.51231
11	66500000	66600000	0.52064
11	66600000	66700000	0.48464
11	66700000	66800000	0.46147
11	66800000	66900000	0.50696
11	66900000	67000000	0.49173
11	67000000	67100000	0.53187
11	67100000	67200000	0.43882
11	67200000	67300000	0.49406
11	67300000	67400000	0.53418
11	67400000	67500000	0.57668
11	67500000	67600000	0.49952
11	67600000	67700000	0.51318
11	67700000	67800000	0.48158
11	67800000	67900000	0.46599
11	67900000	68000000	0.47164
11	68000000	68100000	0.52011
11	68100000	68200000	0.45548
11	68200000	68300000	0.4785
11	68300000	68400000	0.54366
11	68400000	68500000	0.49552
11	68500000	68600000	0.41335
11	68600000	68700000	0.48982
11	68700000	68800000	0.46815
11	68800000	68900000	0.50272
11	68900000	69000000	0.50095
11	69000000	69100000	0.55895
11	69100000	69200000	0.51491
11	69200000	69300000	0.51116
11	69300000	69400000	0.5052
11	69400000	69500000	0.5291
11	69500000	69600000	0.49226
11	69600000	69700000	0.50532
11	69700000	69800000	0.52525
11	69800000	69900000	0.52198
11	69900000	70000000	0.52745
11	70000000	70100000	0.49122
11	70100000	70200000	0.54116
11	70200000	70300000	0.48873
11	70300000	70400000	0.45306
11	70400000	70500000	0.51476
11	70500000	70600000	0.52895
11	70600000	70700000	0.52402
11	70700000	70800000	0.51983
11	70800000	70900000	0.5292
11	70900000	71000000	0.4884192760700948
11	71000000	71100000	0.5045819790538101
11	71100000	71200000	0.49997
11	71200000	71300000	0.48306
11	71300000	71400000	0.495
11	71400000	71500000	0.50673
11	71500000	71600000	0.47658
11	71600000	71700000	0.46306
11	71700000	71800000	0.46874
11	71800000	71900000	0.40581
11	71900000	72000000	0.43844
11	72000000	72100000	0.46941
11	72100000	72200000	0.46946
11	72200000	72300000	0.47413
11	72300000	72400000	0.45078
11	72400000	72500000	0.44409
11	72500000	72600000	0.47442
11	72600000	72700000	0.55574
11	72700000	72800000	0.54203
11	72800000	72900000	0.44302
11	72900000	73000000	0.38763
11	73000000	73100000	0.37981
11	73100000	73200000	0.45371
11	73200000	73300000	0.49877
11	73300000	73400000	0.55833
11	73400000	73500000	0.42238
11	73500000	73600000	0.41035
11	73600000	73700000	0.45376
11	73700000	73800000	0.43122
11	73800000	73900000	0.43151
11	73900000	74000000	0.4592
11	74000000	74100000	0.43155
11	74100000	74200000	0.3848
11	74200000	74300000	0.40527
11	74300000	74400000	0.39257
11	74400000	74500000	0.42158
11	74500000	74600000	0.43323
11	74600000	74700000	0.43501
11	74700000	74800000	0.44495
11	74800000	74900000	0.41362
11	74900000	75000000	0.41303
11	75000000	75100000	0.43024
11	75100000	75200000	0.47626
11	75200000	75300000	0.49904
11	75300000	75400000	0.49619
11	75400000	75500000	0.52344
11	75500000	75600000	0.52268
11	75600000	75700000	0.42939
11	75700000	75800000	0.48907
11	75800000	75900000	0.41728
11	75900000	76000000	0.36957
11	76000000	76100000	0.37988
11	76100000	76200000	0.48693
11	76200000	76300000	0.53933
11	76300000	76400000	0.45318
11	76400000	76500000	0.40898
11	76500000	76600000	0.40062
11	76600000	76700000	0.51057
11	76700000	76800000	0.50532
11	76800000	76900000	0.42043
11	76900000	77000000	0.3908
11	77000000	77100000	0.47799
11	77100000	77200000	0.55064
11	77200000	77300000	0.42495
11	77300000	77400000	0.39796
11	77400000	77500000	0.41351
11	77500000	77600000	0.4233
11	77600000	77700000	0.40209
11	77700000	77800000	0.38807
11	77800000	77900000	0.4241
11	77900000	78000000	0.40569
11	78000000	78100000	0.46452
11	78100000	78200000	0.46295
11	78200000	78300000	0.445
11	78300000	78400000	0.40116
11	78400000	78500000	0.40064
11	78500000	78600000	0.38834
11	78600000	78700000	0.44031
11	78700000	78800000	0.44823
11	78800000	78900000	0.44277
11	78900000	79000000	0.43869
11	79000000	79100000	0.45741
11	79100000	79200000	0.42745
11	79200000	79300000	0.44599
11	79300000	79400000	0.44306
11	79400000	79500000	0.42825
11	79500000	79600000	0.41772
11	79600000	79700000	0.41669
11	79700000	79800000	0.38219
11	79800000	79900000	0.39214
11	79900000	80000000	0.38492
11	80000000	80100000	0.3879
11	80100000	80200000	0.38654
11	80200000	80300000	0.36776
11	80300000	80400000	0.38287
11	80400000	80500000	0.37648
11	80500000	80600000	0.37997
11	80600000	80700000	0.37126
11	80700000	80800000	0.36816
11	80800000	80900000	0.35642
11	80900000	81000000	0.35986
11	81000000	81100000	0.36073
11	81100000	81200000	0.35777
11	81200000	81300000	0.36447
11	81300000	81400000	0.35882
11	81400000	81500000	0.36253
11	81500000	81600000	0.35271
11	81600000	81700000	0.34747
11	81700000	81800000	0.3595
11	81800000	81900000	0.35746
11	81900000	82000000	0.35487
11	82000000	82100000	0.36268
11	82100000	82200000	0.36653
11	82200000	82300000	0.3593
11	82300000	82400000	0.35877
11	82400000	82500000	0.36963
11	82500000	82600000	0.38031
11	82600000	82700000	0.38619
11	82700000	82800000	0.40431
11	82800000	82900000	0.39256
11	82900000	83000000	0.39828
11	83000000	83100000	0.4135
11	83100000	83200000	0.40241
11	83200000	83300000	0.38751
11	83300000	83400000	0.40628
11	83400000	83500000	0.40345
11	83500000	83600000	0.38758
11	83600000	83700000	0.38403
11	83700000	83800000	0.38247
11	83800000	83900000	0.37978
11	83900000	84000000	0.36739
11	84000000	84100000	0.36032
11	84100000	84200000	0.36397
11	84200000	84300000	0.3746
11	84300000	84400000	0.36224
11	84400000	84500000	0.35969
11	84500000	84600000	0.37452
11	84600000	84700000	0.36637
11	84700000	84800000	0.36736
11	84800000	84900000	0.36231
11	84900000	85000000	0.36452
11	85000000	85100000	0.3573
11	85100000	85200000	0.36092
11	85200000	85300000	0.36287
11	85300000	85400000	0.37246
11	85400000	85500000	0.38237
11	85500000	85600000	0.37326
11	85600000	85700000	0.39187
11	85700000	85800000	0.40037
11	85800000	85900000	0.40843
11	85900000	86000000	0.39873
11	86000000	86100000	0.38116
11	86100000	86200000	0.41792
11	86200000	86300000	0.39171
11	86300000	86400000	0.38537
11	86400000	86500000	0.43053
11	86500000	86600000	0.42344
11	86600000	86700000	0.4104
11	86700000	86800000	0.40943
11	86800000	86900000	0.4242
11	86900000	87000000	0.42289
11	87000000	87100000	0.39723
11	87100000	87200000	0.35687
11	87200000	87300000	0.3584
11	87300000	87400000	0.39645
11	87400000	87500000	0.40344
11	87500000	87600000	0.38923
11	87600000	87700000	0.37957
11	87700000	87800000	0.37677
11	87800000	87900000	0.36379
11	87900000	88000000	0.3628423825477609
11	88000000	88100000	0.37355824682814304
11	88100000	88200000	0.38086
11	88200000	88300000	0.37343
11	88300000	88400000	0.3782
11	88400000	88500000	0.3777
11	88500000	88600000	0.37372
11	88600000	88700000	0.3646
11	88700000	88800000	0.36859
11	88800000	88900000	0.35238
11	88900000	89000000	0.34951
11	89000000	89100000	0.35087
11	89100000	89200000	0.34629
11	89200000	89300000	0.35031
11	89300000	89400000	0.36165
11	89400000	89500000	0.35273
11	89500000	89600000	0.36139
11	89600000	89700000	0.35759
11	89700000	89800000	0.38544
11	89800000	89900000	0.38265
11	89900000	90000000	0.38844
11	90000000	90100000	0.38465
11	90100000	90200000	0.35704
11	90200000	90300000	0.36756
11	90300000	90400000	0.36732
11	90400000	90500000	0.35552
11	90500000	90600000	0.34933
11	90600000	90700000	0.35305
11	90700000	90800000	0.3472
11	90800000	90900000	0.34169
11	90900000	91000000	0.35517
11	91000000	91100000	0.35018
11	91100000	91200000	0.34611
11	91200000	91300000	0.34482
11	91300000	91400000	0.36088
11	91400000	91500000	0.35734
11	91500000	91600000	0.36091
11	91600000	91700000	0.36484
11	91700000	91800000	0.36244
11	91800000	91900000	0.37817
11	91900000	92000000	0.38254
11	92000000	92100000	0.37768
11	92100000	92200000	0.38649
11	92200000	92300000	0.39405
11	92300000	92400000	0.39355
11	92400000	92500000	0.39256
11	92500000	92600000	0.38042
11	92600000	92700000	0.39726
11	92700000	92800000	0.39715
11	92800000	92900000	0.42304
11	92900000	93000000	0.42264
11	93000000	93100000	0.39519
11	93100000	93200000	0.37397
11	93200000	93300000	0.38911
11	93300000	93400000	0.37431
11	93400000	93500000	0.40351
11	93500000	93600000	0.42639
11	93600000	93700000	0.39975
11	93700000	93800000	0.40867
11	93800000	93900000	0.42613
11	93900000	94000000	0.40909
11	94000000	94100000	0.40473
11	94100000	94200000	0.42619
11	94200000	94300000	0.39318
11	94300000	94400000	0.42685
11	94400000	94500000	0.37879
11	94500000	94600000	0.40266
11	94600000	94700000	0.41212
11	94700000	94800000	0.41015
11	94800000	94900000	0.4234
11	94900000	95000000	0.40047
11	95000000	95100000	0.41646
11	95100000	95200000	0.39982
11	95200000	95300000	0.38659
11	95300000	95400000	0.41452
11	95400000	95500000	0.4039
11	95500000	95600000	0.3961
11	95600000	95700000	0.36655
11	95700000	95800000	0.37688
11	95800000	95900000	0.36636
11	95900000	96000000	0.37998
11	96000000	96100000	0.40091
11	96100000	96200000	0.41304
11	96200000	96300000	0.38875
11	96300000	96400000	0.38243
11	96400000	96500000	0.3822
11	96500000	96600000	0.365119121566113
11	96600000	96700000	0.37025
11	96700000	96800000	0.37284
11	96800000	96900000	0.35853
11	96900000	97000000	0.35505
11	97000000	97100000	0.36629
11	97100000	97200000	0.35886
11	97200000	97300000	0.36111
11	97300000	97400000	0.37065
11	97400000	97500000	0.35169
11	97500000	97600000	0.35397
11	97600000	97700000	0.34782
11	97700000	97800000	0.36554
11	97800000	97900000	0.34757
11	97900000	98000000	0.34915
11	98000000	98100000	0.35669
11	98100000	98200000	0.34965
11	98200000	98300000	0.34646
11	98300000	98400000	0.35293
11	98400000	98500000	0.36801
11	98500000	98600000	0.34684
11	98600000	98700000	0.36395
11	98700000	98800000	0.3636
11	98800000	98900000	0.35405
11	98900000	99000000	0.34946
11	99000000	99100000	0.34606
11	99100000	99200000	0.34361
11	99200000	99300000	0.33304
11	99300000	99400000	0.3447
11	99400000	99500000	0.34815
11	99500000	99600000	0.35514
11	99600000	99700000	0.3512
11	99700000	99800000	0.34958
11	99800000	99900000	0.34859
11	99900000	100000000	0.35973
11	100000000	100100000	0.35386
11	100100000	100200000	0.35424
11	100200000	100300000	0.36444
11	100300000	100400000	0.36602
11	100400000	100500000	0.38645
11	100500000	100600000	0.38629
11	100600000	100700000	0.39568
11	100700000	100800000	0.39069
11	100800000	100900000	0.37829
11	100900000	101000000	0.3691
11	101000000	101100000	0.36919
11	101100000	101200000	0.37329
11	101200000	101300000	0.39832
11	101300000	101400000	0.37077
11	101400000	101500000	0.37795
11	101500000	101600000	0.37272
11	101600000	101700000	0.38507
11	101700000	101800000	0.3763
11	101800000	101900000	0.38166
11	101900000	102000000	0.36393
11	102000000	102100000	0.40385
11	102100000	102200000	0.39486
11	102200000	102300000	0.41514
11	102300000	102400000	0.39494
11	102400000	102500000	0.40987
11	102500000	102600000	0.38934
11	102600000	102700000	0.39851
11	102700000	102800000	0.3914
11	102800000	102900000	0.3931
11	102900000	103000000	0.39705
11	103000000	103100000	0.36412
11	103100000	103200000	0.3444
11	103200000	103300000	0.35195
11	103300000	103400000	0.35874
11	103400000	103500000	0.36211
11	103500000	103600000	0.38847
11	103600000	103700000	0.38335
11	103700000	103800000	0.38122
11	103800000	103900000	0.39155
11	103900000	104000000	0.38122
11	104000000	104100000	0.36818
11	104100000	104200000	0.36264
11	104200000	104300000	0.35709
11	104300000	104400000	0.36306
11	104400000	104500000	0.35134
11	104500000	104600000	0.35767
11	104600000	104700000	0.35043
11	104700000	104800000	0.35943
11	104800000	104900000	0.34699
11	104900000	105000000	0.37198
11	105000000	105100000	0.3743
11	105100000	105200000	0.36387
11	105200000	105300000	0.3556
11	105300000	105400000	0.34731
11	105400000	105500000	0.35622
11	105500000	105600000	0.34743
11	105600000	105700000	0.34782
11	105700000	105800000	0.35452
11	105800000	105900000	0.36044
11	105900000	106000000	0.35477
11	106000000	106100000	0.36531
11	106100000	106200000	0.39032
11	106200000	106300000	0.38608
11	106300000	106400000	0.38815
11	106400000	106500000	0.3657
11	106500000	106600000	0.35788
11	106600000	106700000	0.35951
11	106700000	106800000	0.36204
11	106800000	106900000	0.35326
11	106900000	107000000	0.36536
11	107000000	107100000	0.37648
11	107100000	107200000	0.36883
11	107200000	107300000	0.4003
11	107300000	107400000	0.36887
11	107400000	107500000	0.3698
11	107500000	107600000	0.37794
11	107600000	107700000	0.39656
11	107700000	107800000	0.41172
11	107800000	107900000	0.43148
11	107900000	108000000	0.43606
11	108000000	108100000	0.39947
11	108100000	108200000	0.40264
11	108200000	108300000	0.39057
11	108300000	108400000	0.38152
11	108400000	108500000	0.40323
11	108500000	108600000	0.41257
11	108600000	108700000	0.39675
11	108700000	108800000	0.36947
11	108800000	108900000	0.36767
11	108900000	109000000	0.39947
11	109000000	109100000	0.40275
11	109100000	109200000	0.39344
11	109200000	109300000	0.3608
11	109300000	109400000	0.38592
11	109400000	109500000	0.38201
11	109500000	109600000	0.38288
11	109600000	109700000	0.37983
11	109700000	109800000	0.38464
11	109800000	109900000	0.37947
11	109900000	110000000	0.38493
11	110000000	110100000	0.39996
11	110100000	110200000	0.39659
11	110200000	110300000	0.38486
11	110300000	110400000	0.4166
11	110400000	110500000	0.40983
11	110500000	110600000	0.41236
11	110600000	110700000	0.35519
11	110700000	110800000	0.38747
11	110800000	110900000	0.39458
11	110900000	111000000	0.40319
11	111000000	111100000	0.40157
11	111100000	111200000	0.38697
11	111200000	111300000	0.41353
11	111300000	111400000	0.4277
11	111400000	111500000	0.4417
11	111500000	111600000	0.40642
11	111600000	111700000	0.38521
11	111700000	111800000	0.43552
11	111800000	111900000	0.40657
11	111900000	112000000	0.4411
11	112000000	112100000	0.4138
11	112100000	112200000	0.40155
11	112200000	112300000	0.42744
11	112300000	112400000	0.43699
11	112400000	112500000	0.41084
11	112500000	112600000	0.43515
11	112600000	112700000	0.42332
11	112700000	112800000	0.44787
11	112800000	112900000	0.44134
11	112900000	113000000	0.39994
11	113000000	113100000	0.40311
11	113100000	113200000	0.4166
11	113200000	113300000	0.45349
11	113300000	113400000	0.4395
11	113400000	113500000	0.47866
11	113500000	113600000	0.43914
11	113600000	113700000	0.44103
11	113700000	113800000	0.41326
11	113800000	113900000	0.42668
11	113900000	114000000	0.45761
11	114000000	114100000	0.4767
11	114100000	114200000	0.46738
11	114200000	114300000	0.46478
11	114300000	114400000	0.40316
11	114400000	114500000	0.38035
11	114500000	114600000	0.3834
11	114600000	114700000	0.38236
11	114700000	114800000	0.4023
11	114800000	114900000	0.42393
11	114900000	115000000	0.42046
11	115000000	115100000	0.41442
11	115100000	115200000	0.45594
11	115200000	115300000	0.39104
11	115300000	115400000	0.36486
11	115400000	115500000	0.38301
11	115500000	115600000	0.44242
11	115600000	115700000	0.46399
11	115700000	115800000	0.45375
11	115800000	115900000	0.40053
11	115900000	116000000	0.43909
11	116000000	116100000	0.42286
11	116100000	116200000	0.45002
11	116200000	116300000	0.46323
11	116300000	116400000	0.45385
11	116400000	116500000	0.46405
11	116500000	116600000	0.48444
11	116600000	116700000	0.45462
11	116700000	116800000	0.46851
11	116800000	116900000	0.46501
11	116900000	117000000	0.39088
11	117000000	117100000	0.4024
11	117100000	117200000	0.47265
11	117200000	117300000	0.46617
11	117300000	117400000	0.48143
11	117400000	117500000	0.5092
11	117500000	117600000	0.50688
11	117600000	117700000	0.49697
11	117700000	117800000	0.49002
11	117800000	117900000	0.48773
11	117900000	118000000	0.4799
11	118000000	118100000	0.47204
11	118100000	118200000	0.49505
11	118200000	118300000	0.41449
11	118300000	118400000	0.4303
11	118400000	118500000	0.41769
11	118500000	118600000	0.44724
11	118600000	118700000	0.5179
11	118700000	118800000	0.43957
11	118800000	118900000	0.47013
11	118900000	119000000	0.5247
11	119000000	119100000	0.49673
11	119100000	119200000	0.51162
11	119200000	119300000	0.41736
11	119300000	119400000	0.51256
11	119400000	119500000	0.4749
11	119500000	119600000	0.47987
11	119600000	119700000	0.53711
11	119700000	119800000	0.52163
11	119800000	119900000	0.49227
11	119900000	120000000	0.47866
11	120000000	120100000	0.47812
11	120100000	120200000	0.49833
11	120200000	120300000	0.49711
11	120300000	120400000	0.40916
11	120400000	120500000	0.37789
11	120500000	120600000	0.49975
11	120600000	120700000	0.4873
11	120700000	120800000	0.45193
11	120800000	120900000	0.48096
11	120900000	121000000	0.47098
11	121000000	121100000	0.38035
11	121100000	121200000	0.4364
11	121200000	121300000	0.39823
11	121300000	121400000	0.42173
11	121400000	121500000	0.44557
11	121500000	121600000	0.4219
11	121600000	121700000	0.43162
11	121700000	121800000	0.40435
11	121800000	121900000	0.3891
11	121900000	122000000	0.39166
11	122000000	122100000	0.37445
11	122100000	122200000	0.38861
11	122200000	122300000	0.40748
11	122300000	122400000	0.39654
11	122400000	122500000	0.37589
11	122500000	122600000	0.4177
11	122600000	122700000	0.45903
11	122700000	122800000	0.45965
11	122800000	122900000	0.41616
11	122900000	123000000	0.41289
11	123000000	123100000	0.44788
11	123100000	123200000	0.45316
11	123200000	123300000	0.4408
11	123300000	123400000	0.42909
11	123400000	123500000	0.44888
11	123500000	123600000	0.47297
11	123600000	123700000	0.44356
11	123700000	123800000	0.40143
11	123800000	123900000	0.37896
11	123900000	124000000	0.3678
11	124000000	124100000	0.3773
11	124100000	124200000	0.37905
11	124200000	124300000	0.36344
11	124300000	124400000	0.36944
11	124400000	124500000	0.38774
11	124500000	124600000	0.38328
11	124600000	124700000	0.41195
11	124700000	124800000	0.4514
11	124800000	124900000	0.48081
11	124900000	125000000	0.40771
11	125000000	125100000	0.4263
11	125100000	125200000	0.45768
11	125200000	125300000	0.4873
11	125300000	125400000	0.48724
11	125400000	125500000	0.46208
11	125500000	125600000	0.42584
11	125600000	125700000	0.39833
11	125700000	125800000	0.40055
11	125800000	125900000	0.40305
11	125900000	126000000	0.4413
11	126000000	126100000	0.41617
11	126100000	126200000	0.50108
11	126200000	126300000	0.44617
11	126300000	126400000	0.50272
11	126400000	126500000	0.53129
11	126500000	126600000	0.49513
11	126600000	126700000	0.45684
11	126700000	126800000	0.45709
11	126800000	126900000	0.44078
11	126900000	127000000	0.43689
11	127000000	127100000	0.42578
11	127100000	127200000	0.41254
11	127200000	127300000	0.40786
11	127300000	127400000	0.37802
11	127400000	127500000	0.39641
11	127500000	127600000	0.37775
11	127600000	127700000	0.3814
11	127700000	127800000	0.3695
11	127800000	127900000	0.3868
11	127900000	128000000	0.37118
11	128000000	128100000	0.38243
11	128100000	128200000	0.38845
11	128200000	128300000	0.38807
11	128300000	128400000	0.4027
11	128400000	128500000	0.41364
11	128500000	128600000	0.42093
11	128600000	128700000	0.4461
11	128700000	128800000	0.45985
11	128800000	128900000	0.46213
11	128900000	129000000	0.45457
11	129000000	129100000	0.36555
11	129100000	129200000	0.36645
11	129200000	129300000	0.38134
11	129300000	129400000	0.42561
11	129400000	129500000	0.42172
11	129500000	129600000	0.41779
11	129600000	129700000	0.41467
11	129700000	129800000	0.43558
11	129800000	129900000	0.44353
11	129900000	130000000	0.43235
11	130000000	130100000	0.44323
11	130100000	130200000	0.47252
11	130200000	130300000	0.4225
11	130300000	130400000	0.43275
11	130400000	130500000	0.48959
11	130500000	130600000	0.44374
11	130600000	130700000	0.42974
11	130700000	130800000	0.42854
11	130800000	130900000	0.43146
11	130900000	131000000	0.40245
11	131000000	131100000	0.41459
11	131100000	131200000	0.43267
11	131200000	131300000	0.42408
11	131300000	131400000	0.43103
11	131400000	131500000	0.4387
11	131500000	131600000	0.4484
11	131600000	131700000	0.46298
11	131700000	131800000	0.40883
11	131800000	131900000	0.42235
11	131900000	132000000	0.43029
11	132000000	132100000	0.41273
11	132100000	132200000	0.43156
11	132200000	132300000	0.42707
11	132300000	132400000	0.42262
11	132400000	132500000	0.4315
11	132500000	132600000	0.39309
11	132600000	132700000	0.4016
11	132700000	132800000	0.41215
11	132800000	132900000	0.40523
11	132900000	133000000	0.42076
11	133000000	133100000	0.4422
11	133100000	133200000	0.4246
11	133200000	133300000	0.43155
11	133300000	133400000	0.41972
11	133400000	133500000	0.39444
11	133500000	133600000	0.44825
11	133600000	133700000	0.42792
11	133700000	133800000	0.43374
11	133800000	133900000	0.44415
11	133900000	134000000	0.54221
11	134000000	134100000	0.47542
11	134100000	134200000	0.43103
11	134200000	134300000	0.45652
11	134300000	134400000	0.49019
11	134400000	134500000	0.50207
11	134500000	134600000	0.49003
11	134600000	134700000	0.46331
11	134700000	134800000	0.45759
11	134800000	134900000	0.44083
11	134900000	135000000	0.45679
11	135000000	135086622	0.4497924877972384
12	0	100000	0.4945111111111111
12	100000	200000	0.53792
12	200000	300000	0.45561
12	300000	400000	0.40015
12	400000	500000	0.45386
12	500000	600000	0.50546
12	600000	700000	0.46137
12	700000	800000	0.4146
12	800000	900000	0.37682
12	900000	1000000	0.44946
12	1000000	1100000	0.39458
12	1100000	1200000	0.38494
12	1200000	1300000	0.37262
12	1300000	1400000	0.3956
12	1400000	1500000	0.41922
12	1500000	1600000	0.47605
12	1600000	1700000	0.4633
12	1700000	1800000	0.4078
12	1800000	1900000	0.50356
12	1900000	2000000	0.43118
12	2000000	2100000	0.44948
12	2100000	2200000	0.47632
12	2200000	2300000	0.46707
12	2300000	2400000	0.47183
12	2400000	2500000	0.47834
12	2500000	2600000	0.4867
12	2600000	2700000	0.50065
12	2700000	2800000	0.45339
12	2800000	2900000	0.486
12	2900000	3000000	0.4755
12	3000000	3100000	0.50853
12	3100000	3200000	0.50752
12	3200000	3300000	0.54309
12	3300000	3400000	0.48943
12	3400000	3500000	0.46056
12	3500000	3600000	0.46874
12	3600000	3700000	0.46631
12	3700000	3800000	0.4305
12	3800000	3900000	0.39607
12	3900000	4000000	0.43573
12	4000000	4100000	0.43852
12	4100000	4200000	0.4372
12	4200000	4300000	0.46062
12	4300000	4400000	0.42306
12	4400000	4500000	0.4203
12	4500000	4600000	0.39602
12	4600000	4700000	0.39561
12	4700000	4800000	0.42119
12	4800000	4900000	0.4473
12	4900000	5000000	0.44573
12	5000000	5100000	0.46351
12	5100000	5200000	0.42162
12	5200000	5300000	0.44077
12	5300000	5400000	0.40865
12	5400000	5500000	0.44532
12	5500000	5600000	0.44623
12	5600000	5700000	0.44468
12	5700000	5800000	0.42989
12	5800000	5900000	0.44474
12	5900000	6000000	0.45539
12	6000000	6100000	0.47851
12	6100000	6200000	0.48109
12	6200000	6300000	0.49493
12	6300000	6400000	0.51652
12	6400000	6500000	0.46619
12	6500000	6600000	0.49329
12	6600000	6700000	0.49993
12	6700000	6800000	0.51025
12	6800000	6900000	0.5188403768075361
12	6900000	7000000	0.51648
12	7000000	7100000	0.46090909090909093
12	7100000	7200000	0.47554
12	7200000	7300000	0.39625
12	7300000	7400000	0.38084
12	7400000	7500000	0.36598
12	7500000	7600000	0.39001
12	7600000	7700000	0.42752
12	7700000	7800000	0.45442
12	7800000	7900000	0.45067
12	7900000	8000000	0.45323
12	8000000	8100000	0.43814
12	8100000	8200000	0.40922
12	8200000	8300000	0.47014
12	8300000	8400000	0.45477
12	8400000	8500000	0.41515
12	8500000	8600000	0.4025
12	8600000	8700000	0.4381
12	8700000	8800000	0.41692
12	8800000	8900000	0.43858
12	8900000	9000000	0.41657
12	9000000	9100000	0.39268
12	9100000	9200000	0.38136
12	9200000	9300000	0.39161
12	9300000	9400000	0.45736
12	9400000	9500000	0.47063
12	9500000	9600000	0.37534
12	9600000	9700000	0.38635
12	9700000	9800000	0.37189
12	9800000	9900000	0.37174
12	9900000	10000000	0.38879
12	10000000	10100000	0.37475
12	10100000	10200000	0.4037
12	10200000	10300000	0.39225
12	10300000	10400000	0.38244
12	10400000	10500000	0.35359
12	10500000	10600000	0.35291
12	10600000	10700000	0.38565
12	10700000	10800000	0.37801
12	10800000	10900000	0.36665
12	10900000	11000000	0.36705
12	11000000	11100000	0.35722
12	11100000	11200000	0.36492
12	11200000	11300000	0.38392
12	11300000	11400000	0.3975
12	11400000	11500000	0.40833
12	11500000	11600000	0.40943
12	11600000	11700000	0.42352
12	11700000	11800000	0.42848
12	11800000	11900000	0.43489
12	11900000	12000000	0.4244
12	12000000	12100000	0.44975
12	12100000	12200000	0.38269
12	12200000	12300000	0.41425
12	12300000	12400000	0.43769
12	12400000	12500000	0.42076
12	12500000	12600000	0.41339
12	12600000	12700000	0.41896
12	12700000	12800000	0.43269
12	12800000	12900000	0.45035
12	12900000	13000000	0.4411
12	13000000	13100000	0.42852
12	13100000	13200000	0.4286
12	13200000	13300000	0.43908
12	13300000	13400000	0.41944
12	13400000	13500000	0.41098
12	13500000	13600000	0.41651
12	13600000	13700000	0.40533
12	13700000	13800000	0.40507
12	13800000	13900000	0.3938
12	13900000	14000000	0.40679
12	14000000	14100000	0.38144
12	14100000	14200000	0.40957
12	14200000	14300000	0.43358
12	14300000	14400000	0.40345
12	14400000	14500000	0.36394
12	14500000	14600000	0.40704
12	14600000	14700000	0.38733
12	14700000	14800000	0.39587
12	14800000	14900000	0.38335
12	14900000	15000000	0.39415
12	15000000	15100000	0.37183
12	15100000	15200000	0.36301
12	15200000	15300000	0.3693
12	15300000	15400000	0.36999
12	15400000	15500000	0.37284
12	15500000	15600000	0.38458
12	15600000	15700000	0.36477
12	15700000	15800000	0.36727
12	15800000	15900000	0.38817
12	15900000	16000000	0.39231
12	16000000	16100000	0.38825
12	16100000	16200000	0.38398
12	16200000	16300000	0.36594
12	16300000	16400000	0.38466
12	16400000	16500000	0.36408
12	16500000	16600000	0.35981
12	16600000	16700000	0.35815
12	16700000	16800000	0.35667
12	16800000	16900000	0.35271
12	16900000	17000000	0.3482
12	17000000	17100000	0.36855
12	17100000	17200000	0.35304
12	17200000	17300000	0.3551
12	17300000	17400000	0.35134
12	17400000	17500000	0.35801
12	17500000	17600000	0.34818
12	17600000	17700000	0.35665
12	17700000	17800000	0.35816
12	17800000	17900000	0.35691
12	17900000	18000000	0.35148
12	18000000	18100000	0.35793
12	18100000	18200000	0.36182
12	18200000	18300000	0.34426
12	18300000	18400000	0.36165
12	18400000	18500000	0.35563
12	18500000	18600000	0.36365
12	18600000	18700000	0.36236
12	18700000	18800000	0.36511
12	18800000	18900000	0.37446
12	18900000	19000000	0.38866
12	19000000	19100000	0.39003
12	19100000	19200000	0.37982
12	19200000	19300000	0.36891
12	19300000	19400000	0.4154
12	19400000	19500000	0.42215
12	19500000	19600000	0.3962
12	19600000	19700000	0.39772
12	19700000	19800000	0.3888
12	19800000	19900000	0.37817
12	19900000	20000000	0.37427
12	20000000	20100000	0.37189
12	20100000	20200000	0.37054
12	20200000	20300000	0.36804
12	20300000	20400000	0.36233
12	20400000	20500000	0.36164
12	20500000	20600000	0.35652
12	20600000	20700000	0.36044
12	20700000	20800000	0.37692
12	20800000	20900000	0.36277
12	20900000	21000000	0.3619
12	21000000	21100000	0.35473
12	21100000	21200000	0.34903
12	21200000	21300000	0.35477
12	21300000	21400000	0.37032
12	21400000	21500000	0.37002
12	21500000	21600000	0.37376
12	21600000	21700000	0.39063
12	21700000	21800000	0.37198
12	21800000	21900000	0.36478
12	21900000	22000000	0.36307
12	22000000	22100000	0.38379
12	22100000	22200000	0.3886
12	22200000	22300000	0.38583
12	22300000	22400000	0.3829
12	22400000	22500000	0.35668
12	22500000	22600000	0.3761
12	22600000	22700000	0.35678
12	22700000	22800000	0.37984
12	22800000	22900000	0.38135
12	22900000	23000000	0.38463
12	23000000	23100000	0.37843
12	23100000	23200000	0.37627
12	23200000	23300000	0.37018
12	23300000	23400000	0.36933
12	23400000	23500000	0.37038
12	23500000	23600000	0.36441
12	23600000	23700000	0.34191
12	23700000	23800000	0.34507
12	23800000	23900000	0.34494
12	23900000	24000000	0.3445
12	24000000	24100000	0.35423
12	24100000	24200000	0.36315
12	24200000	24300000	0.3634
12	24300000	24400000	0.38139
12	24400000	24500000	0.38036
12	24500000	24600000	0.38215
12	24600000	24700000	0.37177
12	24700000	24800000	0.3881
12	24800000	24900000	0.38877
12	24900000	25000000	0.42342
12	25000000	25100000	0.38997
12	25100000	25200000	0.37983
12	25200000	25300000	0.37631
12	25300000	25400000	0.41254
12	25400000	25500000	0.39131
12	25500000	25600000	0.37482
12	25600000	25700000	0.39608
12	25700000	25800000	0.38064
12	25800000	25900000	0.39117
12	25900000	26000000	0.40755
12	26000000	26100000	0.37857
12	26100000	26200000	0.41273
12	26200000	26300000	0.40962
12	26300000	26400000	0.40568
12	26400000	26500000	0.37132
12	26500000	26600000	0.37252
12	26600000	26700000	0.38174
12	26700000	26800000	0.38585
12	26800000	26900000	0.40509
12	26900000	27000000	0.37795
12	27000000	27100000	0.39917
12	27100000	27200000	0.39429
12	27200000	27300000	0.38825
12	27300000	27400000	0.38937
12	27400000	27500000	0.39577
12	27500000	27600000	0.40641
12	27600000	27700000	0.39057
12	27700000	27800000	0.40937
12	27800000	27900000	0.40485
12	27900000	28000000	0.4011
12	28000000	28100000	0.38681
12	28100000	28200000	0.36443
12	28200000	28300000	0.34994
12	28300000	28400000	0.3472
12	28400000	28500000	0.34192
12	28500000	28600000	0.37695
12	28600000	28700000	0.36429
12	28700000	28800000	0.37663
12	28800000	28900000	0.3821
12	28900000	29000000	0.37935
12	29000000	29100000	0.37093
12	29100000	29200000	0.39672
12	29200000	29300000	0.38962
12	29300000	29400000	0.36768
12	29400000	29500000	0.37844
12	29500000	29600000	0.38869
12	29600000	29700000	0.39208
12	29700000	29800000	0.39735
12	29800000	29900000	0.39552
12	29900000	30000000	0.38023
12	30000000	30100000	0.3865
12	30100000	30200000	0.39769
12	30200000	30300000	0.39858
12	30300000	30400000	0.39928
12	30400000	30500000	0.38552
12	30500000	30600000	0.39957
12	30600000	30700000	0.3747
12	30700000	30800000	0.39206
12	30800000	30900000	0.43921
12	30900000	31000000	0.4879
12	31000000	31100000	0.47547
12	31100000	31200000	0.40199
12	31200000	31300000	0.43098
12	31300000	31400000	0.43861
12	31400000	31500000	0.4156
12	31500000	31600000	0.40786
12	31600000	31700000	0.42679
12	31700000	31800000	0.42616
12	31800000	31900000	0.43164
12	31900000	32000000	0.43223
12	32000000	32100000	0.4379
12	32100000	32200000	0.41088
12	32200000	32300000	0.40741
12	32300000	32400000	0.40688
12	32400000	32500000	0.41469
12	32500000	32600000	0.40509
12	32600000	32700000	0.41713
12	32700000	32800000	0.39264
12	32800000	32900000	0.41125
12	32900000	33000000	0.40563
12	33000000	33100000	0.3933
12	33100000	33200000	0.37218
12	33200000	33300000	0.38073
12	33300000	33400000	0.37052
12	33400000	33500000	0.36502
12	33500000	33600000	0.35575
12	33600000	33700000	0.35123
12	33700000	33800000	0.35788
12	33800000	33900000	0.35893
12	33900000	34000000	0.36717
12	34000000	34100000	0.37039
12	34100000	34200000	0.40802
12	34200000	34300000	0.46383
12	34300000	34400000	0.60784
12	34400000	34500000	0.38864
12	34500000	34600000	0.37727
12	34600000	34700000	0.39125
12	34700000	34800000	0.36597194388777554
12	34800000	34900000	0.38186100786584837
12	34900000	35000000	0.38518
12	35000000	35100000	0.38559
12	35100000	35200000	0.38585
12	35200000	35300000	0.38576
12	35300000	35400000	0.3859
12	35400000	35500000	0.38531
12	35500000	35600000	0.38532
12	35600000	35700000	0.38536
12	35700000	35800000	0.38527
12	35800000	35900000	0.38521
12	35900000	36000000	0.38571
12	36000000	36100000	0.3857
12	36100000	36200000	0.38549
12	36200000	36300000	0.38559
12	36300000	36400000	0.38577
12	36400000	36500000	0.38496
12	36500000	36600000	0.3852
12	36600000	36700000	0.38601601601601604
12	36700000	36800000	0.38502004008016033
12	36800000	36900000	0.38559
12	36900000	37000000	0.3858058058058058
12	37000000	37100000	0.3855
12	37100000	37200000	0.38587951015811944
12	37200000	37300000	0.374315485897722
12	37300000	37400000	0.3723968555927972
12	37400000	37500000	0.3775924887892377
12	37500000	37600000	0.41557
12	37600000	37700000	0.37001
12	37700000	37800000	0.36744
12	37800000	37900000	0.37194
12	37900000	38000000	0.36385
12	38000000	38100000	0.40333
12	38100000	38200000	0.43591
12	38200000	38300000	0.38136
12	38300000	38400000	0.35711
12	38400000	38500000	0.36134
12	38500000	38600000	0.36303
12	38600000	38700000	0.36334
12	38700000	38800000	0.35339
12	38800000	38900000	0.36399
12	38900000	39000000	0.37698
12	39000000	39100000	0.37088
12	39100000	39200000	0.38508
12	39200000	39300000	0.37788
12	39300000	39400000	0.35471
12	39400000	39500000	0.38321
12	39500000	39600000	0.36956
12	39600000	39700000	0.3591
12	39700000	39800000	0.36814
12	39800000	39900000	0.36099
12	39900000	40000000	0.37796
12	40000000	40100000	0.36596
12	40100000	40200000	0.36931
12	40200000	40300000	0.35258
12	40300000	40400000	0.35856
12	40400000	40500000	0.37016
12	40500000	40600000	0.38314
12	40600000	40700000	0.37873
12	40700000	40800000	0.34967
12	40800000	40900000	0.35215
12	40900000	41000000	0.34443
12	41000000	41100000	0.36625
12	41100000	41200000	0.36561
12	41200000	41300000	0.36203
12	41300000	41400000	0.35467
12	41400000	41500000	0.36686
12	41500000	41600000	0.36708
12	41600000	41700000	0.38124
12	41700000	41800000	0.3868
12	41800000	41900000	0.38382
12	41900000	42000000	0.39504
12	42000000	42100000	0.39803
12	42100000	42200000	0.38211
12	42200000	42300000	0.41545
12	42300000	42400000	0.38529
12	42400000	42500000	0.4077
12	42500000	42600000	0.40823
12	42600000	42700000	0.40571
12	42700000	42800000	0.40454
12	42800000	42900000	0.37158
12	42900000	43000000	0.39026
12	43000000	43100000	0.36909
12	43100000	43200000	0.36526
12	43200000	43300000	0.36569
12	43300000	43400000	0.36746
12	43400000	43500000	0.34758
12	43500000	43600000	0.36791
12	43600000	43700000	0.36843
12	43700000	43800000	0.36991
12	43800000	43900000	0.39716
12	43900000	44000000	0.37924
12	44000000	44100000	0.38098
12	44100000	44200000	0.36627
12	44200000	44300000	0.35563
12	44300000	44400000	0.37219
12	44400000	44500000	0.38542
12	44500000	44600000	0.36428
12	44600000	44700000	0.36902
12	44700000	44800000	0.35335
12	44800000	44900000	0.36858
12	44900000	45000000	0.3695
12	45000000	45100000	0.3815
12	45100000	45200000	0.3988
12	45200000	45300000	0.40416
12	45300000	45400000	0.38475
12	45400000	45500000	0.39172
12	45500000	45600000	0.3985
12	45600000	45700000	0.39485
12	45700000	45800000	0.36949
12	45800000	45900000	0.3596
12	45900000	46000000	0.37163
12	46000000	46100000	0.40107
12	46100000	46200000	0.38866
12	46200000	46300000	0.39924
12	46300000	46400000	0.39383
12	46400000	46500000	0.38442
12	46500000	46600000	0.3863
12	46600000	46700000	0.39122
12	46700000	46800000	0.38211
12	46800000	46900000	0.37557
12	46900000	47000000	0.38689
12	47000000	47100000	0.38702
12	47100000	47200000	0.38944
12	47200000	47300000	0.4214
12	47300000	47400000	0.40623
12	47400000	47500000	0.39698
12	47500000	47600000	0.40537
12	47600000	47700000	0.38645
12	47700000	47800000	0.52599
12	47800000	47900000	0.50472
12	47900000	48000000	0.4912
12	48000000	48100000	0.42501
12	48100000	48200000	0.43637
12	48200000	48300000	0.37879
12	48300000	48400000	0.41689
12	48400000	48500000	0.39652
12	48500000	48600000	0.41421
12	48600000	48700000	0.41975
12	48700000	48800000	0.47409
12	48800000	48900000	0.50291
12	48900000	49000000	0.50427
12	49000000	49100000	0.50742
12	49100000	49200000	0.46168
12	49200000	49300000	0.47254
12	49300000	49400000	0.46937
12	49400000	49500000	0.41569
12	49500000	49600000	0.48356
12	49600000	49700000	0.47992
12	49700000	49800000	0.46072
12	49800000	49900000	0.49395
12	49900000	50000000	0.50203
12	50000000	50100000	0.48646
12	50100000	50200000	0.45803
12	50200000	50300000	0.42022
12	50300000	50400000	0.44008
12	50400000	50500000	0.41375
12	50500000	50600000	0.42607
12	50600000	50700000	0.40697
12	50700000	50800000	0.43308
12	50800000	50900000	0.39431
12	50900000	51000000	0.43005
12	51000000	51100000	0.45093
12	51100000	51200000	0.44037
12	51200000	51300000	0.46459
12	51300000	51400000	0.47565
12	51400000	51500000	0.4238
12	51500000	51600000	0.43078
12	51600000	51700000	0.39835
12	51700000	51800000	0.41374
12	51800000	51900000	0.51682
12	51900000	52000000	0.47362
12	52000000	52100000	0.54317
12	52100000	52200000	0.52032
12	52200000	52300000	0.5021
12	52300000	52400000	0.50323
12	52400000	52500000	0.46142
12	52500000	52600000	0.48371
12	52600000	52700000	0.472
12	52700000	52800000	0.47892
12	52800000	52900000	0.50595
12	52900000	53000000	0.49198
12	53000000	53100000	0.49151
12	53100000	53200000	0.4708
12	53200000	53300000	0.51513
12	53300000	53400000	0.49733
12	53400000	53500000	0.47605
12	53500000	53600000	0.44371
12	53600000	53700000	0.44001
12	53700000	53800000	0.46975
12	53800000	53900000	0.41941
12	53900000	54000000	0.48767
12	54000000	54100000	0.50186
12	54100000	54200000	0.50324
12	54200000	54300000	0.46209
12	54300000	54400000	0.4949
12	54400000	54500000	0.45391
12	54500000	54600000	0.46499
12	54600000	54700000	0.43293
12	54700000	54800000	0.39121
12	54800000	54900000	0.37623
12	54900000	55000000	0.40165
12	55000000	55100000	0.39274
12	55100000	55200000	0.36005
12	55200000	55300000	0.34656
12	55300000	55400000	0.35416
12	55400000	55500000	0.36222
12	55500000	55600000	0.39388
12	55600000	55700000	0.45463
12	55700000	55800000	0.47645
12	55800000	55900000	0.45366
12	55900000	56000000	0.47022
12	56000000	56100000	0.48474
12	56100000	56200000	0.4908
12	56200000	56300000	0.4947
12	56300000	56400000	0.46707
12	56400000	56500000	0.47247
12	56500000	56600000	0.44204
12	56600000	56700000	0.4686
12	56700000	56800000	0.45566
12	56800000	56900000	0.4185
12	56900000	57000000	0.45711
12	57000000	57100000	0.4789
12	57100000	57200000	0.53846
12	57200000	57300000	0.51507
12	57300000	57400000	0.42373
12	57400000	57500000	0.48445
12	57500000	57600000	0.48813
12	57600000	57700000	0.46557
12	57700000	57800000	0.49028
12	57800000	57900000	0.49148
12	57900000	58000000	0.39745
12	58000000	58100000	0.40202
12	58100000	58200000	0.39084
12	58200000	58300000	0.38726
12	58300000	58400000	0.3949
12	58400000	58500000	0.38404
12	58500000	58600000	0.38912
12	58600000	58700000	0.37872
12	58700000	58800000	0.35714
12	58800000	58900000	0.38244
12	58900000	59000000	0.37489
12	59000000	59100000	0.36571
12	59100000	59200000	0.37485
12	59200000	59300000	0.35922
12	59300000	59400000	0.3604
12	59400000	59500000	0.35714
12	59500000	59600000	0.3788
12	59600000	59700000	0.35444
12	59700000	59800000	0.36132
12	59800000	59900000	0.3612
12	59900000	60000000	0.35621
12	60000000	60100000	0.34967
12	60100000	60200000	0.33644
12	60200000	60300000	0.35514
12	60300000	60400000	0.34595
12	60400000	60500000	0.3389
12	60500000	60600000	0.34978
12	60600000	60700000	0.35613
12	60700000	60800000	0.34939
12	60800000	60900000	0.34155
12	60900000	61000000	0.34913
12	61000000	61100000	0.34456
12	61100000	61200000	0.3509
12	61200000	61300000	0.36099
12	61300000	61400000	0.35955
12	61400000	61500000	0.36489
12	61500000	61600000	0.38025
12	61600000	61700000	0.36296
12	61700000	61800000	0.35633
12	61800000	61900000	0.36311
12	61900000	62000000	0.37161
12	62000000	62100000	0.36632
12	62100000	62200000	0.37713
12	62200000	62300000	0.37509
12	62300000	62400000	0.34284
12	62400000	62500000	0.3839
12	62500000	62600000	0.35766
12	62600000	62700000	0.42958
12	62700000	62800000	0.4392
12	62800000	62900000	0.41303
12	62900000	63000000	0.39654
12	63000000	63100000	0.39131
12	63100000	63200000	0.38573
12	63200000	63300000	0.36249
12	63300000	63400000	0.38762
12	63400000	63500000	0.37181
12	63500000	63600000	0.36695
12	63600000	63700000	0.37062
12	63700000	63800000	0.38023
12	63800000	63900000	0.40793
12	63900000	64000000	0.39204
12	64000000	64100000	0.3856
12	64100000	64200000	0.4062
12	64200000	64300000	0.40393
12	64300000	64400000	0.42063
12	64400000	64500000	0.39145
12	64500000	64600000	0.43645
12	64600000	64700000	0.43783
12	64700000	64800000	0.42147
12	64800000	64900000	0.41508
12	64900000	65000000	0.40526
12	65000000	65100000	0.3888
12	65100000	65200000	0.37648
12	65200000	65300000	0.36818
12	65300000	65400000	0.35902
12	65400000	65500000	0.38124
12	65500000	65600000	0.41124
12	65600000	65700000	0.3918
12	65700000	65800000	0.40965
12	65800000	65900000	0.3976
12	65900000	66000000	0.38986
12	66000000	66100000	0.38665
12	66100000	66200000	0.40578
12	66200000	66300000	0.40229
12	66300000	66400000	0.4071
12	66400000	66500000	0.39444
12	66500000	66600000	0.38639
12	66600000	66700000	0.38008
12	66700000	66800000	0.38154
12	66800000	66900000	0.37804
12	66900000	67000000	0.37787
12	67000000	67100000	0.38683
12	67100000	67200000	0.38664
12	67200000	67300000	0.37031
12	67300000	67400000	0.38623
12	67400000	67500000	0.41261
12	67500000	67600000	0.40336
12	67600000	67700000	0.40183
12	67700000	67800000	0.41337
12	67800000	67900000	0.39196
12	67900000	68000000	0.39089
12	68000000	68100000	0.38756
12	68100000	68200000	0.39185
12	68200000	68300000	0.39314
12	68300000	68400000	0.40629
12	68400000	68500000	0.40942
12	68500000	68600000	0.40073
12	68600000	68700000	0.39809
12	68700000	68800000	0.41392
12	68800000	68900000	0.41358
12	68900000	69000000	0.40703
12	69000000	69100000	0.40751
12	69100000	69200000	0.4211
12	69200000	69300000	0.38008
12	69300000	69400000	0.39343
12	69400000	69500000	0.40733
12	69500000	69600000	0.38184
12	69600000	69700000	0.42328
12	69700000	69800000	0.38116
12	69800000	69900000	0.39202
12	69900000	70000000	0.40254
12	70000000	70100000	0.3906
12	70100000	70200000	0.36979
12	70200000	70300000	0.37341
12	70300000	70400000	0.35975
12	70400000	70500000	0.40195
12	70500000	70600000	0.40314
12	70600000	70700000	0.38098
12	70700000	70800000	0.37772
12	70800000	70900000	0.37782
12	70900000	71000000	0.36243
12	71000000	71100000	0.37352
12	71100000	71200000	0.38277
12	71200000	71300000	0.36501
12	71300000	71400000	0.36154
12	71400000	71500000	0.3859
12	71500000	71600000	0.38658
12	71600000	71700000	0.36821
12	71700000	71800000	0.38577
12	71800000	71900000	0.37911
12	71900000	72000000	0.38622
12	72000000	72100000	0.38688
12	72100000	72200000	0.38191
12	72200000	72300000	0.3712
12	72300000	72400000	0.37004
12	72400000	72500000	0.34993
12	72500000	72600000	0.34228
12	72600000	72700000	0.34805
12	72700000	72800000	0.37913
12	72800000	72900000	0.37297
12	72900000	73000000	0.34548
12	73000000	73100000	0.36339
12	73100000	73200000	0.35011
12	73200000	73300000	0.3553
12	73300000	73400000	0.35294
12	73400000	73500000	0.34935
12	73500000	73600000	0.34409
12	73600000	73700000	0.35286
12	73700000	73800000	0.33584
12	73800000	73900000	0.35039
12	73900000	74000000	0.34534
12	74000000	74100000	0.34464
12	74100000	74200000	0.34704
12	74200000	74300000	0.37118
12	74300000	74400000	0.34687
12	74400000	74500000	0.35821
12	74500000	74600000	0.36202
12	74600000	74700000	0.3456
12	74700000	74800000	0.34661
12	74800000	74900000	0.35193
12	74900000	75000000	0.34384
12	75000000	75100000	0.34861
12	75100000	75200000	0.34213
12	75200000	75300000	0.3491
12	75300000	75400000	0.3547
12	75400000	75500000	0.37699
12	75500000	75600000	0.37257
12	75600000	75700000	0.37695
12	75700000	75800000	0.38857
12	75800000	75900000	0.39828
12	75900000	76000000	0.41615
12	76000000	76100000	0.3981
12	76100000	76200000	0.40625
12	76200000	76300000	0.41191
12	76300000	76400000	0.38629
12	76400000	76500000	0.3617
12	76500000	76600000	0.3854
12	76600000	76700000	0.40469
12	76700000	76800000	0.39621
12	76800000	76900000	0.37856
12	76900000	77000000	0.38093
12	77000000	77100000	0.39845
12	77100000	77200000	0.37377
12	77200000	77300000	0.3819
12	77300000	77400000	0.3791
12	77400000	77500000	0.37047
12	77500000	77600000	0.36436
12	77600000	77700000	0.35726
12	77700000	77800000	0.36284
12	77800000	77900000	0.35599
12	77900000	78000000	0.34474
12	78000000	78100000	0.36397
12	78100000	78200000	0.33876
12	78200000	78300000	0.36433
12	78300000	78400000	0.35231
12	78400000	78500000	0.36479
12	78500000	78600000	0.35776
12	78600000	78700000	0.35867
12	78700000	78800000	0.33989
12	78800000	78900000	0.33866
12	78900000	79000000	0.3402
12	79000000	79100000	0.34747
12	79100000	79200000	0.35458
12	79200000	79300000	0.35973
12	79300000	79400000	0.37437
12	79400000	79500000	0.39228
12	79500000	79600000	0.40878
12	79600000	79700000	0.37369
12	79700000	79800000	0.37305
12	79800000	79900000	0.36248
12	79900000	80000000	0.38124
12	80000000	80100000	0.37777
12	80100000	80200000	0.38177
12	80200000	80300000	0.36314
12	80300000	80400000	0.35944
12	80400000	80500000	0.35751
12	80500000	80600000	0.35038
12	80600000	80700000	0.33324
12	80700000	80800000	0.37629
12	80800000	80900000	0.36871
12	80900000	81000000	0.36128
12	81000000	81100000	0.35927
12	81100000	81200000	0.35221
12	81200000	81300000	0.34697
12	81300000	81400000	0.34074
12	81400000	81500000	0.34457
12	81500000	81600000	0.34633
12	81600000	81700000	0.34993
12	81700000	81800000	0.34985
12	81800000	81900000	0.35652
12	81900000	82000000	0.36192
12	82000000	82100000	0.35967
12	82100000	82200000	0.3603
12	82200000	82300000	0.36364
12	82300000	82400000	0.36068
12	82400000	82500000	0.34255
12	82500000	82600000	0.36547
12	82600000	82700000	0.37698
12	82700000	82800000	0.38974
12	82800000	82900000	0.37741
12	82900000	83000000	0.35673
12	83000000	83100000	0.36986
12	83100000	83200000	0.37377
12	83200000	83300000	0.3709
12	83300000	83400000	0.35795
12	83400000	83500000	0.3575
12	83500000	83600000	0.37211
12	83600000	83700000	0.36304
12	83700000	83800000	0.35721
12	83800000	83900000	0.35662
12	83900000	84000000	0.33767
12	84000000	84100000	0.35684
12	84100000	84200000	0.35368
12	84200000	84300000	0.33376
12	84300000	84400000	0.35587
12	84400000	84500000	0.33822
12	84500000	84600000	0.34156
12	84600000	84700000	0.33672
12	84700000	84800000	0.34765
12	84800000	84900000	0.34695
12	84900000	85000000	0.35436
12	85000000	85100000	0.34382
12	85100000	85200000	0.33156
12	85200000	85300000	0.33634
12	85300000	85400000	0.34491
12	85400000	85500000	0.35284
12	85500000	85600000	0.34585
12	85600000	85700000	0.35461
12	85700000	85800000	0.35101
12	85800000	85900000	0.356
12	85900000	86000000	0.3495
12	86000000	86100000	0.35632
12	86100000	86200000	0.34333
12	86200000	86300000	0.34594
12	86300000	86400000	0.34962
12	86400000	86500000	0.34103
12	86500000	86600000	0.34836
12	86600000	86700000	0.34742
12	86700000	86800000	0.34494
12	86800000	86900000	0.33393
12	86900000	87000000	0.34732
12	87000000	87100000	0.33546
12	87100000	87200000	0.34738
12	87200000	87300000	0.34547
12	87300000	87400000	0.35147
12	87400000	87500000	0.36633
12	87500000	87600000	0.3579
12	87600000	87700000	0.35845
12	87700000	87800000	0.35416
12	87800000	87900000	0.349
12	87900000	88000000	0.37119
12	88000000	88100000	0.35275
12	88100000	88200000	0.34258
12	88200000	88300000	0.37724
12	88300000	88400000	0.3635
12	88400000	88500000	0.36603
12	88500000	88600000	0.37122
12	88600000	88700000	0.36514
12	88700000	88800000	0.3599
12	88800000	88900000	0.36371
12	88900000	89000000	0.36276
12	89000000	89100000	0.38701
12	89100000	89200000	0.37409
12	89200000	89300000	0.378
12	89300000	89400000	0.41504
12	89400000	89500000	0.39649
12	89500000	89600000	0.39945
12	89600000	89700000	0.36156
12	89700000	89800000	0.38504
12	89800000	89900000	0.3707
12	89900000	90000000	0.37612
12	90000000	90100000	0.37154
12	90100000	90200000	0.36633
12	90200000	90300000	0.36261
12	90300000	90400000	0.35594
12	90400000	90500000	0.35161
12	90500000	90600000	0.35008
12	90600000	90700000	0.34575
12	90700000	90800000	0.34612
12	90800000	90900000	0.35888
12	90900000	91000000	0.36771
12	91000000	91100000	0.3454
12	91100000	91200000	0.34666
12	91200000	91300000	0.35422
12	91300000	91400000	0.36693
12	91400000	91500000	0.35592
12	91500000	91600000	0.36164
12	91600000	91700000	0.36975
12	91700000	91800000	0.36349
12	91800000	91900000	0.37096
12	91900000	92000000	0.37892
12	92000000	92100000	0.39203
12	92100000	92200000	0.38689
12	92200000	92300000	0.39637
12	92300000	92400000	0.39706
12	92400000	92500000	0.39293
12	92500000	92600000	0.3992
12	92600000	92700000	0.39401
12	92700000	92800000	0.39133
12	92800000	92900000	0.36479
12	92900000	93000000	0.41649
12	93000000	93100000	0.41548
12	93100000	93200000	0.41481
12	93200000	93300000	0.41114
12	93300000	93400000	0.43011
12	93400000	93500000	0.40713
12	93500000	93600000	0.4183
12	93600000	93700000	0.40719
12	93700000	93800000	0.39349
12	93800000	93900000	0.42125
12	93900000	94000000	0.41381
12	94000000	94100000	0.42031
12	94100000	94200000	0.45159
12	94200000	94300000	0.43318
12	94300000	94400000	0.37646
12	94400000	94500000	0.3842
12	94500000	94600000	0.43803
12	94600000	94700000	0.42744
12	94700000	94800000	0.41865
12	94800000	94900000	0.41913
12	94900000	95000000	0.43275
12	95000000	95100000	0.39933
12	95100000	95200000	0.41555
12	95200000	95300000	0.39114
12	95300000	95400000	0.41154
12	95400000	95500000	0.42694
12	95500000	95600000	0.41623
12	95600000	95700000	0.41804
12	95700000	95800000	0.40157
12	95800000	95900000	0.40122
12	95900000	96000000	0.42426
12	96000000	96100000	0.4202
12	96100000	96200000	0.45277
12	96200000	96300000	0.42465
12	96300000	96400000	0.38079
12	96400000	96500000	0.41885
12	96500000	96600000	0.37816
12	96600000	96700000	0.38562
12	96700000	96800000	0.37678
12	96800000	96900000	0.38474
12	96900000	97000000	0.36535
12	97000000	97100000	0.38752
12	97100000	97200000	0.3915
12	97200000	97300000	0.39117
12	97300000	97400000	0.40057
12	97400000	97500000	0.37299
12	97500000	97600000	0.36862
12	97600000	97700000	0.39735
12	97700000	97800000	0.38622
12	97800000	97900000	0.3775
12	97900000	98000000	0.39095
12	98000000	98100000	0.38993
12	98100000	98200000	0.39805
12	98200000	98300000	0.39589
12	98300000	98400000	0.40764
12	98400000	98500000	0.43216
12	98500000	98600000	0.42187
12	98600000	98700000	0.40811
12	98700000	98800000	0.41703
12	98800000	98900000	0.3969
12	98900000	99000000	0.39163
12	99000000	99100000	0.39204
12	99100000	99200000	0.38095
12	99200000	99300000	0.374
12	99300000	99400000	0.36458
12	99400000	99500000	0.358
12	99500000	99600000	0.36158
12	99600000	99700000	0.36789
12	99700000	99800000	0.37223
12	99800000	99900000	0.35954
12	99900000	100000000	0.39203
12	100000000	100100000	0.38263
12	100100000	100200000	0.4352
12	100200000	100300000	0.39953
12	100300000	100400000	0.40315
12	100400000	100500000	0.40414
12	100500000	100600000	0.39458
12	100600000	100700000	0.39825
12	100700000	100800000	0.40259
12	100800000	100900000	0.38639
12	100900000	101000000	0.39089
12	101000000	101100000	0.39224
12	101100000	101200000	0.38018
12	101200000	101300000	0.40389
12	101300000	101400000	0.39208
12	101400000	101500000	0.41844
12	101500000	101600000	0.40387
12	101600000	101700000	0.39267
12	101700000	101800000	0.38857
12	101800000	101900000	0.43335
12	101900000	102000000	0.41172
12	102000000	102100000	0.36817
12	102100000	102200000	0.3639
12	102200000	102300000	0.3678
12	102300000	102400000	0.39064
12	102400000	102500000	0.39949
12	102500000	102600000	0.40874
12	102600000	102700000	0.39236
12	102700000	102800000	0.40059
12	102800000	102900000	0.4137
12	102900000	103000000	0.40997
12	103000000	103100000	0.37918
12	103100000	103200000	0.37678
12	103200000	103300000	0.37914
12	103300000	103400000	0.38314
12	103400000	103500000	0.38499
12	103500000	103600000	0.39994
12	103600000	103700000	0.42875
12	103700000	103800000	0.44456
12	103800000	103900000	0.42562
12	103900000	104000000	0.41299
12	104000000	104100000	0.40699
12	104100000	104200000	0.41147
12	104200000	104300000	0.43571
12	104300000	104400000	0.42956
12	104400000	104500000	0.44736
12	104500000	104600000	0.45129
12	104600000	104700000	0.45933
12	104700000	104800000	0.45061
12	104800000	104900000	0.3651
12	104900000	105000000	0.39875
12	105000000	105100000	0.40023
12	105100000	105200000	0.37437
12	105200000	105300000	0.42195
12	105300000	105400000	0.42496
12	105400000	105500000	0.42161
12	105500000	105600000	0.4267
12	105600000	105700000	0.41252
12	105700000	105800000	0.41008
12	105800000	105900000	0.41146
12	105900000	106000000	0.42169
12	106000000	106100000	0.43218
12	106100000	106200000	0.444
12	106200000	106300000	0.44151
12	106300000	106400000	0.41622
12	106400000	106500000	0.39167
12	106500000	106600000	0.42206
12	106600000	106700000	0.41995
12	106700000	106800000	0.422
12	106800000	106900000	0.38753
12	106900000	107000000	0.40492
12	107000000	107100000	0.38166
12	107100000	107200000	0.41098
12	107200000	107300000	0.42027
12	107300000	107400000	0.45775
12	107400000	107500000	0.47119
12	107500000	107600000	0.44382
12	107600000	107700000	0.45964
12	107700000	107800000	0.4145
12	107800000	107900000	0.42324
12	107900000	108000000	0.41694
12	108000000	108100000	0.43322
12	108100000	108200000	0.46329
12	108200000	108300000	0.4633
12	108300000	108400000	0.47011
12	108400000	108500000	0.44878
12	108500000	108600000	0.46582
12	108600000	108700000	0.45598
12	108700000	108800000	0.4608
12	108800000	108900000	0.47898
12	108900000	109000000	0.45723
12	109000000	109100000	0.43617
12	109100000	109200000	0.46162
12	109200000	109300000	0.48938
12	109300000	109400000	0.42292
12	109400000	109500000	0.45261
12	109500000	109600000	0.50633
12	109600000	109700000	0.49967
12	109700000	109800000	0.52314
12	109800000	109900000	0.50077
12	109900000	110000000	0.45877
12	110000000	110100000	0.4543
12	110100000	110200000	0.4162
12	110200000	110300000	0.43343
12	110300000	110400000	0.44727
12	110400000	110500000	0.44785
12	110500000	110600000	0.43238
12	110600000	110700000	0.47026
12	110700000	110800000	0.45087
12	110800000	110900000	0.47713
12	110900000	111000000	0.46245
12	111000000	111100000	0.48778
12	111100000	111200000	0.48019
12	111200000	111300000	0.49592
12	111300000	111400000	0.50604
12	111400000	111500000	0.48071
12	111500000	111600000	0.42178
12	111600000	111700000	0.46015
12	111700000	111800000	0.48543
12	111800000	111900000	0.44646
12	111900000	112000000	0.40205
12	112000000	112100000	0.41649
12	112100000	112200000	0.47905
12	112200000	112300000	0.41767
12	112300000	112400000	0.42024
12	112400000	112500000	0.43689
12	112500000	112600000	0.45317
12	112600000	112700000	0.42777
12	112700000	112800000	0.43433
12	112800000	112900000	0.4492
12	112900000	113000000	0.44568
12	113000000	113100000	0.49613
12	113100000	113200000	0.52092
12	113200000	113300000	0.49921
12	113300000	113400000	0.50334
12	113400000	113500000	0.49579
12	113500000	113600000	0.47397
12	113600000	113700000	0.46807
12	113700000	113800000	0.47589
12	113800000	113900000	0.51501
12	113900000	114000000	0.48358
12	114000000	114100000	0.44977
12	114100000	114200000	0.44527
12	114200000	114300000	0.42869
12	114300000	114400000	0.44091
12	114400000	114500000	0.45114
12	114500000	114600000	0.41782
12	114600000	114700000	0.46645
12	114700000	114800000	0.46818
12	114800000	114900000	0.44262
12	114900000	115000000	0.42037
12	115000000	115100000	0.42367
12	115100000	115200000	0.40929
12	115200000	115300000	0.43525
12	115300000	115400000	0.41599
12	115400000	115500000	0.42558
12	115500000	115600000	0.43766
12	115600000	115700000	0.4352
12	115700000	115800000	0.41842
12	115800000	115900000	0.43659
12	115900000	116000000	0.42416
12	116000000	116100000	0.36844
12	116100000	116200000	0.37029
12	116200000	116300000	0.388
12	116300000	116400000	0.45664
12	116400000	116500000	0.47822
12	116500000	116600000	0.46294
12	116600000	116700000	0.46303
12	116700000	116800000	0.45919
12	116800000	116900000	0.47683
12	116900000	117000000	0.42637
12	117000000	117100000	0.49747
12	117100000	117200000	0.46105
12	117200000	117300000	0.47148
12	117300000	117400000	0.47658
12	117400000	117500000	0.47029
12	117500000	117600000	0.4513
12	117600000	117700000	0.44169
12	117700000	117800000	0.43988
12	117800000	117900000	0.45318
12	117900000	118000000	0.43824
12	118000000	118100000	0.46432
12	118100000	118200000	0.44402
12	118200000	118300000	0.39622
12	118300000	118400000	0.409
12	118400000	118500000	0.4287
12	118500000	118600000	0.43162
12	118600000	118700000	0.42385
12	118700000	118800000	0.43572
12	118800000	118900000	0.41088
12	118900000	119000000	0.42382
12	119000000	119100000	0.43635
12	119100000	119200000	0.45682
12	119200000	119300000	0.43604
12	119300000	119400000	0.43948
12	119400000	119500000	0.43575
12	119500000	119600000	0.42677
12	119600000	119700000	0.44118
12	119700000	119800000	0.43185
12	119800000	119900000	0.43622
12	119900000	120000000	0.45578
12	120000000	120100000	0.44657
12	120100000	120200000	0.50356
12	120200000	120300000	0.50933
12	120300000	120400000	0.49434
12	120400000	120500000	0.46948
12	120500000	120600000	0.46483
12	120600000	120700000	0.48929
12	120700000	120800000	0.4691
12	120800000	120900000	0.39882
12	120900000	121000000	0.48137
12	121000000	121100000	0.46954
12	121100000	121200000	0.46241
12	121200000	121300000	0.49983
12	121300000	121400000	0.44643
12	121400000	121500000	0.48034
12	121500000	121600000	0.5093
12	121600000	121700000	0.49824
12	121700000	121800000	0.5232
12	121800000	121900000	0.51776
12	121900000	122000000	0.46551
12	122000000	122100000	0.50954
12	122100000	122200000	0.50119
12	122200000	122300000	0.45594
12	122300000	122400000	0.43958
12	122400000	122500000	0.45118
12	122500000	122600000	0.41253
12	122600000	122700000	0.44976
12	122700000	122800000	0.45271
12	122800000	122900000	0.49972
12	122900000	123000000	0.5293
12	123000000	123100000	0.51144
12	123100000	123200000	0.4607
12	123200000	123300000	0.46672
12	123300000	123400000	0.46074
12	123400000	123500000	0.490481444332999
12	123500000	123600000	0.47896
12	123600000	123700000	0.44855
12	123700000	123800000	0.45322
12	123800000	123900000	0.44948
12	123900000	124000000	0.47294
12	124000000	124100000	0.45825
12	124100000	124200000	0.47024
12	124200000	124300000	0.48173
12	124300000	124400000	0.58558
12	124400000	124500000	0.56778
12	124500000	124600000	0.54674
12	124600000	124700000	0.51538
12	124700000	124800000	0.50826
12	124800000	124900000	0.51082
12	124900000	125000000	0.50146
12	125000000	125100000	0.48407
12	125100000	125200000	0.50453
12	125200000	125300000	0.46814
12	125300000	125400000	0.44122
12	125400000	125500000	0.43648
12	125500000	125600000	0.42706
12	125600000	125700000	0.40897
12	125700000	125800000	0.41297
12	125800000	125900000	0.41737
12	125900000	126000000	0.41122
12	126000000	126100000	0.41461
12	126100000	126200000	0.41476
12	126200000	126300000	0.40303
12	126300000	126400000	0.40416
12	126400000	126500000	0.40424
12	126500000	126600000	0.39185
12	126600000	126700000	0.40273
12	126700000	126800000	0.41675
12	126800000	126900000	0.40497
12	126900000	127000000	0.39709
12	127000000	127100000	0.39627
12	127100000	127200000	0.42132
12	127200000	127300000	0.41448
12	127300000	127400000	0.41562
12	127400000	127500000	0.42614
12	127500000	127600000	0.4135
12	127600000	127700000	0.42101
12	127700000	127800000	0.41485
12	127800000	127900000	0.41091
12	127900000	128000000	0.40094
12	128000000	128100000	0.42878
12	128100000	128200000	0.43192
12	128200000	128300000	0.44049
12	128300000	128400000	0.44623
12	128400000	128500000	0.44059
12	128500000	128600000	0.45929
12	128600000	128700000	0.45873
12	128700000	128800000	0.46672
12	128800000	128900000	0.46069
12	128900000	129000000	0.4615
12	129000000	129100000	0.46179
12	129100000	129200000	0.43663
12	129200000	129300000	0.4216
12	129300000	129400000	0.41941
12	129400000	129500000	0.4233
12	129500000	129600000	0.41118
12	129600000	129700000	0.41864
12	129700000	129800000	0.43157
12	129800000	129900000	0.43482
12	129900000	130000000	0.44336
12	130000000	130100000	0.48211
12	130100000	130200000	0.48922
12	130200000	130300000	0.44404
12	130300000	130400000	0.43033
12	130400000	130500000	0.50932
12	130500000	130600000	0.46526
12	130600000	130700000	0.48886
12	130700000	130800000	0.47976
12	130800000	130900000	0.4627
12	130900000	131000000	0.45669
12	131000000	131100000	0.53149
12	131100000	131200000	0.47839
12	131200000	131300000	0.53949
12	131300000	131400000	0.50114
12	131400000	131500000	0.50756
12	131500000	131600000	0.49191
12	131600000	131700000	0.52567
12	131700000	131800000	0.46542
12	131800000	131900000	0.54599
12	131900000	132000000	0.51492
12	132000000	132100000	0.47964
12	132100000	132200000	0.55925
12	132200000	132300000	0.5793838383838383
12	132300000	132400000	0.57744
12	132400000	132500000	0.59829
12	132500000	132600000	0.61687
12	132600000	132700000	0.52556
12	132700000	132800000	0.53085
12	132800000	132900000	0.50873
12	132900000	133000000	0.45348
12	133000000	133100000	0.41704
12	133100000	133200000	0.40592
12	133200000	133275309	0.45621583548974876
13	0	100000	
13	100000	200000	
13	200000	300000	
13	300000	400000	
13	400000	500000	
13	500000	600000	
13	600000	700000	
13	700000	800000	
13	800000	900000	
13	900000	1000000	
13	1000000	1100000	
13	1100000	1200000	
13	1200000	1300000	
13	1300000	1400000	
13	1400000	1500000	
13	1500000	1600000	
13	1600000	1700000	
13	1700000	1800000	
13	1800000	1900000	
13	1900000	2000000	
13	2000000	2100000	
13	2100000	2200000	
13	2200000	2300000	
13	2300000	2400000	
13	2400000	2500000	
13	2500000	2600000	
13	2600000	2700000	
13	2700000	2800000	
13	2800000	2900000	
13	2900000	3000000	
13	3000000	3100000	
13	3100000	3200000	
13	3200000	3300000	
13	3300000	3400000	
13	3400000	3500000	
13	3500000	3600000	
13	3600000	3700000	
13	3700000	3800000	
13	3800000	3900000	
13	3900000	4000000	
13	4000000	4100000	
13	4100000	4200000	
13	4200000	4300000	
13	4300000	4400000	
13	4400000	4500000	
13	4500000	4600000	
13	4600000	4700000	
13	4700000	4800000	
13	4800000	4900000	
13	4900000	5000000	
13	5000000	5100000	
13	5100000	5200000	
13	5200000	5300000	
13	5300000	5400000	
13	5400000	5500000	
13	5500000	5600000	
13	5600000	5700000	
13	5700000	5800000	
13	5800000	5900000	
13	5900000	6000000	
13	6000000	6100000	
13	6100000	6200000	
13	6200000	6300000	
13	6300000	6400000	
13	6400000	6500000	
13	6500000	6600000	
13	6600000	6700000	
13	6700000	6800000	
13	6800000	6900000	
13	6900000	7000000	
13	7000000	7100000	
13	7100000	7200000	
13	7200000	7300000	
13	7300000	7400000	
13	7400000	7500000	
13	7500000	7600000	
13	7600000	7700000	
13	7700000	7800000	
13	7800000	7900000	
13	7900000	8000000	
13	8000000	8100000	
13	8100000	8200000	
13	8200000	8300000	
13	8300000	8400000	
13	8400000	8500000	
13	8500000	8600000	
13	8600000	8700000	
13	8700000	8800000	
13	8800000	8900000	
13	8900000	9000000	
13	9000000	9100000	
13	9100000	9200000	
13	9200000	9300000	
13	9300000	9400000	
13	9400000	9500000	
13	9500000	9600000	
13	9600000	9700000	
13	9700000	9800000	
13	9800000	9900000	
13	9900000	10000000	
13	10000000	10100000	
13	10100000	10200000	
13	10200000	10300000	
13	10300000	10400000	
13	10400000	10500000	
13	10500000	10600000	
13	10600000	10700000	
13	10700000	10800000	
13	10800000	10900000	
13	10900000	11000000	
13	11000000	11100000	
13	11100000	11200000	
13	11200000	11300000	
13	11300000	11400000	
13	11400000	11500000	
13	11500000	11600000	
13	11600000	11700000	
13	11700000	11800000	
13	11800000	11900000	
13	11900000	12000000	
13	12000000	12100000	
13	12100000	12200000	
13	12200000	12300000	
13	12300000	12400000	
13	12400000	12500000	
13	12500000	12600000	
13	12600000	12700000	
13	12700000	12800000	
13	12800000	12900000	
13	12900000	13000000	
13	13000000	13100000	
13	13100000	13200000	
13	13200000	13300000	
13	13300000	13400000	
13	13400000	13500000	
13	13500000	13600000	
13	13600000	13700000	
13	13700000	13800000	
13	13800000	13900000	
13	13900000	14000000	
13	14000000	14100000	
13	14100000	14200000	
13	14200000	14300000	
13	14300000	14400000	
13	14400000	14500000	
13	14500000	14600000	
13	14600000	14700000	
13	14700000	14800000	
13	14800000	14900000	
13	14900000	15000000	
13	15000000	15100000	
13	15100000	15200000	
13	15200000	15300000	
13	15300000	15400000	
13	15400000	15500000	
13	15500000	15600000	
13	15600000	15700000	
13	15700000	15800000	
13	15800000	15900000	
13	15900000	16000000	
13	16000000	16100000	0.3648148148148148
13	16100000	16200000	0.37422845691382767
13	16200000	16300000	0.37521608040201004
13	16300000	16400000	0.38798
13	16400000	16500000	0.38842
13	16500000	16600000	0.38913
13	16600000	16700000	0.3881
13	16700000	16800000	0.38878
13	16800000	16900000	0.38824
13	16900000	17000000	0.38853
13	17000000	17100000	0.38832
13	17100000	17200000	0.38848
13	17200000	17300000	0.38864
13	17300000	17400000	0.38851
13	17400000	17500000	0.3848192771084337
13	17500000	17600000	0.38523
13	17600000	17700000	0.3864
13	17700000	17800000	0.38641
13	17800000	17900000	0.38651
13	17900000	18000000	0.38696
13	18000000	18100000	0.38703949422416484
13	18100000	18200000	0.400946021146355
13	18200000	18300000	0.48175
13	18300000	18400000	0.3998382266891543
13	18400000	18500000	0.37206999368838006
13	18500000	18600000	0.37569
13	18600000	18700000	0.42458
13	18700000	18800000	0.44767
13	18800000	18900000	0.39321
13	18900000	19000000	0.43425
13	19000000	19100000	0.43957
13	19100000	19200000	0.45574
13	19200000	19300000	0.38486
13	19300000	19400000	0.40601
13	19400000	19500000	0.39252
13	19500000	19600000	0.40585
13	19600000	19700000	0.42158
13	19700000	19800000	0.41975
13	19800000	19900000	0.43572
13	19900000	20000000	0.41223
13	20000000	20100000	0.37125
13	20100000	20200000	0.46593
13	20200000	20300000	0.43683
13	20300000	20400000	0.45101
13	20400000	20500000	0.4466
13	20500000	20600000	0.41928
13	20600000	20700000	0.39514
13	20700000	20800000	0.43615
13	20800000	20900000	0.38074
13	20900000	21000000	0.45765
13	21000000	21100000	0.44483
13	21100000	21200000	0.43886
13	21200000	21300000	0.41263
13	21300000	21400000	0.44432
13	21400000	21500000	0.40973
13	21500000	21600000	0.3781
13	21600000	21700000	0.42253
13	21700000	21800000	0.41711
13	21800000	21900000	0.42128
13	21900000	22000000	0.44576
13	22000000	22100000	0.40532
13	22100000	22200000	0.39794
13	22200000	22300000	0.41146
13	22300000	22400000	0.37567
13	22400000	22500000	0.3775
13	22500000	22600000	0.37156
13	22600000	22700000	0.37442
13	22700000	22800000	0.38892
13	22800000	22900000	0.39397
13	22900000	23000000	0.45526
13	23000000	23100000	0.38962
13	23100000	23200000	0.40538
13	23200000	23300000	0.38778
13	23300000	23400000	0.40313
13	23400000	23500000	0.42108
13	23500000	23600000	0.41691
13	23600000	23700000	0.41156
13	23700000	23800000	0.42222
13	23800000	23900000	0.39493
13	23900000	24000000	0.41721
13	24000000	24100000	0.4441
13	24100000	24200000	0.43508
13	24200000	24300000	0.44651
13	24300000	24400000	0.46212
13	24400000	24500000	0.41362
13	24500000	24600000	0.40498
13	24600000	24700000	0.46656
13	24700000	24800000	0.42728
13	24800000	24900000	0.39243
13	24900000	25000000	0.41404
13	25000000	25100000	0.4255
13	25100000	25200000	0.42824
13	25200000	25300000	0.41164
13	25300000	25400000	0.40282
13	25400000	25500000	0.42991
13	25500000	25600000	0.4041
13	25600000	25700000	0.40161
13	25700000	25800000	0.41091
13	25800000	25900000	0.4141
13	25900000	26000000	0.43344
13	26000000	26100000	0.42522
13	26100000	26200000	0.40816
13	26200000	26300000	0.39746
13	26300000	26400000	0.36531
13	26400000	26500000	0.42831
13	26500000	26600000	0.41625
13	26600000	26700000	0.40972
13	26700000	26800000	0.44326
13	26800000	26900000	0.44295
13	26900000	27000000	0.47262
13	27000000	27100000	0.42964
13	27100000	27200000	0.40329
13	27200000	27300000	0.43453
13	27300000	27400000	0.45188
13	27400000	27500000	0.44377
13	27500000	27600000	0.39994
13	27600000	27700000	0.39387
13	27700000	27800000	0.44309
13	27800000	27900000	0.42814
13	27900000	28000000	0.47042
13	28000000	28100000	0.43355
13	28100000	28200000	0.41305
13	28200000	28300000	0.36486
13	28300000	28400000	0.42533
13	28400000	28500000	0.41014
13	28500000	28600000	0.43719
13	28600000	28700000	0.40709
13	28700000	28800000	0.42265
13	28800000	28900000	0.40963
13	28900000	29000000	0.3934
13	29000000	29100000	0.40526
13	29100000	29200000	0.39009
13	29200000	29300000	0.40549
13	29300000	29400000	0.41753
13	29400000	29500000	0.43008
13	29500000	29600000	0.47767
13	29600000	29700000	0.40098
13	29700000	29800000	0.40763
13	29800000	29900000	0.39519
13	29900000	30000000	0.43712
13	30000000	30100000	0.43592
13	30100000	30200000	0.46107
13	30200000	30300000	0.38367
13	30300000	30400000	0.43464
13	30400000	30500000	0.43906
13	30500000	30600000	0.41684
13	30600000	30700000	0.41054
13	30700000	30800000	0.45395
13	30800000	30900000	0.45871
13	30900000	31000000	0.42352
13	31000000	31100000	0.45256
13	31100000	31200000	0.42914
13	31200000	31300000	0.40907
13	31300000	31400000	0.42171
13	31400000	31500000	0.38858
13	31500000	31600000	0.39185
13	31600000	31700000	0.38702
13	31700000	31800000	0.38747
13	31800000	31900000	0.39757
13	31900000	32000000	0.3939
13	32000000	32100000	0.39444
13	32100000	32200000	0.3754
13	32200000	32300000	0.40303
13	32300000	32400000	0.38906
13	32400000	32500000	0.41077
13	32500000	32600000	0.39371
13	32600000	32700000	0.36376
13	32700000	32800000	0.36598
13	32800000	32900000	0.41957
13	32900000	33000000	0.41573
13	33000000	33100000	0.40556
13	33100000	33200000	0.41312
13	33200000	33300000	0.40691
13	33300000	33400000	0.40417
13	33400000	33500000	0.37908
13	33500000	33600000	0.3688
13	33600000	33700000	0.40681
13	33700000	33800000	0.38926
13	33800000	33900000	0.37675
13	33900000	34000000	0.37995
13	34000000	34100000	0.38783
13	34100000	34200000	0.38324
13	34200000	34300000	0.37594
13	34300000	34400000	0.39434
13	34400000	34500000	0.3956
13	34500000	34600000	0.39854
13	34600000	34700000	0.3954
13	34700000	34800000	0.38642
13	34800000	34900000	0.38476
13	34900000	35000000	0.37494
13	35000000	35100000	0.33997
13	35100000	35200000	0.33199
13	35200000	35300000	0.34218
13	35300000	35400000	0.34536
13	35400000	35500000	0.35623
13	35500000	35600000	0.35857
13	35600000	35700000	0.39526
13	35700000	35800000	0.42246
13	35800000	35900000	0.4023
13	35900000	36000000	0.42437
13	36000000	36100000	0.38219
13	36100000	36200000	0.38562
13	36200000	36300000	0.38438
13	36300000	36400000	0.39376
13	36400000	36500000	0.38898
13	36500000	36600000	0.38301
13	36600000	36700000	0.39596
13	36700000	36800000	0.4041
13	36800000	36900000	0.40693
13	36900000	37000000	0.39853
13	37000000	37100000	0.38108
13	37100000	37200000	0.37878
13	37200000	37300000	0.37613
13	37300000	37400000	0.37166
13	37400000	37500000	0.36985
13	37500000	37600000	0.35258
13	37600000	37700000	0.36068
13	37700000	37800000	0.34317
13	37800000	37900000	0.3556
13	37900000	38000000	0.35954
13	38000000	38100000	0.35689
13	38100000	38200000	0.36294
13	38200000	38300000	0.36007
13	38300000	38400000	0.35319
13	38400000	38500000	0.35892
13	38500000	38600000	0.36012
13	38600000	38700000	0.37499
13	38700000	38800000	0.37298
13	38800000	38900000	0.37983
13	38900000	39000000	0.38324
13	39000000	39100000	0.37983
13	39100000	39200000	0.38373
13	39200000	39300000	0.38556
13	39300000	39400000	0.39733
13	39400000	39500000	0.38518
13	39500000	39600000	0.3929
13	39600000	39700000	0.36833
13	39700000	39800000	0.36191
13	39800000	39900000	0.39381
13	39900000	40000000	0.39096
13	40000000	40100000	0.40822
13	40100000	40200000	0.43318
13	40200000	40300000	0.41651
13	40300000	40400000	0.43239
13	40400000	40500000	0.44346
13	40500000	40600000	0.41836
13	40600000	40700000	0.42837
13	40700000	40800000	0.42067
13	40800000	40900000	0.40278
13	40900000	41000000	0.39718
13	41000000	41100000	0.39257
13	41100000	41200000	0.40595
13	41200000	41300000	0.40258
13	41300000	41400000	0.38965
13	41400000	41500000	0.42414
13	41500000	41600000	0.43242
13	41600000	41700000	0.37752
13	41700000	41800000	0.3548
13	41800000	41900000	0.37359
13	41900000	42000000	0.38275
13	42000000	42100000	0.40095
13	42100000	42200000	0.38275
13	42200000	42300000	0.373
13	42300000	42400000	0.3981
13	42400000	42500000	0.39988
13	42500000	42600000	0.40958
13	42600000	42700000	0.40824
13	42700000	42800000	0.38989
13	42800000	42900000	0.39927
13	42900000	43000000	0.39863
13	43000000	43100000	0.39134
13	43100000	43200000	0.41406
13	43200000	43300000	0.40344
13	43300000	43400000	0.40539
13	43400000	43500000	0.38397
13	43500000	43600000	0.37881
13	43600000	43700000	0.38143
13	43700000	43800000	0.39104
13	43800000	43900000	0.37156
13	43900000	44000000	0.40035
13	44000000	44100000	0.39465
13	44100000	44200000	0.41944
13	44200000	44300000	0.43379
13	44300000	44400000	0.43262
13	44400000	44500000	0.41361
13	44500000	44600000	0.39218
13	44600000	44700000	0.42665
13	44700000	44800000	0.42781
13	44800000	44900000	0.44484
13	44900000	45000000	0.41298
13	45000000	45100000	0.41456
13	45100000	45200000	0.40247
13	45200000	45300000	0.39921
13	45300000	45400000	0.47133
13	45400000	45500000	0.41592
13	45500000	45600000	0.4272
13	45600000	45700000	0.41969
13	45700000	45800000	0.44096
13	45800000	45900000	0.4304
13	45900000	46000000	0.40155
13	46000000	46100000	0.36517
13	46100000	46200000	0.39909
13	46200000	46300000	0.37796
13	46300000	46400000	0.42168
13	46400000	46500000	0.39543
13	46500000	46600000	0.41473
13	46600000	46700000	0.40018
13	46700000	46800000	0.37958
13	46800000	46900000	0.39064
13	46900000	47000000	0.38595
13	47000000	47100000	0.36608
13	47100000	47200000	0.38458
13	47200000	47300000	0.38107
13	47300000	47400000	0.36649
13	47400000	47500000	0.38158
13	47500000	47600000	0.38957
13	47600000	47700000	0.38508
13	47700000	47800000	0.40437
13	47800000	47900000	0.41144
13	47900000	48000000	0.38679
13	48000000	48100000	0.4109
13	48100000	48200000	0.4121
13	48200000	48300000	0.38963
13	48300000	48400000	0.36939
13	48400000	48500000	0.37803
13	48500000	48600000	0.40987
13	48600000	48700000	0.40761
13	48700000	48800000	0.40279
13	48800000	48900000	0.40442
13	48900000	49000000	0.38614
13	49000000	49100000	0.36929
13	49100000	49200000	0.37656
13	49200000	49300000	0.40904
13	49300000	49400000	0.39954
13	49400000	49500000	0.38086
13	49500000	49600000	0.42735
13	49600000	49700000	0.44866
13	49700000	49800000	0.39244
13	49800000	49900000	0.43254
13	49900000	50000000	0.41897
13	50000000	50100000	0.37097
13	50100000	50200000	0.40973
13	50200000	50300000	0.39893
13	50300000	50400000	0.39502
13	50400000	50500000	0.38587
13	50500000	50600000	0.39499
13	50600000	50700000	0.39962
13	50700000	50800000	0.40619
13	50800000	50900000	0.38318
13	50900000	51000000	0.39537
13	51000000	51100000	0.43199
13	51100000	51200000	0.42065
13	51200000	51300000	0.44304
13	51300000	51400000	0.39683
13	51400000	51500000	0.37972
13	51500000	51600000	0.40514
13	51600000	51700000	0.39326
13	51700000	51800000	0.42308
13	51800000	51900000	0.44757
13	51900000	52000000	0.45068
13	52000000	52100000	0.4214
13	52100000	52200000	0.40399
13	52200000	52300000	0.39819
13	52300000	52400000	0.41719
13	52400000	52500000	0.40391
13	52500000	52600000	0.39544
13	52600000	52700000	0.39511
13	52700000	52800000	0.43368
13	52800000	52900000	0.44429
13	52900000	53000000	0.43218
13	53000000	53100000	0.4159
13	53100000	53200000	0.39826
13	53200000	53300000	0.40751
13	53300000	53400000	0.38397
13	53400000	53500000	0.3884
13	53500000	53600000	0.36157
13	53600000	53700000	0.35021
13	53700000	53800000	0.36044
13	53800000	53900000	0.34444
13	53900000	54000000	0.352
13	54000000	54100000	0.36059
13	54100000	54200000	0.36061
13	54200000	54300000	0.3509
13	54300000	54400000	0.36329
13	54400000	54500000	0.3592
13	54500000	54600000	0.34518
13	54600000	54700000	0.36531
13	54700000	54800000	0.36416
13	54800000	54900000	0.35448
13	54900000	55000000	0.36285
13	55000000	55100000	0.3556
13	55100000	55200000	0.34308
13	55200000	55300000	0.33915
13	55300000	55400000	0.32909
13	55400000	55500000	0.34412
13	55500000	55600000	0.34739
13	55600000	55700000	0.35543
13	55700000	55800000	0.32492
13	55800000	55900000	0.35016
13	55900000	56000000	0.33379
13	56000000	56100000	0.34414
13	56100000	56200000	0.34838
13	56200000	56300000	0.33513
13	56300000	56400000	0.34062
13	56400000	56500000	0.34548
13	56500000	56600000	0.32967
13	56600000	56700000	0.33996
13	56700000	56800000	0.33593
13	56800000	56900000	0.33631
13	56900000	57000000	0.34994
13	57000000	57100000	0.32733
13	57100000	57200000	0.404
13	57200000	57300000	0.33463
13	57300000	57400000	0.32863
13	57400000	57500000	0.3467
13	57500000	57600000	0.34934
13	57600000	57700000	0.33442
13	57700000	57800000	0.34273
13	57800000	57900000	0.35255
13	57900000	58000000	0.34044
13	58000000	58100000	0.33704
13	58100000	58200000	0.34995
13	58200000	58300000	0.3497
13	58300000	58400000	0.3482
13	58400000	58500000	0.34597
13	58500000	58600000	0.36058
13	58600000	58700000	0.35627
13	58700000	58800000	0.35854
13	58800000	58900000	0.35131
13	58900000	59000000	0.36304
13	59000000	59100000	0.37114
13	59100000	59200000	0.36982
13	59200000	59300000	0.38231
13	59300000	59400000	0.39102
13	59400000	59500000	0.39923
13	59500000	59600000	0.38999
13	59600000	59700000	0.39071
13	59700000	59800000	0.36962
13	59800000	59900000	0.34661
13	59900000	60000000	0.34816
13	60000000	60100000	0.36217
13	60100000	60200000	0.37304
13	60200000	60300000	0.39567
13	60300000	60400000	0.39014
13	60400000	60500000	0.3604
13	60500000	60600000	0.37734
13	60600000	60700000	0.39207
13	60700000	60800000	0.37962
13	60800000	60900000	0.37275
13	60900000	61000000	0.35876
13	61000000	61100000	0.37016
13	61100000	61200000	0.35346
13	61200000	61300000	0.37106
13	61300000	61400000	0.35486
13	61400000	61500000	0.34173
13	61500000	61600000	0.34702
13	61600000	61700000	0.35248
13	61700000	61800000	0.35152
13	61800000	61900000	0.33887
13	61900000	62000000	0.33932
13	62000000	62100000	0.33667
13	62100000	62200000	0.36602
13	62200000	62300000	0.34389
13	62300000	62400000	0.34671
13	62400000	62500000	0.33786
13	62500000	62600000	0.33099
13	62600000	62700000	0.34056
13	62700000	62800000	0.33524
13	62800000	62900000	0.33419
13	62900000	63000000	0.33555
13	63000000	63100000	0.33007
13	63100000	63200000	0.33588
13	63200000	63300000	0.35099
13	63300000	63400000	0.33902
13	63400000	63500000	0.35186
13	63500000	63600000	0.35334
13	63600000	63700000	0.33848
13	63700000	63800000	0.35891
13	63800000	63900000	0.36176
13	63900000	64000000	0.33385
13	64000000	64100000	0.3464
13	64100000	64200000	0.33671
13	64200000	64300000	0.34746
13	64300000	64400000	0.33651
13	64400000	64500000	0.33142
13	64500000	64600000	0.33897
13	64600000	64700000	0.34335
13	64700000	64800000	0.35087
13	64800000	64900000	0.33993
13	64900000	65000000	0.3458
13	65000000	65100000	0.33984
13	65100000	65200000	0.34094
13	65200000	65300000	0.34441
13	65300000	65400000	0.35318
13	65400000	65500000	0.3403
13	65500000	65600000	0.33634
13	65600000	65700000	0.34508
13	65700000	65800000	0.3384
13	65800000	65900000	0.3461
13	65900000	66000000	0.3467
13	66000000	66100000	0.35146
13	66100000	66200000	0.35398
13	66200000	66300000	0.37692
13	66300000	66400000	0.34707
13	66400000	66500000	0.34672
13	66500000	66600000	0.34475
13	66600000	66700000	0.3507
13	66700000	66800000	0.34995
13	66800000	66900000	0.34523
13	66900000	67000000	0.33767
13	67000000	67100000	0.34757
13	67100000	67200000	0.34929
13	67200000	67300000	0.35537
13	67300000	67400000	0.35364
13	67400000	67500000	0.34684
13	67500000	67600000	0.34672
13	67600000	67700000	0.34931
13	67700000	67800000	0.34717
13	67800000	67900000	0.347
13	67900000	68000000	0.35049
13	68000000	68100000	0.34216
13	68100000	68200000	0.35371
13	68200000	68300000	0.34941
13	68300000	68400000	0.34201
13	68400000	68500000	0.33688
13	68500000	68600000	0.34503
13	68600000	68700000	0.32941
13	68700000	68800000	0.32824
13	68800000	68900000	0.34006
13	68900000	69000000	0.33112
13	69000000	69100000	0.33134
13	69100000	69200000	0.33071
13	69200000	69300000	0.34318
13	69300000	69400000	0.32898
13	69400000	69500000	0.34912
13	69500000	69600000	0.35357
13	69600000	69700000	0.35395
13	69700000	69800000	0.34342
13	69800000	69900000	0.34355
13	69900000	70000000	0.33242
13	70000000	70100000	0.34094
13	70100000	70200000	0.34096
13	70200000	70300000	0.34982
13	70300000	70400000	0.34876
13	70400000	70500000	0.34551
13	70500000	70600000	0.33836
13	70600000	70700000	0.33855
13	70700000	70800000	0.33332
13	70800000	70900000	0.34612
13	70900000	71000000	0.33852
13	71000000	71100000	0.35377
13	71100000	71200000	0.35129
13	71200000	71300000	0.34886
13	71300000	71400000	0.3457
13	71400000	71500000	0.34143
13	71500000	71600000	0.32543
13	71600000	71700000	0.34163
13	71700000	71800000	0.34276
13	71800000	71900000	0.35583
13	71900000	72000000	0.35714
13	72000000	72100000	0.37
13	72100000	72200000	0.36512
13	72200000	72300000	0.36151
13	72300000	72400000	0.36506
13	72400000	72500000	0.36529
13	72500000	72600000	0.37702
13	72600000	72700000	0.37739
13	72700000	72800000	0.37552
13	72800000	72900000	0.35897
13	72900000	73000000	0.37417
13	73000000	73100000	0.41233
13	73100000	73200000	0.41036
13	73200000	73300000	0.39732
13	73300000	73400000	0.38168
13	73400000	73500000	0.39105
13	73500000	73600000	0.39021
13	73600000	73700000	0.40106
13	73700000	73800000	0.38434
13	73800000	73900000	0.36937
13	73900000	74000000	0.37368
13	74000000	74100000	0.37248
13	74100000	74200000	0.38656
13	74200000	74300000	0.38186
13	74300000	74400000	0.36734
13	74400000	74500000	0.3726
13	74500000	74600000	0.37043
13	74600000	74700000	0.37223
13	74700000	74800000	0.38846
13	74800000	74900000	0.36959
13	74900000	75000000	0.36557
13	75000000	75100000	0.37259
13	75100000	75200000	0.37877
13	75200000	75300000	0.39836
13	75300000	75400000	0.37716
13	75400000	75500000	0.39262
13	75500000	75600000	0.3809
13	75600000	75700000	0.39538
13	75700000	75800000	0.38008
13	75800000	75900000	0.38431
13	75900000	76000000	0.36602
13	76000000	76100000	0.35764
13	76100000	76200000	0.36422
13	76200000	76300000	0.37276
13	76300000	76400000	0.35904
13	76400000	76500000	0.3597
13	76500000	76600000	0.36976
13	76600000	76700000	0.38572
13	76700000	76800000	0.39507
13	76800000	76900000	0.40268
13	76900000	77000000	0.41849
13	77000000	77100000	0.37708
13	77100000	77200000	0.34853
13	77200000	77300000	0.35357
13	77300000	77400000	0.38664
13	77400000	77500000	0.38078
13	77500000	77600000	0.39236
13	77600000	77700000	0.37942
13	77700000	77800000	0.37394
13	77800000	77900000	0.3652
13	77900000	78000000	0.37928
13	78000000	78100000	0.36901
13	78100000	78200000	0.36674
13	78200000	78300000	0.34944
13	78300000	78400000	0.36655
13	78400000	78500000	0.37292
13	78500000	78600000	0.38184
13	78600000	78700000	0.40243
13	78700000	78800000	0.37534
13	78800000	78900000	0.37529
13	78900000	79000000	0.37535
13	79000000	79100000	0.37559
13	79100000	79200000	0.36949
13	79200000	79300000	0.39616
13	79300000	79400000	0.34419
13	79400000	79500000	0.3774
13	79500000	79600000	0.37161
13	79600000	79700000	0.38066
13	79700000	79800000	0.37181
13	79800000	79900000	0.39801
13	79900000	80000000	0.37715
13	80000000	80100000	0.38501
13	80100000	80200000	0.39004
13	80200000	80300000	0.3893
13	80300000	80400000	0.40491
13	80400000	80500000	0.3779
13	80500000	80600000	0.36615
13	80600000	80700000	0.35863
13	80700000	80800000	0.36052
13	80800000	80900000	0.35174
13	80900000	81000000	0.34643
13	81000000	81100000	0.35731
13	81100000	81200000	0.3526
13	81200000	81300000	0.34398
13	81300000	81400000	0.36373
13	81400000	81500000	0.33758
13	81500000	81600000	0.35117
13	81600000	81700000	0.33867
13	81700000	81800000	0.34807
13	81800000	81900000	0.35028
13	81900000	82000000	0.33689
13	82000000	82100000	0.34469
13	82100000	82200000	0.34167
13	82200000	82300000	0.35318
13	82300000	82400000	0.3473
13	82400000	82500000	0.33643
13	82500000	82600000	0.32911
13	82600000	82700000	0.33104
13	82700000	82800000	0.34374
13	82800000	82900000	0.34758
13	82900000	83000000	0.35071
13	83000000	83100000	0.3366
13	83100000	83200000	0.33892
13	83200000	83300000	0.3423
13	83300000	83400000	0.34587
13	83400000	83500000	0.34025
13	83500000	83600000	0.34308
13	83600000	83700000	0.3661
13	83700000	83800000	0.34512
13	83800000	83900000	0.34295
13	83900000	84000000	0.36263
13	84000000	84100000	0.33841
13	84100000	84200000	0.3523
13	84200000	84300000	0.33921
13	84300000	84400000	0.34891
13	84400000	84500000	0.34685
13	84500000	84600000	0.34877
13	84600000	84700000	0.34904
13	84700000	84800000	0.33617
13	84800000	84900000	0.35454
13	84900000	85000000	0.34265
13	85000000	85100000	0.34712
13	85100000	85200000	0.3593
13	85200000	85300000	0.34831
13	85300000	85400000	0.3445
13	85400000	85500000	0.35741
13	85500000	85600000	0.36079
13	85600000	85700000	0.34672
13	85700000	85800000	0.33848
13	85800000	85900000	0.34163
13	85900000	86000000	0.3452
13	86000000	86100000	0.34044
13	86100000	86200000	0.33885
13	86200000	86300000	0.35432
13	86300000	86400000	0.35085
13	86400000	86500000	0.33424
13	86500000	86600000	0.3403
13	86600000	86700000	0.3458
13	86700000	86800000	0.35432
13	86800000	86900000	0.3591
13	86900000	87000000	0.33384
13	87000000	87100000	0.33989
13	87100000	87200000	0.34084
13	87200000	87300000	0.33531
13	87300000	87400000	0.35707
13	87400000	87500000	0.32911
13	87500000	87600000	0.3482
13	87600000	87700000	0.33912
13	87700000	87800000	0.34235
13	87800000	87900000	0.34865
13	87900000	88000000	0.33982
13	88000000	88100000	0.34105
13	88100000	88200000	0.36695
13	88200000	88300000	0.34634
13	88300000	88400000	0.34207
13	88400000	88500000	0.34976
13	88500000	88600000	0.35697
13	88600000	88700000	0.3423
13	88700000	88800000	0.33681
13	88800000	88900000	0.33677
13	88900000	89000000	0.32984
13	89000000	89100000	0.3446
13	89100000	89200000	0.34321
13	89200000	89300000	0.34123
13	89300000	89400000	0.33968
13	89400000	89500000	0.34904
13	89500000	89600000	0.3516
13	89600000	89700000	0.35774
13	89700000	89800000	0.33686
13	89800000	89900000	0.34781
13	89900000	90000000	0.34435
13	90000000	90100000	0.34288
13	90100000	90200000	0.34701
13	90200000	90300000	0.36655
13	90300000	90400000	0.35165
13	90400000	90500000	0.36398
13	90500000	90600000	0.34922
13	90600000	90700000	0.37194
13	90700000	90800000	0.35949
13	90800000	90900000	0.37207
13	90900000	91000000	0.36071
13	91000000	91100000	0.36933
13	91100000	91200000	0.37052
13	91200000	91300000	0.37002
13	91300000	91400000	0.37315
13	91400000	91500000	0.37536
13	91500000	91600000	0.36262
13	91600000	91700000	0.3626
13	91700000	91800000	0.36583
13	91800000	91900000	0.35073
13	91900000	92000000	0.35557
13	92000000	92100000	0.35413
13	92100000	92200000	0.3529
13	92200000	92300000	0.36281
13	92300000	92400000	0.3531
13	92400000	92500000	0.35502
13	92500000	92600000	0.35529
13	92600000	92700000	0.3583
13	92700000	92800000	0.35592
13	92800000	92900000	0.35282
13	92900000	93000000	0.36585
13	93000000	93100000	0.37367
13	93100000	93200000	0.36167
13	93200000	93300000	0.37618
13	93300000	93400000	0.36795
13	93400000	93500000	0.37219
13	93500000	93600000	0.35864
13	93600000	93700000	0.357
13	93700000	93800000	0.36458
13	93800000	93900000	0.35833
13	93900000	94000000	0.36867
13	94000000	94100000	0.36719
13	94100000	94200000	0.37625
13	94200000	94300000	0.3817
13	94300000	94400000	0.40484
13	94400000	94500000	0.39841
13	94500000	94600000	0.41431
13	94600000	94700000	0.39205
13	94700000	94800000	0.41063
13	94800000	94900000	0.39965
13	94900000	95000000	0.39429
13	95000000	95100000	0.40492
13	95100000	95200000	0.41757
13	95200000	95300000	0.44359
13	95300000	95400000	0.45259
13	95400000	95500000	0.43754
13	95500000	95600000	0.39786
13	95600000	95700000	0.41733
13	95700000	95800000	0.39221
13	95800000	95900000	0.36348
13	95900000	96000000	0.37008
13	96000000	96100000	0.39173
13	96100000	96200000	0.38417
13	96200000	96300000	0.38114
13	96300000	96400000	0.38078
13	96400000	96500000	0.38247
13	96500000	96600000	0.38015
13	96600000	96700000	0.36863
13	96700000	96800000	0.37152
13	96800000	96900000	0.40153
13	96900000	97000000	0.39402
13	97000000	97100000	0.3816
13	97100000	97200000	0.41834
13	97200000	97300000	0.40184
13	97300000	97400000	0.39947
13	97400000	97500000	0.38227
13	97500000	97600000	0.40903
13	97600000	97700000	0.4181
13	97700000	97800000	0.40011
13	97800000	97900000	0.4105
13	97900000	98000000	0.41363
13	98000000	98100000	0.43293
13	98100000	98200000	0.4425
13	98200000	98300000	0.43658
13	98300000	98400000	0.43853
13	98400000	98500000	0.48024
13	98500000	98600000	0.46189
13	98600000	98700000	0.44047
13	98700000	98800000	0.45592
13	98800000	98900000	0.41426
13	98900000	99000000	0.41816
13	99000000	99100000	0.42561
13	99100000	99200000	0.43235
13	99200000	99300000	0.41253
13	99300000	99400000	0.4376
13	99400000	99500000	0.45228
13	99500000	99600000	0.41396
13	99600000	99700000	0.43556
13	99700000	99800000	0.42915
13	99800000	99900000	0.43497
13	99900000	100000000	0.48677
13	100000000	100100000	0.43457
13	100100000	100200000	0.38749
13	100200000	100300000	0.38586
13	100300000	100400000	0.38138
13	100400000	100500000	0.4191
13	100500000	100600000	0.45216
13	100600000	100700000	0.44702
13	100700000	100800000	0.42109
13	100800000	100900000	0.41276
13	100900000	101000000	0.40566
13	101000000	101100000	0.40702
13	101100000	101200000	0.38514
13	101200000	101300000	0.376
13	101300000	101400000	0.36505
13	101400000	101500000	0.38477
13	101500000	101600000	0.35898
13	101600000	101700000	0.35784
13	101700000	101800000	0.36733
13	101800000	101900000	0.35799
13	101900000	102000000	0.37968
13	102000000	102100000	0.37097
13	102100000	102200000	0.37847
13	102200000	102300000	0.37314
13	102300000	102400000	0.37938
13	102400000	102500000	0.38228
13	102500000	102600000	0.39189
13	102600000	102700000	0.38338
13	102700000	102800000	0.40627
13	102800000	102900000	0.39283
13	102900000	103000000	0.40241
13	103000000	103100000	0.38697
13	103100000	103200000	0.39318
13	103200000	103300000	0.38333
13	103300000	103400000	0.37068
13	103400000	103500000	0.36343
13	103500000	103600000	0.36155
13	103600000	103700000	0.36372
13	103700000	103800000	0.36329
13	103800000	103900000	0.3573
13	103900000	104000000	0.34478
13	104000000	104100000	0.35055
13	104100000	104200000	0.35872
13	104200000	104300000	0.35452
13	104300000	104400000	0.3737
13	104400000	104500000	0.35279
13	104500000	104600000	0.36356
13	104600000	104700000	0.36376
13	104700000	104800000	0.36541
13	104800000	104900000	0.35963
13	104900000	105000000	0.35091
13	105000000	105100000	0.35747
13	105100000	105200000	0.34923
13	105200000	105300000	0.36549
13	105300000	105400000	0.36349
13	105400000	105500000	0.3546
13	105500000	105600000	0.37151
13	105600000	105700000	0.35407
13	105700000	105800000	0.36358
13	105800000	105900000	0.38211
13	105900000	106000000	0.39796
13	106000000	106100000	0.38511
13	106100000	106200000	0.39203
13	106200000	106300000	0.38947
13	106300000	106400000	0.40346
13	106400000	106500000	0.41621
13	106500000	106600000	0.40699
13	106600000	106700000	0.40661
13	106700000	106800000	0.3962
13	106800000	106900000	0.39705
13	106900000	107000000	0.39678
13	107000000	107100000	0.38641
13	107100000	107200000	0.37037
13	107200000	107300000	0.38923
13	107300000	107400000	0.37625
13	107400000	107500000	0.36743
13	107500000	107600000	0.36654
13	107600000	107700000	0.37177
13	107700000	107800000	0.37685
13	107800000	107900000	0.38534
13	107900000	108000000	0.36173
13	108000000	108100000	0.37004
13	108100000	108200000	0.38353
13	108200000	108300000	0.36047
13	108300000	108400000	0.37568
13	108400000	108500000	0.38752
13	108500000	108600000	0.381
13	108600000	108700000	0.38684
13	108700000	108800000	0.38282
13	108800000	108900000	0.37201
13	108900000	109000000	0.3848
13	109000000	109100000	0.38222
13	109100000	109200000	0.39957
13	109200000	109300000	0.40474
13	109300000	109400000	0.42004
13	109400000	109500000	0.39528
13	109500000	109600000	0.40142
13	109600000	109700000	0.41858
13	109700000	109800000	0.44806
13	109800000	109900000	0.41982
13	109900000	110000000	0.41416
13	110000000	110100000	0.41578
13	110100000	110200000	0.45816
13	110200000	110300000	0.44203
13	110300000	110400000	0.46525
13	110400000	110500000	0.48342
13	110500000	110600000	0.48841
13	110600000	110700000	0.48532
13	110700000	110800000	0.4391
13	110800000	110900000	0.44458
13	110900000	111000000	0.43974
13	111000000	111100000	0.44135
13	111100000	111200000	0.4463
13	111200000	111300000	0.43993
13	111300000	111400000	0.47534
13	111400000	111500000	0.48462
13	111500000	111600000	0.49052
13	111600000	111700000	0.48058
13	111700000	111800000	0.5122349853824728
13	111800000	111900000	0.462472815997454
13	111900000	112000000	0.47691
13	112000000	112100000	0.47545
13	112100000	112200000	0.49679
13	112200000	112300000	0.47809
13	112300000	112400000	0.47192
13	112400000	112500000	0.44463
13	112500000	112600000	0.42412
13	112600000	112700000	0.47608
13	112700000	112800000	0.50591
13	112800000	112900000	0.51444
13	112900000	113000000	0.5174
13	113000000	113100000	0.5645
13	113100000	113200000	0.50522
13	113200000	113300000	0.46313
13	113300000	113400000	0.51172
13	113400000	113500000	0.50795
13	113500000	113600000	0.49268
13	113600000	113700000	0.5223500410846343
13	113700000	113800000	0.5398545076643284
13	113800000	113900000	0.54415
13	113900000	114000000	0.53626
13	114000000	114100000	0.56745
13	114100000	114200000	0.52187
13	114200000	114300000	0.44062
13	114300000	114364328	0.4314902076277426
14	0	100000	
14	100000	200000	
14	200000	300000	
14	300000	400000	
14	400000	500000	
14	500000	600000	
14	600000	700000	
14	700000	800000	
14	800000	900000	
14	900000	1000000	
14	1000000	1100000	
14	1100000	1200000	
14	1200000	1300000	
14	1300000	1400000	
14	1400000	1500000	
14	1500000	1600000	
14	1600000	1700000	
14	1700000	1800000	
14	1800000	1900000	
14	1900000	2000000	
14	2000000	2100000	
14	2100000	2200000	
14	2200000	2300000	
14	2300000	2400000	
14	2400000	2500000	
14	2500000	2600000	
14	2600000	2700000	
14	2700000	2800000	
14	2800000	2900000	
14	2900000	3000000	
14	3000000	3100000	
14	3100000	3200000	
14	3200000	3300000	
14	3300000	3400000	
14	3400000	3500000	
14	3500000	3600000	
14	3600000	3700000	
14	3700000	3800000	
14	3800000	3900000	
14	3900000	4000000	
14	4000000	4100000	
14	4100000	4200000	
14	4200000	4300000	
14	4300000	4400000	
14	4400000	4500000	
14	4500000	4600000	
14	4600000	4700000	
14	4700000	4800000	
14	4800000	4900000	
14	4900000	5000000	
14	5000000	5100000	
14	5100000	5200000	
14	5200000	5300000	
14	5300000	5400000	
14	5400000	5500000	
14	5500000	5600000	
14	5600000	5700000	
14	5700000	5800000	
14	5800000	5900000	
14	5900000	6000000	
14	6000000	6100000	
14	6100000	6200000	
14	6200000	6300000	
14	6300000	6400000	
14	6400000	6500000	
14	6500000	6600000	
14	6600000	6700000	
14	6700000	6800000	
14	6800000	6900000	
14	6900000	7000000	
14	7000000	7100000	
14	7100000	7200000	
14	7200000	7300000	
14	7300000	7400000	
14	7400000	7500000	
14	7500000	7600000	
14	7600000	7700000	
14	7700000	7800000	
14	7800000	7900000	
14	7900000	8000000	
14	8000000	8100000	
14	8100000	8200000	
14	8200000	8300000	
14	8300000	8400000	
14	8400000	8500000	
14	8500000	8600000	
14	8600000	8700000	
14	8700000	8800000	
14	8800000	8900000	
14	8900000	9000000	
14	9000000	9100000	
14	9100000	9200000	
14	9200000	9300000	
14	9300000	9400000	
14	9400000	9500000	
14	9500000	9600000	
14	9600000	9700000	
14	9700000	9800000	
14	9800000	9900000	
14	9900000	10000000	
14	10000000	10100000	
14	10100000	10200000	
14	10200000	10300000	
14	10300000	10400000	
14	10400000	10500000	
14	10500000	10600000	
14	10600000	10700000	
14	10700000	10800000	
14	10800000	10900000	
14	10900000	11000000	
14	11000000	11100000	
14	11100000	11200000	
14	11200000	11300000	
14	11300000	11400000	
14	11400000	11500000	
14	11500000	11600000	
14	11600000	11700000	
14	11700000	11800000	
14	11800000	11900000	
14	11900000	12000000	
14	12000000	12100000	
14	12100000	12200000	
14	12200000	12300000	
14	12300000	12400000	
14	12400000	12500000	
14	12500000	12600000	
14	12600000	12700000	
14	12700000	12800000	
14	12800000	12900000	
14	12900000	13000000	
14	13000000	13100000	
14	13100000	13200000	
14	13200000	13300000	
14	13300000	13400000	
14	13400000	13500000	
14	13500000	13600000	
14	13600000	13700000	
14	13700000	13800000	
14	13800000	13900000	
14	13900000	14000000	
14	14000000	14100000	
14	14100000	14200000	
14	14200000	14300000	
14	14300000	14400000	
14	14400000	14500000	
14	14500000	14600000	
14	14600000	14700000	
14	14700000	14800000	
14	14800000	14900000	
14	14900000	15000000	
14	15000000	15100000	
14	15100000	15200000	
14	15200000	15300000	
14	15300000	15400000	
14	15400000	15500000	
14	15500000	15600000	
14	15600000	15700000	
14	15700000	15800000	
14	15800000	15900000	
14	15900000	16000000	
14	16000000	16100000	0.4050320619586942
14	16100000	16200000	0.3678698627842844
14	16200000	16300000	0.3739879759519038
14	16300000	16400000	0.3715160642570281
14	16400000	16500000	0.38713426853707417
14	16500000	16600000	0.38868
14	16600000	16700000	0.38876
14	16700000	16800000	0.38824
14	16800000	16900000	0.38884
14	16900000	17000000	0.38807
14	17000000	17100000	0.38872
14	17100000	17200000	0.38847
14	17200000	17300000	0.38823
14	17300000	17400000	0.38877
14	17400000	17500000	0.3884
14	17500000	17600000	0.38563253012048193
14	17600000	17700000	0.38489
14	17700000	17800000	0.38634
14	17800000	17900000	0.38651
14	17900000	18000000	0.38645
14	18000000	18100000	0.38704
14	18100000	18200000	0.3868313316921235
14	18200000	18300000	0.3752500751860036
14	18300000	18400000	0.37191
14	18400000	18500000	0.43651
14	18500000	18600000	0.42703
14	18600000	18700000	0.39773
14	18700000	18800000	0.40643783612780765
14	18800000	18900000	0.4244298104722133
14	18900000	19000000	0.40534
14	19000000	19100000	0.43934
14	19100000	19200000	0.39857
14	19200000	19300000	0.41438
14	19300000	19400000	0.44135
14	19400000	19500000	0.40719
14	19500000	19600000	0.4113378297618031
14	19600000	19700000	0.4050313183141346
14	19700000	19800000	0.35954
14	19800000	19900000	0.36886
14	19900000	20000000	0.35782
14	20000000	20100000	0.3551
14	20100000	20200000	0.36915
14	20200000	20300000	0.39027
14	20300000	20400000	0.43436
14	20400000	20500000	0.45098
14	20500000	20600000	0.41147
14	20600000	20700000	0.45037
14	20700000	20800000	0.43351
14	20800000	20900000	0.43247
14	20900000	21000000	0.43221
14	21000000	21100000	0.48917
14	21100000	21200000	0.41787
14	21200000	21300000	0.41727
14	21300000	21400000	0.42727
14	21400000	21500000	0.42429
14	21500000	21600000	0.44231
14	21600000	21700000	0.40088
14	21700000	21800000	0.39234
14	21800000	21900000	0.38178
14	21900000	22000000	0.36798
14	22000000	22100000	0.37755
14	22100000	22200000	0.37607
14	22200000	22300000	0.39361
14	22300000	22400000	0.39666
14	22400000	22500000	0.42747
14	22500000	22600000	0.44184
14	22600000	22700000	0.44163
14	22700000	22800000	0.43883
14	22800000	22900000	0.49973
14	22900000	23000000	0.47384
14	23000000	23100000	0.47529
14	23100000	23200000	0.47284
14	23200000	23300000	0.42146
14	23300000	23400000	0.49698
14	23400000	23500000	0.47572
14	23500000	23600000	0.50395
14	23600000	23700000	0.44858
14	23700000	23800000	0.40517
14	23800000	23900000	0.39845
14	23900000	24000000	0.43543
14	24000000	24100000	0.49439
14	24100000	24200000	0.51458
14	24200000	24300000	0.49731
14	24300000	24400000	0.50254
14	24400000	24500000	0.46131
14	24500000	24600000	0.39837
14	24600000	24700000	0.4116
14	24700000	24800000	0.40088
14	24800000	24900000	0.3947
14	24900000	25000000	0.38567
14	25000000	25100000	0.39675
14	25100000	25200000	0.38677
14	25200000	25300000	0.38536
14	25300000	25400000	0.3723
14	25400000	25500000	0.38598
14	25500000	25600000	0.37432
14	25600000	25700000	0.37616
14	25700000	25800000	0.37023
14	25800000	25900000	0.36398
14	25900000	26000000	0.37318
14	26000000	26100000	0.36735
14	26100000	26200000	0.36786
14	26200000	26300000	0.37041
14	26300000	26400000	0.37532
14	26400000	26500000	0.34149
14	26500000	26600000	0.33367
14	26600000	26700000	0.36518
14	26700000	26800000	0.35415
14	26800000	26900000	0.35061
14	26900000	27000000	0.34534
14	27000000	27100000	0.34638
14	27100000	27200000	0.35048
14	27200000	27300000	0.35238
14	27300000	27400000	0.34402
14	27400000	27500000	0.33997
14	27500000	27600000	0.34039
14	27600000	27700000	0.34031
14	27700000	27800000	0.34119
14	27800000	27900000	0.34699
14	27900000	28000000	0.3406
14	28000000	28100000	0.34866
14	28100000	28200000	0.35889
14	28200000	28300000	0.36549
14	28300000	28400000	0.33951
14	28400000	28500000	0.36343
14	28500000	28600000	0.35531
14	28600000	28700000	0.35562
14	28700000	28800000	0.37857
14	28800000	28900000	0.35986
14	28900000	29000000	0.34846
14	29000000	29100000	0.35465
14	29100000	29200000	0.35775
14	29200000	29300000	0.35025
14	29300000	29400000	0.35285
14	29400000	29500000	0.36254
14	29500000	29600000	0.36763
14	29600000	29700000	0.36571
14	29700000	29800000	0.36568
14	29800000	29900000	0.3718
14	29900000	30000000	0.3774
14	30000000	30100000	0.37808
14	30100000	30200000	0.36938
14	30200000	30300000	0.38249
14	30300000	30400000	0.38772
14	30400000	30500000	0.3833
14	30500000	30600000	0.36938
14	30600000	30700000	0.36117
14	30700000	30800000	0.38287
14	30800000	30900000	0.39227
14	30900000	31000000	0.37541
14	31000000	31100000	0.42932
14	31100000	31200000	0.39082
14	31200000	31300000	0.42906
14	31300000	31400000	0.39364
14	31400000	31500000	0.40496
14	31500000	31600000	0.38466
14	31600000	31700000	0.38121
14	31700000	31800000	0.38921
14	31800000	31900000	0.38161
14	31900000	32000000	0.42135
14	32000000	32100000	0.39217
14	32100000	32200000	0.37083
14	32200000	32300000	0.41141
14	32300000	32400000	0.39533
14	32400000	32500000	0.38614
14	32500000	32600000	0.38537
14	32600000	32700000	0.36939
14	32700000	32800000	0.3652
14	32800000	32900000	0.3825
14	32900000	33000000	0.39064
14	33000000	33100000	0.37713
14	33100000	33200000	0.37296
14	33200000	33300000	0.36721
14	33300000	33400000	0.37619
14	33400000	33500000	0.38321
14	33500000	33600000	0.38721
14	33600000	33700000	0.38531
14	33700000	33800000	0.40472
14	33800000	33900000	0.40816
14	33900000	34000000	0.41888
14	34000000	34100000	0.42359
14	34100000	34200000	0.41803
14	34200000	34300000	0.40592
14	34300000	34400000	0.41708
14	34400000	34500000	0.43319
14	34500000	34600000	0.45936
14	34600000	34700000	0.43849
14	34700000	34800000	0.40527
14	34800000	34900000	0.40457
14	34900000	35000000	0.41942
14	35000000	35100000	0.41355
14	35100000	35200000	0.40602
14	35200000	35300000	0.4123
14	35300000	35400000	0.46847
14	35400000	35500000	0.41684
14	35500000	35600000	0.36705
14	35600000	35700000	0.35855
14	35700000	35800000	0.36978
14	35800000	35900000	0.39735
14	35900000	36000000	0.40038
14	36000000	36100000	0.3957
14	36100000	36200000	0.38089
14	36200000	36300000	0.38249
14	36300000	36400000	0.37355
14	36400000	36500000	0.39309
14	36500000	36600000	0.43531
14	36600000	36700000	0.41869
14	36700000	36800000	0.38812
14	36800000	36900000	0.39025
14	36900000	37000000	0.37557
14	37000000	37100000	0.3798
14	37100000	37200000	0.38907
14	37200000	37300000	0.36945
14	37300000	37400000	0.35465
14	37400000	37500000	0.35656
14	37500000	37600000	0.38247
14	37600000	37700000	0.38984
14	37700000	37800000	0.3702
14	37800000	37900000	0.37658
14	37900000	38000000	0.37563
14	38000000	38100000	0.37563
14	38100000	38200000	0.37316
14	38200000	38300000	0.38636
14	38300000	38400000	0.36695
14	38400000	38500000	0.36526
14	38500000	38600000	0.37696
14	38600000	38700000	0.3789
14	38700000	38800000	0.37806
14	38800000	38900000	0.38417
14	38900000	39000000	0.39119
14	39000000	39100000	0.38526
14	39100000	39200000	0.41953
14	39200000	39300000	0.40684
14	39300000	39400000	0.3737
14	39400000	39500000	0.38795
14	39500000	39600000	0.37595
14	39600000	39700000	0.38075
14	39700000	39800000	0.37074
14	39800000	39900000	0.3752
14	39900000	40000000	0.36077
14	40000000	40100000	0.35555
14	40100000	40200000	0.35744
14	40200000	40300000	0.35528
14	40300000	40400000	0.35452
14	40400000	40500000	0.34644
14	40500000	40600000	0.33305
14	40600000	40700000	0.33862
14	40700000	40800000	0.35272
14	40800000	40900000	0.34296
14	40900000	41000000	0.3446
14	41000000	41100000	0.33262
14	41100000	41200000	0.34768
14	41200000	41300000	0.35425
14	41300000	41400000	0.34791
14	41400000	41500000	0.34896
14	41500000	41600000	0.35017
14	41600000	41700000	0.36206
14	41700000	41800000	0.34368
14	41800000	41900000	0.34203
14	41900000	42000000	0.32878
14	42000000	42100000	0.34511
14	42100000	42200000	0.35478
14	42200000	42300000	0.36053
14	42300000	42400000	0.34935
14	42400000	42500000	0.34198
14	42500000	42600000	0.33715
14	42600000	42700000	0.34506
14	42700000	42800000	0.33462
14	42800000	42900000	0.34292
14	42900000	43000000	0.3574
14	43000000	43100000	0.33749
14	43100000	43200000	0.34046
14	43200000	43300000	0.33365
14	43300000	43400000	0.34441
14	43400000	43500000	0.34199
14	43500000	43600000	0.35518
14	43600000	43700000	0.35899
14	43700000	43800000	0.34128
14	43800000	43900000	0.34725
14	43900000	44000000	0.35047
14	44000000	44100000	0.34632
14	44100000	44200000	0.35017
14	44200000	44300000	0.34832
14	44300000	44400000	0.36579
14	44400000	44500000	0.37251
14	44500000	44600000	0.37473
14	44600000	44700000	0.38154
14	44700000	44800000	0.38255
14	44800000	44900000	0.39532
14	44900000	45000000	0.37266
14	45000000	45100000	0.38376
14	45100000	45200000	0.37771
14	45200000	45300000	0.38539
14	45300000	45400000	0.38667
14	45400000	45500000	0.38017
14	45500000	45600000	0.36978
14	45600000	45700000	0.36286
14	45700000	45800000	0.36585
14	45800000	45900000	0.38268
14	45900000	46000000	0.35422
14	46000000	46100000	0.34515
14	46100000	46200000	0.3491
14	46200000	46300000	0.34361
14	46300000	46400000	0.34147
14	46400000	46500000	0.34456
14	46500000	46600000	0.36162
14	46600000	46700000	0.35555
14	46700000	46800000	0.34222
14	46800000	46900000	0.32972
14	46900000	47000000	0.33818
14	47000000	47100000	0.33378
14	47100000	47200000	0.35785
14	47200000	47300000	0.35753
14	47300000	47400000	0.35464
14	47400000	47500000	0.354
14	47500000	47600000	0.36038
14	47600000	47700000	0.37764
14	47700000	47800000	0.35738
14	47800000	47900000	0.35085
14	47900000	48000000	0.3537
14	48000000	48100000	0.35125
14	48100000	48200000	0.34741
14	48200000	48300000	0.35991
14	48300000	48400000	0.35617
14	48400000	48500000	0.35328
14	48500000	48600000	0.35384
14	48600000	48700000	0.35228
14	48700000	48800000	0.35795
14	48800000	48900000	0.35234
14	48900000	49000000	0.35685
14	49000000	49100000	0.37407
14	49100000	49200000	0.38568
14	49200000	49300000	0.39316
14	49300000	49400000	0.39654
14	49400000	49500000	0.39803
14	49500000	49600000	0.42579
14	49600000	49700000	0.42869
14	49700000	49800000	0.39995
14	49800000	49900000	0.42077
14	49900000	50000000	0.43253
14	50000000	50100000	0.46603
14	50100000	50200000	0.38336
14	50200000	50300000	0.40315
14	50300000	50400000	0.42815
14	50400000	50500000	0.36481
14	50500000	50600000	0.38301
14	50600000	50700000	0.38494
14	50700000	50800000	0.41039
14	50800000	50900000	0.4318
14	50900000	51000000	0.42406
14	51000000	51100000	0.40137
14	51100000	51200000	0.3894
14	51200000	51300000	0.39152
14	51300000	51400000	0.41237
14	51400000	51500000	0.40546
14	51500000	51600000	0.40017
14	51600000	51700000	0.39143
14	51700000	51800000	0.41574
14	51800000	51900000	0.40396
14	51900000	52000000	0.40144
14	52000000	52100000	0.41989
14	52100000	52200000	0.40749
14	52200000	52300000	0.40662
14	52300000	52400000	0.40421
14	52400000	52500000	0.37322
14	52500000	52600000	0.38321
14	52600000	52700000	0.3695
14	52700000	52800000	0.39062
14	52800000	52900000	0.40189
14	52900000	53000000	0.4018
14	53000000	53100000	0.38455
14	53100000	53200000	0.41071
14	53200000	53300000	0.39508
14	53300000	53400000	0.40587
14	53400000	53500000	0.3826
14	53500000	53600000	0.39333
14	53600000	53700000	0.3792
14	53700000	53800000	0.37865
14	53800000	53900000	0.38522
14	53900000	54000000	0.41328
14	54000000	54100000	0.38149
14	54100000	54200000	0.39396
14	54200000	54300000	0.41481
14	54300000	54400000	0.428
14	54400000	54500000	0.40321
14	54500000	54600000	0.40572
14	54600000	54700000	0.42332
14	54700000	54800000	0.44769
14	54800000	54900000	0.42533
14	54900000	55000000	0.4085
14	55000000	55100000	0.40538
14	55100000	55200000	0.42368
14	55200000	55300000	0.40667
14	55300000	55400000	0.41502
14	55400000	55500000	0.41719
14	55500000	55600000	0.40387
14	55600000	55700000	0.35924
14	55700000	55800000	0.42989
14	55800000	55900000	0.417
14	55900000	56000000	0.40842
14	56000000	56100000	0.4055
14	56100000	56200000	0.40103
14	56200000	56300000	0.39687
14	56300000	56400000	0.40123
14	56400000	56500000	0.40159
14	56500000	56600000	0.39914
14	56600000	56700000	0.40285
14	56700000	56800000	0.42615
14	56800000	56900000	0.41393
14	56900000	57000000	0.3904
14	57000000	57100000	0.39225
14	57100000	57200000	0.39365
14	57200000	57300000	0.35712
14	57300000	57400000	0.4019
14	57400000	57500000	0.38344
14	57500000	57600000	0.39981
14	57600000	57700000	0.39044
14	57700000	57800000	0.39094
14	57800000	57900000	0.3946
14	57900000	58000000	0.40482
14	58000000	58100000	0.40047
14	58100000	58200000	0.40874
14	58200000	58300000	0.39953
14	58300000	58400000	0.38165
14	58400000	58500000	0.38082
14	58500000	58600000	0.39013
14	58600000	58700000	0.41889
14	58700000	58800000	0.41408
14	58800000	58900000	0.39452
14	58900000	59000000	0.39354
14	59000000	59100000	0.38508
14	59100000	59200000	0.40522
14	59200000	59300000	0.39458
14	59300000	59400000	0.38952
14	59400000	59500000	0.40559
14	59500000	59600000	0.39239
14	59600000	59700000	0.3895
14	59700000	59800000	0.39474
14	59800000	59900000	0.38913
14	59900000	60000000	0.36975
14	60000000	60100000	0.36706
14	60100000	60200000	0.3824
14	60200000	60300000	0.3745
14	60300000	60400000	0.39465
14	60400000	60500000	0.35517
14	60500000	60600000	0.39389
14	60600000	60700000	0.42521
14	60700000	60800000	0.38923
14	60800000	60900000	0.3577
14	60900000	61000000	0.37749
14	61000000	61100000	0.37444
14	61100000	61200000	0.44145
14	61200000	61300000	0.42085
14	61300000	61400000	0.42193
14	61400000	61500000	0.42746
14	61500000	61600000	0.4351
14	61600000	61700000	0.40451
14	61700000	61800000	0.38452
14	61800000	61900000	0.4075
14	61900000	62000000	0.38858
14	62000000	62100000	0.39043
14	62100000	62200000	0.38072
14	62200000	62300000	0.38806
14	62300000	62400000	0.37173
14	62400000	62500000	0.36734
14	62500000	62600000	0.36433
14	62600000	62700000	0.37718
14	62700000	62800000	0.36935
14	62800000	62900000	0.35888
14	62900000	63000000	0.37058
14	63000000	63100000	0.37232
14	63100000	63200000	0.39034
14	63200000	63300000	0.40402
14	63300000	63400000	0.40613
14	63400000	63500000	0.39058
14	63500000	63600000	0.43549
14	63600000	63700000	0.40824
14	63700000	63800000	0.42746
14	63800000	63900000	0.41941
14	63900000	64000000	0.39436
14	64000000	64100000	0.3926
14	64100000	64200000	0.4144
14	64200000	64300000	0.42964
14	64300000	64400000	0.42455
14	64400000	64500000	0.42421
14	64500000	64600000	0.41765
14	64600000	64700000	0.45554
14	64700000	64800000	0.52019
14	64800000	64900000	0.45338
14	64900000	65000000	0.44886
14	65000000	65100000	0.44363
14	65100000	65200000	0.44796
14	65200000	65300000	0.45566
14	65300000	65400000	0.43738
14	65400000	65500000	0.38808
14	65500000	65600000	0.3627
14	65600000	65700000	0.37147
14	65700000	65800000	0.40786
14	65800000	65900000	0.42947
14	65900000	66000000	0.43453
14	66000000	66100000	0.42842
14	66100000	66200000	0.4103
14	66200000	66300000	0.41043
14	66300000	66400000	0.39943
14	66400000	66500000	0.36936
14	66500000	66600000	0.38095
14	66600000	66700000	0.36026
14	66700000	66800000	0.36139
14	66800000	66900000	0.35935
14	66900000	67000000	0.35103
14	67000000	67100000	0.36099
14	67100000	67200000	0.38546
14	67200000	67300000	0.39271
14	67300000	67400000	0.39593
14	67400000	67500000	0.48354
14	67500000	67600000	0.47169
14	67600000	67700000	0.43195
14	67700000	67800000	0.42646
14	67800000	67900000	0.39357
14	67900000	68000000	0.37611
14	68000000	68100000	0.37081
14	68100000	68200000	0.37267
14	68200000	68300000	0.39764
14	68300000	68400000	0.41642
14	68400000	68500000	0.41592
14	68500000	68600000	0.46332
14	68600000	68700000	0.47052
14	68700000	68800000	0.47745
14	68800000	68900000	0.47303
14	68900000	69000000	0.49623
14	69000000	69100000	0.43773
14	69100000	69200000	0.40585
14	69200000	69300000	0.44835
14	69300000	69400000	0.46392
14	69400000	69500000	0.43262
14	69500000	69600000	0.47399
14	69600000	69700000	0.44795
14	69700000	69800000	0.44475
14	69800000	69900000	0.43637
14	69900000	70000000	0.45421
14	70000000	70100000	0.45496
14	70100000	70200000	0.43009
14	70200000	70300000	0.40709
14	70300000	70400000	0.3995
14	70400000	70500000	0.40857
14	70500000	70600000	0.3884
14	70600000	70700000	0.42906
14	70700000	70800000	0.45004
14	70800000	70900000	0.4304
14	70900000	71000000	0.3781
14	71000000	71100000	0.36593
14	71100000	71200000	0.44209
14	71200000	71300000	0.43684
14	71300000	71400000	0.40645
14	71400000	71500000	0.38839
14	71500000	71600000	0.3881
14	71600000	71700000	0.39032
14	71700000	71800000	0.42543
14	71800000	71900000	0.4094
14	71900000	72000000	0.41141
14	72000000	72100000	0.39428
14	72100000	72200000	0.41661
14	72200000	72300000	0.41369
14	72300000	72400000	0.40479
14	72400000	72500000	0.43693
14	72500000	72600000	0.46749
14	72600000	72700000	0.45874
14	72700000	72800000	0.46127
14	72800000	72900000	0.46239
14	72900000	73000000	0.46891
14	73000000	73100000	0.43924
14	73100000	73200000	0.42128
14	73200000	73300000	0.47994
14	73300000	73400000	0.39444
14	73400000	73500000	0.43121
14	73500000	73600000	0.4689
14	73600000	73700000	0.42984
14	73700000	73800000	0.4993
14	73800000	73900000	0.43424
14	73900000	74000000	0.44055
14	74000000	74100000	0.43447
14	74100000	74200000	0.39846
14	74200000	74300000	0.50542
14	74300000	74400000	0.46788
14	74400000	74500000	0.4644
14	74500000	74600000	0.51781
14	74600000	74700000	0.46753
14	74700000	74800000	0.41742
14	74800000	74900000	0.41337
14	74900000	75000000	0.51079
14	75000000	75100000	0.42426
14	75100000	75200000	0.4281
14	75200000	75300000	0.46993
14	75300000	75400000	0.44878
14	75400000	75500000	0.47874
14	75500000	75600000	0.44746
14	75600000	75700000	0.43159
14	75700000	75800000	0.37757
14	75800000	75900000	0.40024
14	75900000	76000000	0.43989
14	76000000	76100000	0.44153
14	76100000	76200000	0.43929
14	76200000	76300000	0.4211
14	76300000	76400000	0.48086
14	76400000	76500000	0.4904
14	76500000	76600000	0.46849
14	76600000	76700000	0.443
14	76700000	76800000	0.47223
14	76800000	76900000	0.47725
14	76900000	77000000	0.5131
14	77000000	77100000	0.49555
14	77100000	77200000	0.47016
14	77200000	77300000	0.51611
14	77300000	77400000	0.44162
14	77400000	77500000	0.45511
14	77500000	77600000	0.41237
14	77600000	77700000	0.43731
14	77700000	77800000	0.42608
14	77800000	77900000	0.47423
14	77900000	78000000	0.46237
14	78000000	78100000	0.43433
14	78100000	78200000	0.44458
14	78200000	78300000	0.44342
14	78300000	78400000	0.40244
14	78400000	78500000	0.4165
14	78500000	78600000	0.40986
14	78600000	78700000	0.39727
14	78700000	78800000	0.3987
14	78800000	78900000	0.37312
14	78900000	79000000	0.38253
14	79000000	79100000	0.3847
14	79100000	79200000	0.37775
14	79200000	79300000	0.39045
14	79300000	79400000	0.38671
14	79400000	79500000	0.38001
14	79500000	79600000	0.38435
14	79600000	79700000	0.38527
14	79700000	79800000	0.39006
14	79800000	79900000	0.37661
14	79900000	80000000	0.3768
14	80000000	80100000	0.37121
14	80100000	80200000	0.37405
14	80200000	80300000	0.37395
14	80300000	80400000	0.37756
14	80400000	80500000	0.38896
14	80500000	80600000	0.36761
14	80600000	80700000	0.36048
14	80700000	80800000	0.3588
14	80800000	80900000	0.36201
14	80900000	81000000	0.39133
14	81000000	81100000	0.37449
14	81100000	81200000	0.39303
14	81200000	81300000	0.41566
14	81300000	81400000	0.40322
14	81400000	81500000	0.42284
14	81500000	81600000	0.40003
14	81600000	81700000	0.41632
14	81700000	81800000	0.38422
14	81800000	81900000	0.39617
14	81900000	82000000	0.37637
14	82000000	82100000	0.38247
14	82100000	82200000	0.3584
14	82200000	82300000	0.3616
14	82300000	82400000	0.35807
14	82400000	82500000	0.36381
14	82500000	82600000	0.34446
14	82600000	82700000	0.35052
14	82700000	82800000	0.36553
14	82800000	82900000	0.36529
14	82900000	83000000	0.34872
14	83000000	83100000	0.35817
14	83100000	83200000	0.35836
14	83200000	83300000	0.35201
14	83300000	83400000	0.33906
14	83400000	83500000	0.34474
14	83500000	83600000	0.35134
14	83600000	83700000	0.34362
14	83700000	83800000	0.34734
14	83800000	83900000	0.3628
14	83900000	84000000	0.36187
14	84000000	84100000	0.36555
14	84100000	84200000	0.35323
14	84200000	84300000	0.35659
14	84300000	84400000	0.35712
14	84400000	84500000	0.35698
14	84500000	84600000	0.37579
14	84600000	84700000	0.34622
14	84700000	84800000	0.36098
14	84800000	84900000	0.36066
14	84900000	85000000	0.36021
14	85000000	85100000	0.36146
14	85100000	85200000	0.36355
14	85200000	85300000	0.37256
14	85300000	85400000	0.37788
14	85400000	85500000	0.38043
14	85500000	85600000	0.39351
14	85600000	85700000	0.37266
14	85700000	85800000	0.37686
14	85800000	85900000	0.37212
14	85900000	86000000	0.36527
14	86000000	86100000	0.36087
14	86100000	86200000	0.36154
14	86200000	86300000	0.35217
14	86300000	86400000	0.3682
14	86400000	86500000	0.34937
14	86500000	86600000	0.34373
14	86600000	86700000	0.35821
14	86700000	86800000	0.36794
14	86800000	86900000	0.36527
14	86900000	87000000	0.37042
14	87000000	87100000	0.37091
14	87100000	87200000	0.37315
14	87200000	87300000	0.37084
14	87300000	87400000	0.3775
14	87400000	87500000	0.37508
14	87500000	87600000	0.38323
14	87600000	87700000	0.39583
14	87700000	87800000	0.41673
14	87800000	87900000	0.40643
14	87900000	88000000	0.38002
14	88000000	88100000	0.38869
14	88100000	88200000	0.42261
14	88200000	88300000	0.43637
14	88300000	88400000	0.4041
14	88400000	88500000	0.39777
14	88500000	88600000	0.4059
14	88600000	88700000	0.38275
14	88700000	88800000	0.37119
14	88800000	88900000	0.37927
14	88900000	89000000	0.43245
14	89000000	89100000	0.42857
14	89100000	89200000	0.43655
14	89200000	89300000	0.44607
14	89300000	89400000	0.44989
14	89400000	89500000	0.46029
14	89500000	89600000	0.43281
14	89600000	89700000	0.42189
14	89700000	89800000	0.4317
14	89800000	89900000	0.40406
14	89900000	90000000	0.40081
14	90000000	90100000	0.43536
14	90100000	90200000	0.44395
14	90200000	90300000	0.44569
14	90300000	90400000	0.43263
14	90400000	90500000	0.46735
14	90500000	90600000	0.51943
14	90600000	90700000	0.43465
14	90700000	90800000	0.44682
14	90800000	90900000	0.44828
14	90900000	91000000	0.38124
14	91000000	91100000	0.42017
14	91100000	91200000	0.47327
14	91200000	91300000	0.50242
14	91300000	91400000	0.51636
14	91400000	91500000	0.42436
14	91500000	91600000	0.43261
14	91600000	91700000	0.39306
14	91700000	91800000	0.36835
14	91800000	91900000	0.42362
14	91900000	92000000	0.42419
14	92000000	92100000	0.41085
14	92100000	92200000	0.41891
14	92200000	92300000	0.45879
14	92300000	92400000	0.48174
14	92400000	92500000	0.47554
14	92500000	92600000	0.48157
14	92600000	92700000	0.50234
14	92700000	92800000	0.45721
14	92800000	92900000	0.42397
14	92900000	93000000	0.53624
14	93000000	93100000	0.53601
14	93100000	93200000	0.47952
14	93200000	93300000	0.41978
14	93300000	93400000	0.40154
14	93400000	93500000	0.38097
14	93500000	93600000	0.39669
14	93600000	93700000	0.39412
14	93700000	93800000	0.51043
14	93800000	93900000	0.47291
14	93900000	94000000	0.52447
14	94000000	94100000	0.47169
14	94100000	94200000	0.43726
14	94200000	94300000	0.36712
14	94300000	94400000	0.45929
14	94400000	94500000	0.44333
14	94500000	94600000	0.47407
14	94600000	94700000	0.48064
14	94700000	94800000	0.46979
14	94800000	94900000	0.47317
14	94900000	95000000	0.45322
14	95000000	95100000	0.4486
14	95100000	95200000	0.40861
14	95200000	95300000	0.46359
14	95300000	95400000	0.47601
14	95400000	95500000	0.49801
14	95500000	95600000	0.46652
14	95600000	95700000	0.46821
14	95700000	95800000	0.44115
14	95800000	95900000	0.45132
14	95900000	96000000	0.44607
14	96000000	96100000	0.45962
14	96100000	96200000	0.46692
14	96200000	96300000	0.4681
14	96300000	96400000	0.38348
14	96400000	96500000	0.43745
14	96500000	96600000	0.40212
14	96600000	96700000	0.46917
14	96700000	96800000	0.46084
14	96800000	96900000	0.36477
14	96900000	97000000	0.45114
14	97000000	97100000	0.44756
14	97100000	97200000	0.43974
14	97200000	97300000	0.4123
14	97300000	97400000	0.42682
14	97400000	97500000	0.42295
14	97500000	97600000	0.4226
14	97600000	97700000	0.41271
14	97700000	97800000	0.40747
14	97800000	97900000	0.42142
14	97900000	98000000	0.42734
14	98000000	98100000	0.40262
14	98100000	98200000	0.41428
14	98200000	98300000	0.42951
14	98300000	98400000	0.40236
14	98400000	98500000	0.40125
14	98500000	98600000	0.40919
14	98600000	98700000	0.40135
14	98700000	98800000	0.42144
14	98800000	98900000	0.4599
14	98900000	99000000	0.46221
14	99000000	99100000	0.46695
14	99100000	99200000	0.4721
14	99200000	99300000	0.4994
14	99300000	99400000	0.48292
14	99400000	99500000	0.42378
14	99500000	99600000	0.55924
14	99600000	99700000	0.53135
14	99700000	99800000	0.50009
14	99800000	99900000	0.42383
14	99900000	100000000	0.45271
14	100000000	100100000	0.43027
14	100100000	100200000	0.54428
14	100200000	100300000	0.48559
14	100300000	100400000	0.50715
14	100400000	100500000	0.46705
14	100500000	100600000	0.53993
14	100600000	100700000	0.53578
14	100700000	100800000	0.51638
14	100800000	100900000	0.52522
14	100900000	101000000	0.36322
14	101000000	101100000	0.4854
14	101100000	101200000	0.48804
14	101200000	101300000	0.46383
14	101300000	101400000	0.43973
14	101400000	101500000	0.46069
14	101500000	101600000	0.55775
14	101600000	101700000	0.41913
14	101700000	101800000	0.4709
14	101800000	101900000	0.43479
14	101900000	102000000	0.47326
14	102000000	102100000	0.49215
14	102100000	102200000	0.44598
14	102200000	102300000	0.47479
14	102300000	102400000	0.4653
14	102400000	102500000	0.48322
14	102500000	102600000	0.53814
14	102600000	102700000	0.43766
14	102700000	102800000	0.48056
14	102800000	102900000	0.44712
14	102900000	103000000	0.52542
14	103000000	103100000	0.51367
14	103100000	103200000	0.5274
14	103200000	103300000	0.48741
14	103300000	103400000	0.46388
14	103400000	103500000	0.41748
14	103500000	103600000	0.54029
14	103600000	103700000	0.48345
14	103700000	103800000	0.49443
14	103800000	103900000	0.49737
14	103900000	104000000	0.44343
14	104000000	104100000	0.46338
14	104100000	104200000	0.61113
14	104200000	104300000	0.55071
14	104300000	104400000	0.54296
14	104400000	104500000	0.47893
14	104500000	104600000	0.5564
14	104600000	104700000	0.53975
14	104700000	104800000	0.60671
14	104800000	104900000	0.56947
14	104900000	105000000	0.54967
14	105000000	105100000	0.53844
14	105100000	105200000	0.57724
14	105200000	105300000	0.57353
14	105300000	105400000	0.57651
14	105400000	105500000	0.60171
14	105500000	105600000	0.55885
14	105600000	105700000	0.57166
14	105700000	105800000	0.54755
14	105800000	105900000	0.50834
14	105900000	106000000	0.49266
14	106000000	106100000	0.41532
14	106100000	106200000	0.40192
14	106200000	106300000	0.41033
14	106300000	106400000	0.42398
14	106400000	106500000	0.41408
14	106500000	106600000	0.40357
14	106600000	106700000	0.41639
14	106700000	106800000	0.41667
14	106800000	106900000	0.4201605389521967
14	106900000	107000000	
14	107000000	107043718	
15	0	100000	
15	100000	200000	
15	200000	300000	
15	300000	400000	
15	400000	500000	
15	500000	600000	
15	600000	700000	
15	700000	800000	
15	800000	900000	
15	900000	1000000	
15	1000000	1100000	
15	1100000	1200000	
15	1200000	1300000	
15	1300000	1400000	
15	1400000	1500000	
15	1500000	1600000	
15	1600000	1700000	
15	1700000	1800000	
15	1800000	1900000	
15	1900000	2000000	
15	2000000	2100000	
15	2100000	2200000	
15	2200000	2300000	
15	2300000	2400000	
15	2400000	2500000	
15	2500000	2600000	
15	2600000	2700000	
15	2700000	2800000	
15	2800000	2900000	
15	2900000	3000000	
15	3000000	3100000	
15	3100000	3200000	
15	3200000	3300000	
15	3300000	3400000	
15	3400000	3500000	
15	3500000	3600000	
15	3600000	3700000	
15	3700000	3800000	
15	3800000	3900000	
15	3900000	4000000	
15	4000000	4100000	
15	4100000	4200000	
15	4200000	4300000	
15	4300000	4400000	
15	4400000	4500000	
15	4500000	4600000	
15	4600000	4700000	
15	4700000	4800000	
15	4800000	4900000	
15	4900000	5000000	
15	5000000	5100000	
15	5100000	5200000	
15	5200000	5300000	
15	5300000	5400000	
15	5400000	5500000	
15	5500000	5600000	
15	5600000	5700000	
15	5700000	5800000	
15	5800000	5900000	
15	5900000	6000000	
15	6000000	6100000	
15	6100000	6200000	
15	6200000	6300000	
15	6300000	6400000	
15	6400000	6500000	
15	6500000	6600000	
15	6600000	6700000	
15	6700000	6800000	
15	6800000	6900000	
15	6900000	7000000	
15	7000000	7100000	
15	7100000	7200000	
15	7200000	7300000	
15	7300000	7400000	
15	7400000	7500000	
15	7500000	7600000	
15	7600000	7700000	
15	7700000	7800000	
15	7800000	7900000	
15	7900000	8000000	
15	8000000	8100000	
15	8100000	8200000	
15	8200000	8300000	
15	8300000	8400000	
15	8400000	8500000	
15	8500000	8600000	
15	8600000	8700000	
15	8700000	8800000	
15	8800000	8900000	
15	8900000	9000000	
15	9000000	9100000	
15	9100000	9200000	
15	9200000	9300000	
15	9300000	9400000	
15	9400000	9500000	
15	9500000	9600000	
15	9600000	9700000	
15	9700000	9800000	
15	9800000	9900000	
15	9900000	10000000	
15	10000000	10100000	
15	10100000	10200000	
15	10200000	10300000	
15	10300000	10400000	
15	10400000	10500000	
15	10500000	10600000	
15	10600000	10700000	
15	10700000	10800000	
15	10800000	10900000	
15	10900000	11000000	
15	11000000	11100000	
15	11100000	11200000	
15	11200000	11300000	
15	11300000	11400000	
15	11400000	11500000	
15	11500000	11600000	
15	11600000	11700000	
15	11700000	11800000	
15	11800000	11900000	
15	11900000	12000000	
15	12000000	12100000	
15	12100000	12200000	
15	12200000	12300000	
15	12300000	12400000	
15	12400000	12500000	
15	12500000	12600000	
15	12600000	12700000	
15	12700000	12800000	
15	12800000	12900000	
15	12900000	13000000	
15	13000000	13100000	
15	13100000	13200000	
15	13200000	13300000	
15	13300000	13400000	
15	13400000	13500000	
15	13500000	13600000	
15	13600000	13700000	
15	13700000	13800000	
15	13800000	13900000	
15	13900000	14000000	
15	14000000	14100000	
15	14100000	14200000	
15	14200000	14300000	
15	14300000	14400000	
15	14400000	14500000	
15	14500000	14600000	
15	14600000	14700000	
15	14700000	14800000	
15	14800000	14900000	
15	14900000	15000000	
15	15000000	15100000	
15	15100000	15200000	
15	15200000	15300000	
15	15300000	15400000	
15	15400000	15500000	
15	15500000	15600000	
15	15600000	15700000	
15	15700000	15800000	
15	15800000	15900000	
15	15900000	16000000	
15	16000000	16100000	
15	16100000	16200000	
15	16200000	16300000	
15	16300000	16400000	
15	16400000	16500000	
15	16500000	16600000	
15	16600000	16700000	
15	16700000	16800000	
15	16800000	16900000	
15	16900000	17000000	
15	17000000	17100000	0.37141481325428116
15	17100000	17200000	0.37695
15	17200000	17300000	0.37763
15	17300000	17400000	0.37745
15	17400000	17500000	0.3766266266266266
15	17500000	17600000	0.37743
15	17600000	17700000	0.37794
15	17700000	17800000	0.37777777777777777
15	17800000	17900000	0.37788
15	17900000	18000000	0.37805
15	18000000	18100000	0.37767
15	18100000	18200000	0.37812
15	18200000	18300000	0.37824
15	18300000	18400000	0.3777054108216433
15	18400000	18500000	0.37872
15	18500000	18600000	0.379
15	18600000	18700000	0.37893
15	18700000	18800000	0.37879
15	18800000	18900000	0.37875
15	18900000	19000000	0.3792092092092092
15	19000000	19100000	0.37886
15	19100000	19200000	0.37891
15	19200000	19300000	0.3787
15	19300000	19400000	0.37867
15	19400000	19500000	0.37866
15	19500000	19600000	0.37834
15	19600000	19700000	0.37799
15	19700000	19800000	0.37572
15	19800000	19900000	0.37381
15	19900000	20000000	0.38301
15	20000000	20100000	0.47932
15	20100000	20200000	0.4449
15	20200000	20300000	0.45839
15	20300000	20400000	0.4294
15	20400000	20500000	0.41016
15	20500000	20600000	0.46613
15	20600000	20700000	0.37367867060825943
15	20700000	20800000	0.4342101517351325
15	20800000	20900000	0.38163
15	20900000	21000000	0.38081
15	21000000	21100000	0.47406
15	21100000	21200000	0.45196277676756874
15	21200000	21300000	0.3653600414436194
15	21300000	21400000	0.42515
15	21400000	21500000	0.38031
15	21500000	21600000	0.37735
15	21600000	21700000	0.37443
15	21700000	21800000	0.43838373544623066
15	21800000	21900000	0.39475230076365775
15	21900000	22000000	0.37507
15	22000000	22100000	0.36355
15	22100000	22200000	0.41161
15	22200000	22300000	0.45955
15	22300000	22400000	0.41292
15	22400000	22500000	0.46722
15	22500000	22600000	0.42557
15	22600000	22700000	0.39904
15	22700000	22800000	0.43196
15	22800000	22900000	0.45784
15	22900000	23000000	0.48528
15	23000000	23100000	0.45336
15	23100000	23200000	0.43078
15	23200000	23300000	0.43194
15	23300000	23400000	0.45916
15	23400000	23500000	0.43538
15	23500000	23600000	0.39989
15	23600000	23700000	0.41878
15	23700000	23800000	0.39619
15	23800000	23900000	0.40038
15	23900000	24000000	0.39393
15	24000000	24100000	0.39213
15	24100000	24200000	0.3807
15	24200000	24300000	0.38732
15	24300000	24400000	0.38706
15	24400000	24500000	0.38836
15	24500000	24600000	0.38971
15	24600000	24700000	0.4025
15	24700000	24800000	0.38744
15	24800000	24900000	0.4183
15	24900000	25000000	0.40673
15	25000000	25100000	0.42984
15	25100000	25200000	0.42865
15	25200000	25300000	0.48165
15	25300000	25400000	0.36658
15	25400000	25500000	0.38483
15	25500000	25600000	0.41605
15	25600000	25700000	0.45432
15	25700000	25800000	0.47025
15	25800000	25900000	0.44355
15	25900000	26000000	0.42936
15	26000000	26100000	0.42524
15	26100000	26200000	0.41945
15	26200000	26300000	0.41146
15	26300000	26400000	0.40135
15	26400000	26500000	0.39598
15	26500000	26600000	0.40353
15	26600000	26700000	0.41853
15	26700000	26800000	0.41592
15	26800000	26900000	0.41156
15	26900000	27000000	0.39772
15	27000000	27100000	0.44167
15	27100000	27200000	0.39554
15	27200000	27300000	0.41759
15	27300000	27400000	0.3963218896566897
15	27400000	27500000	0.40292
15	27500000	27600000	0.4065
15	27600000	27700000	0.41536
15	27700000	27800000	0.43027
15	27800000	27900000	0.43394
15	27900000	28000000	0.41702
15	28000000	28100000	0.45816
15	28100000	28200000	0.45417
15	28200000	28300000	0.43619
15	28300000	28400000	0.45696
15	28400000	28500000	0.38995
15	28500000	28600000	0.45589
15	28600000	28700000	0.42319
15	28700000	28800000	0.41065
15	28800000	28900000	0.45828
15	28900000	29000000	0.4786
15	29000000	29100000	0.46828
15	29100000	29200000	0.49422
15	29200000	29300000	0.41601
15	29300000	29400000	0.42409
15	29400000	29500000	0.44159
15	29500000	29600000	0.42801
15	29600000	29700000	0.45592
15	29700000	29800000	0.38976
15	29800000	29900000	0.4058
15	29900000	30000000	0.41153
15	30000000	30100000	0.42946
15	30100000	30200000	0.47182
15	30200000	30300000	0.41339
15	30300000	30400000	0.43613
15	30400000	30500000	0.40467
15	30500000	30600000	0.43992
15	30600000	30700000	0.41357
15	30700000	30800000	0.42505
15	30800000	30900000	0.42078
15	30900000	31000000	0.41393
15	31000000	31100000	0.43435
15	31100000	31200000	0.45034
15	31200000	31300000	0.48476
15	31300000	31400000	0.53082
15	31400000	31500000	0.46191
15	31500000	31600000	0.43881
15	31600000	31700000	0.42135
15	31700000	31800000	0.41452
15	31800000	31900000	0.42667
15	31900000	32000000	0.41411
15	32000000	32100000	0.39531
15	32100000	32200000	0.43951
15	32200000	32300000	0.40531
15	32300000	32400000	0.46898
15	32400000	32500000	0.44294
15	32500000	32600000	0.40052
15	32600000	32700000	0.41647
15	32700000	32800000	0.40253
15	32800000	32900000	0.39866
15	32900000	33000000	0.38749
15	33000000	33100000	0.40076
15	33100000	33200000	0.40434
15	33200000	33300000	0.4121
15	33300000	33400000	0.41362
15	33400000	33500000	0.39956
15	33500000	33600000	0.4006
15	33600000	33700000	0.42603
15	33700000	33800000	0.42999
15	33800000	33900000	0.42155
15	33900000	34000000	0.39328
15	34000000	34100000	0.41325
15	34100000	34200000	0.40414
15	34200000	34300000	0.40557
15	34300000	34400000	0.44337
15	34400000	34500000	0.41806
15	34500000	34600000	0.45321
15	34600000	34700000	0.37522
15	34700000	34800000	0.42109
15	34800000	34900000	0.37878
15	34900000	35000000	0.39386
15	35000000	35100000	0.4281
15	35100000	35200000	0.37027
15	35200000	35300000	0.38365
15	35300000	35400000	0.36404
15	35400000	35500000	0.35298
15	35500000	35600000	0.35393
15	35600000	35700000	0.37284
15	35700000	35800000	0.37305
15	35800000	35900000	0.36625
15	35900000	36000000	0.37199
15	36000000	36100000	0.3668
15	36100000	36200000	0.35663
15	36200000	36300000	0.3642
15	36300000	36400000	0.36101
15	36400000	36500000	0.36294
15	36500000	36600000	0.38219
15	36600000	36700000	0.37238
15	36700000	36800000	0.37596
15	36800000	36900000	0.38356
15	36900000	37000000	0.37288
15	37000000	37100000	0.39064
15	37100000	37200000	0.37976
15	37200000	37300000	0.36588
15	37300000	37400000	0.36826
15	37400000	37500000	0.36948
15	37500000	37600000	0.37049
15	37600000	37700000	0.3529
15	37700000	37800000	0.37102
15	37800000	37900000	0.37553
15	37900000	38000000	0.3843
15	38000000	38100000	0.4027
15	38100000	38200000	0.38343
15	38200000	38300000	0.38741
15	38300000	38400000	0.35947
15	38400000	38500000	0.38214
15	38500000	38600000	0.42096
15	38600000	38700000	0.42281
15	38700000	38800000	0.40833
15	38800000	38900000	0.40986
15	38900000	39000000	0.37395
15	39000000	39100000	0.38493
15	39100000	39200000	0.39487
15	39200000	39300000	0.38069
15	39300000	39400000	0.39685
15	39400000	39500000	0.40907
15	39500000	39600000	0.42485
15	39600000	39700000	0.38534
15	39700000	39800000	0.38924
15	39800000	39900000	0.40394
15	39900000	40000000	0.40698
15	40000000	40100000	0.4606
15	40100000	40200000	0.44076
15	40200000	40300000	0.50457
15	40300000	40400000	0.51376
15	40400000	40500000	0.51222
15	40500000	40600000	0.44875
15	40600000	40700000	0.42818
15	40700000	40800000	0.47655
15	40800000	40900000	0.496
15	40900000	41000000	0.52023
15	41000000	41100000	0.41193
15	41100000	41200000	0.44836
15	41200000	41300000	0.44104
15	41300000	41400000	0.45052
15	41400000	41500000	0.47515
15	41500000	41600000	0.51253
15	41600000	41700000	0.42151
15	41700000	41800000	0.4091
15	41800000	41900000	0.56807
15	41900000	42000000	0.47731
15	42000000	42100000	0.49173
15	42100000	42200000	0.45798
15	42200000	42300000	0.39342
15	42300000	42400000	0.4268
15	42400000	42500000	0.43076
15	42500000	42600000	0.42481
15	42600000	42700000	0.4342
15	42700000	42800000	0.43333
15	42800000	42900000	0.39473
15	42900000	43000000	0.40818
15	43000000	43100000	0.39426
15	43100000	43200000	0.41372
15	43200000	43300000	0.47641
15	43300000	43400000	0.42414
15	43400000	43500000	0.41572
15	43500000	43600000	0.46684
15	43600000	43700000	0.46102
15	43700000	43800000	0.46438
15	43800000	43900000	0.44362
15	43900000	44000000	0.43307
15	44000000	44100000	0.39045
15	44100000	44200000	0.39634
15	44200000	44300000	0.42048
15	44300000	44400000	0.40486
15	44400000	44500000	0.41072
15	44500000	44600000	0.41983
15	44600000	44700000	0.41249
15	44700000	44800000	0.40737
15	44800000	44900000	0.43985
15	44900000	45000000	0.39092
15	45000000	45100000	0.45466
15	45100000	45200000	0.52488
15	45200000	45300000	0.43364
15	45300000	45400000	0.40668
15	45400000	45500000	0.42882
15	45500000	45600000	0.42806
15	45600000	45700000	0.43554
15	45700000	45800000	0.42065
15	45800000	45900000	0.41511
15	45900000	46000000	0.38562
15	46000000	46100000	0.37537
15	46100000	46200000	0.37812
15	46200000	46300000	0.37865
15	46300000	46400000	0.37512
15	46400000	46500000	0.37323
15	46500000	46600000	0.36715
15	46600000	46700000	0.3609
15	46700000	46800000	0.36058
15	46800000	46900000	0.35553
15	46900000	47000000	0.35325
15	47000000	47100000	0.35471
15	47100000	47200000	0.36867
15	47200000	47300000	0.37023
15	47300000	47400000	0.39185
15	47400000	47500000	0.38379
15	47500000	47600000	0.39389
15	47600000	47700000	0.38996
15	47700000	47800000	0.4028
15	47800000	47900000	0.40845
15	47900000	48000000	0.39775
15	48000000	48100000	0.41176
15	48100000	48200000	0.35793
15	48200000	48300000	0.38389
15	48300000	48400000	0.41078
15	48400000	48500000	0.39312
15	48500000	48600000	0.38296
15	48600000	48700000	0.39595
15	48700000	48800000	0.36339
15	48800000	48900000	0.3892
15	48900000	49000000	0.41466
15	49000000	49100000	0.38743
15	49100000	49200000	0.36669
15	49200000	49300000	0.38324
15	49300000	49400000	0.37774
15	49400000	49500000	0.34734
15	49500000	49600000	0.36856
15	49600000	49700000	0.36504
15	49700000	49800000	0.38155
15	49800000	49900000	0.39472
15	49900000	50000000	0.37162
15	50000000	50100000	0.37917
15	50100000	50200000	0.40412
15	50200000	50300000	0.41724
15	50300000	50400000	0.41571
15	50400000	50500000	0.40476
15	50500000	50600000	0.3929
15	50600000	50700000	0.40333
15	50700000	50800000	0.41566
15	50800000	50900000	0.4104
15	50900000	51000000	0.38573
15	51000000	51100000	0.42418
15	51100000	51200000	0.42935
15	51200000	51300000	0.43677
15	51300000	51400000	0.44913
15	51400000	51500000	0.3852
15	51500000	51600000	0.36762
15	51600000	51700000	0.39739
15	51700000	51800000	0.41663
15	51800000	51900000	0.40248
15	51900000	52000000	0.42982
15	52000000	52100000	0.43038
15	52100000	52200000	0.45542
15	52200000	52300000	0.45535
15	52300000	52400000	0.39253
15	52400000	52500000	0.40113
15	52500000	52600000	0.40365
15	52600000	52700000	0.37351
15	52700000	52800000	0.43977
15	52800000	52900000	0.41877
15	52900000	53000000	0.39575
15	53000000	53100000	0.38578
15	53100000	53200000	0.39233
15	53200000	53300000	0.38528
15	53300000	53400000	0.39469
15	53400000	53500000	0.40221
15	53500000	53600000	0.36273
15	53600000	53700000	0.36452
15	53700000	53800000	0.37792
15	53800000	53900000	0.37561
15	53900000	54000000	0.37719
15	54000000	54100000	0.37942
15	54100000	54200000	0.35382
15	54200000	54300000	0.35944
15	54300000	54400000	0.34787
15	54400000	54500000	0.36042
15	54500000	54600000	0.36356
15	54600000	54700000	0.36642
15	54700000	54800000	0.37041
15	54800000	54900000	0.3854
15	54900000	55000000	0.38071
15	55000000	55100000	0.38669
15	55100000	55200000	0.39806
15	55200000	55300000	0.40524
15	55300000	55400000	0.41371
15	55400000	55500000	0.42863
15	55500000	55600000	0.40261
15	55600000	55700000	0.38187
15	55700000	55800000	0.42533
15	55800000	55900000	0.39097
15	55900000	56000000	0.39093
15	56000000	56100000	0.40009
15	56100000	56200000	0.37554
15	56200000	56300000	0.37255
15	56300000	56400000	0.36959
15	56400000	56500000	0.37138
15	56500000	56600000	0.38301
15	56600000	56700000	0.34598
15	56700000	56800000	0.38149
15	56800000	56900000	0.39023
15	56900000	57000000	0.37323
15	57000000	57100000	0.36951
15	57100000	57200000	0.37219
15	57200000	57300000	0.37922
15	57300000	57400000	0.47236
15	57400000	57500000	0.424
15	57500000	57600000	0.45859
15	57600000	57700000	0.40775
15	57700000	57800000	0.42735
15	57800000	57900000	0.39923
15	57900000	58000000	0.4152
15	58000000	58100000	0.37655
15	58100000	58200000	0.40013
15	58200000	58300000	0.42038
15	58300000	58400000	0.41663
15	58400000	58500000	0.44968
15	58500000	58600000	0.43749
15	58600000	58700000	0.36797
15	58700000	58800000	0.40357
15	58800000	58900000	0.40279
15	58900000	59000000	0.40238
15	59000000	59100000	0.38144
15	59100000	59200000	0.44313
15	59200000	59300000	0.42487
15	59300000	59400000	0.43472
15	59400000	59500000	0.42453
15	59500000	59600000	0.4307
15	59600000	59700000	0.40923
15	59700000	59800000	0.40679
15	59800000	59900000	0.41172
15	59900000	60000000	0.39717
15	60000000	60100000	0.41881
15	60100000	60200000	0.39577
15	60200000	60300000	0.40077
15	60300000	60400000	0.43436
15	60400000	60500000	0.38185
15	60500000	60600000	0.40525
15	60600000	60700000	0.40586
15	60700000	60800000	0.42144
15	60800000	60900000	0.4278
15	60900000	61000000	0.42493
15	61000000	61100000	0.41826
15	61100000	61200000	0.41505
15	61200000	61300000	0.39502
15	61300000	61400000	0.40501
15	61400000	61500000	0.39731
15	61500000	61600000	0.40984
15	61600000	61700000	0.40012
15	61700000	61800000	0.39839
15	61800000	61900000	0.39533
15	61900000	62000000	0.34753
15	62000000	62100000	0.37869
15	62100000	62200000	0.41319
15	62200000	62300000	0.4418
15	62300000	62400000	0.43263
15	62400000	62500000	0.45299
15	62500000	62600000	0.42653
15	62600000	62700000	0.4167
15	62700000	62800000	0.44014
15	62800000	62900000	0.44365
15	62900000	63000000	0.44751
15	63000000	63100000	0.45306
15	63100000	63200000	0.42672
15	63200000	63300000	0.40471
15	63300000	63400000	0.46095
15	63400000	63500000	0.45447
15	63500000	63600000	0.39634
15	63600000	63700000	0.40678
15	63700000	63800000	0.38114
15	63800000	63900000	0.43895
15	63900000	64000000	0.47013
15	64000000	64100000	0.45585
15	64100000	64200000	0.45022
15	64200000	64300000	0.39424
15	64300000	64400000	0.41778
15	64400000	64500000	0.42612
15	64500000	64600000	0.41561
15	64600000	64700000	0.43997
15	64700000	64800000	0.50536
15	64800000	64900000	0.51604
15	64900000	65000000	0.45578
15	65000000	65100000	0.4747
15	65100000	65200000	0.43822
15	65200000	65300000	0.47403
15	65300000	65400000	0.51256
15	65400000	65500000	0.44485
15	65500000	65600000	0.42178
15	65600000	65700000	0.41277
15	65700000	65800000	0.38089
15	65800000	65900000	0.41114
15	65900000	66000000	0.49016
15	66000000	66100000	0.48871
15	66100000	66200000	0.49708
15	66200000	66300000	0.4674
15	66300000	66400000	0.43969
15	66400000	66500000	0.44482
15	66500000	66600000	0.44442
15	66600000	66700000	0.49654
15	66700000	66800000	0.50528
15	66800000	66900000	0.48028
15	66900000	67000000	0.46092
15	67000000	67100000	0.47243
15	67100000	67200000	0.48129
15	67200000	67300000	0.38748
15	67300000	67400000	0.37306
15	67400000	67500000	0.41767
15	67500000	67600000	0.39899
15	67600000	67700000	0.37599
15	67700000	67800000	0.40098
15	67800000	67900000	0.48504
15	67900000	68000000	0.43035
15	68000000	68100000	0.40775
15	68100000	68200000	0.38496
15	68200000	68300000	0.44484
15	68300000	68400000	0.49385
15	68400000	68500000	0.4536
15	68500000	68600000	0.47389
15	68600000	68700000	0.48475
15	68700000	68800000	0.46786
15	68800000	68900000	0.42912
15	68900000	69000000	0.4053
15	69000000	69100000	0.45753
15	69100000	69200000	0.42101
15	69200000	69300000	0.39684
15	69300000	69400000	0.46913
15	69400000	69500000	0.43396
15	69500000	69600000	0.471
15	69600000	69700000	0.4623
15	69700000	69800000	0.44999
15	69800000	69900000	0.47804
15	69900000	70000000	0.4558
15	70000000	70100000	0.50753
15	70100000	70200000	0.48852
15	70200000	70300000	0.48441
15	70300000	70400000	0.45653
15	70400000	70500000	0.49365
15	70500000	70600000	0.46519
15	70600000	70700000	0.39813
15	70700000	70800000	0.40382
15	70800000	70900000	0.42949
15	70900000	71000000	0.37015
15	71000000	71100000	0.38437
15	71100000	71200000	0.43277
15	71200000	71300000	0.43486
15	71300000	71400000	0.43365
15	71400000	71500000	0.41411
15	71500000	71600000	0.40974
15	71600000	71700000	0.41648
15	71700000	71800000	0.44024
15	71800000	71900000	0.39863
15	71900000	72000000	0.36411
15	72000000	72100000	0.39094
15	72100000	72200000	0.45499
15	72200000	72300000	0.46307
15	72300000	72400000	0.45176
15	72400000	72500000	0.40018
15	72500000	72600000	0.38313
15	72600000	72700000	0.47043
15	72700000	72800000	0.4216
15	72800000	72900000	0.44184
15	72900000	73000000	0.41545
15	73000000	73100000	0.40444
15	73100000	73200000	0.37326
15	73200000	73300000	0.39954
15	73300000	73400000	0.51757
15	73400000	73500000	0.39717
15	73500000	73600000	0.40253
15	73600000	73700000	0.43037
15	73700000	73800000	0.51932
15	73800000	73900000	0.49078
15	73900000	74000000	0.50716
15	74000000	74100000	0.49175
15	74100000	74200000	0.49742
15	74200000	74300000	0.53084
15	74300000	74400000	0.52737
15	74400000	74500000	0.5014
15	74500000	74600000	0.46293
15	74600000	74700000	0.47711
15	74700000	74800000	0.49959
15	74800000	74900000	0.53118
15	74900000	75000000	0.4797
15	75000000	75100000	0.48097
15	75100000	75200000	0.48566
15	75200000	75300000	0.51563
15	75300000	75400000	0.48509
15	75400000	75500000	0.45503
15	75500000	75600000	0.45352
15	75600000	75700000	0.53148
15	75700000	75800000	0.51587
15	75800000	75900000	0.40671
15	75900000	76000000	0.38618
15	76000000	76100000	0.40986
15	76100000	76200000	0.49751
15	76200000	76300000	0.41877
15	76300000	76400000	0.44318
15	76400000	76500000	0.37737
15	76500000	76600000	0.37678
15	76600000	76700000	0.36788
15	76700000	76800000	0.36093
15	76800000	76900000	0.38195
15	76900000	77000000	0.43632
15	77000000	77100000	0.48532
15	77100000	77200000	0.401
15	77200000	77300000	0.3716
15	77300000	77400000	0.37077
15	77400000	77500000	0.39261
15	77500000	77600000	0.52058
15	77600000	77700000	0.54857
15	77700000	77800000	0.54282
15	77800000	77900000	0.5462
15	77900000	78000000	0.52949
15	78000000	78100000	0.46024
15	78100000	78200000	0.47612
15	78200000	78300000	0.47488
15	78300000	78400000	0.4857
15	78400000	78500000	0.41645
15	78500000	78600000	0.423
15	78600000	78700000	0.47971
15	78700000	78800000	0.51999
15	78800000	78900000	0.45764
15	78900000	79000000	0.49057
15	79000000	79100000	0.49665
15	79100000	79200000	0.44535
15	79200000	79300000	0.42318
15	79300000	79400000	0.41815
15	79400000	79500000	0.43459
15	79500000	79600000	0.41439
15	79600000	79700000	0.40866
15	79700000	79800000	0.4188
15	79800000	79900000	0.41696
15	79900000	80000000	0.43264
15	80000000	80100000	0.41673
15	80100000	80200000	0.43283
15	80200000	80300000	0.44004
15	80300000	80400000	0.41036
15	80400000	80500000	0.45996
15	80500000	80600000	0.44926
15	80600000	80700000	0.43828
15	80700000	80800000	0.43049
15	80800000	80900000	0.465
15	80900000	81000000	0.46677
15	81000000	81100000	0.43204
15	81100000	81200000	0.43149
15	81200000	81300000	0.42
15	81300000	81400000	0.43503
15	81400000	81500000	0.38152
15	81500000	81600000	0.37665
15	81600000	81700000	0.38718
15	81700000	81800000	0.4067
15	81800000	81900000	0.40597
15	81900000	82000000	0.40781
15	82000000	82100000	0.45291
15	82100000	82200000	0.40908
15	82200000	82300000	0.3873
15	82300000	82400000	0.47922
15	82400000	82500000	0.45182
15	82500000	82600000	0.4454
15	82600000	82700000	0.45306
15	82700000	82800000	0.44664
15	82800000	82900000	0.44206
15	82900000	83000000	0.45532
15	83000000	83100000	0.41664
15	83100000	83200000	0.40877
15	83200000	83300000	0.41114
15	83300000	83400000	0.43382
15	83400000	83500000	0.42405
15	83500000	83600000	0.39985
15	83600000	83700000	0.41741
15	83700000	83800000	0.389
15	83800000	83900000	0.39976
15	83900000	84000000	0.39668
15	84000000	84100000	0.39505
15	84100000	84200000	0.43893
15	84200000	84300000	0.43942853880626837
15	84300000	84400000	0.44297795681437185
15	84400000	84500000	0.48602
15	84500000	84600000	0.42455
15	84600000	84700000	0.45956
15	84700000	84800000	0.45272
15	84800000	84900000	0.48217
15	84900000	85000000	0.47024
15	85000000	85100000	0.40743
15	85100000	85200000	0.44186
15	85200000	85300000	0.49292
15	85300000	85400000	0.42684
15	85400000	85500000	0.39359
15	85500000	85600000	0.39898
15	85600000	85700000	0.39286
15	85700000	85800000	0.47792
15	85800000	85900000	0.45262
15	85900000	86000000	0.43523
15	86000000	86100000	0.42908
15	86100000	86200000	0.39841
15	86200000	86300000	0.408
15	86300000	86400000	0.39019
15	86400000	86500000	0.39225
15	86500000	86600000	0.38892
15	86600000	86700000	0.38083
15	86700000	86800000	0.38847
15	86800000	86900000	0.39415
15	86900000	87000000	0.38064
15	87000000	87100000	0.3784
15	87100000	87200000	0.37864
15	87200000	87300000	0.38115
15	87300000	87400000	0.38124
15	87400000	87500000	0.37028
15	87500000	87600000	0.40018
15	87600000	87700000	0.40188
15	87700000	87800000	0.41963
15	87800000	87900000	0.40811
15	87900000	88000000	0.44571
15	88000000	88100000	0.44788
15	88100000	88200000	0.4625
15	88200000	88300000	0.49684
15	88300000	88400000	0.45568
15	88400000	88500000	0.44489
15	88500000	88600000	0.43236
15	88600000	88700000	0.47632
15	88700000	88800000	0.45154
15	88800000	88900000	0.51115
15	88900000	89000000	0.46198
15	89000000	89100000	0.44865
15	89100000	89200000	0.43851
15	89200000	89300000	0.42774
15	89300000	89400000	0.50799
15	89400000	89500000	0.50941
15	89500000	89600000	0.43236
15	89600000	89700000	0.46677
15	89700000	89800000	0.48185
15	89800000	89900000	0.4753
15	89900000	90000000	0.45784
15	90000000	90100000	0.51018
15	90100000	90200000	0.4797
15	90200000	90300000	0.4928
15	90300000	90400000	0.44584
15	90400000	90500000	0.40489
15	90500000	90600000	0.43453
15	90600000	90700000	0.46665
15	90700000	90800000	0.4091
15	90800000	90900000	0.51998
15	90900000	91000000	0.50192
15	91000000	91100000	0.43762
15	91100000	91200000	0.42509
15	91200000	91300000	0.42515
15	91300000	91400000	0.39468
15	91400000	91500000	0.39026
15	91500000	91600000	0.40373
15	91600000	91700000	0.40772
15	91700000	91800000	0.41876
15	91800000	91900000	0.42663
15	91900000	92000000	0.44737
15	92000000	92100000	0.45654
15	92100000	92200000	0.44736
15	92200000	92300000	0.40547
15	92300000	92400000	0.44649
15	92400000	92500000	0.46575
15	92500000	92600000	0.43325
15	92600000	92700000	0.45648
15	92700000	92800000	0.44226
15	92800000	92900000	0.43533
15	92900000	93000000	0.38853
15	93000000	93100000	0.49546
15	93100000	93200000	0.4561
15	93200000	93300000	0.44551
15	93300000	93400000	0.44551
15	93400000	93500000	0.43098
15	93500000	93600000	0.39175
15	93600000	93700000	0.3954
15	93700000	93800000	0.39747
15	93800000	93900000	0.39426
15	93900000	94000000	0.38239
15	94000000	94100000	0.3994
15	94100000	94200000	0.38261
15	94200000	94300000	0.37966
15	94300000	94400000	0.39044
15	94400000	94500000	0.37712
15	94500000	94600000	0.39079
15	94600000	94700000	0.40347
15	94700000	94800000	0.39952
15	94800000	94900000	0.39045
15	94900000	95000000	0.36929
15	95000000	95100000	0.38185
15	95100000	95200000	0.37428
15	95200000	95300000	0.38765
15	95300000	95400000	0.38241
15	95400000	95500000	0.37444
15	95500000	95600000	0.37909
15	95600000	95700000	0.3789
15	95700000	95800000	0.36647
15	95800000	95900000	0.37967
15	95900000	96000000	0.40042
15	96000000	96100000	0.38869
15	96100000	96200000	0.40177
15	96200000	96300000	0.40882
15	96300000	96400000	0.4566
15	96400000	96500000	0.40761
15	96500000	96600000	0.38764
15	96600000	96700000	0.38109
15	96700000	96800000	0.40679
15	96800000	96900000	0.39294
15	96900000	97000000	0.37838
15	97000000	97100000	0.3809
15	97100000	97200000	0.37815
15	97200000	97300000	0.35868
15	97300000	97400000	0.37742
15	97400000	97500000	0.36992
15	97500000	97600000	0.37405
15	97600000	97700000	0.37762
15	97700000	97800000	0.38972
15	97800000	97900000	0.39927
15	97900000	98000000	0.40438
15	98000000	98100000	0.40678
15	98100000	98200000	0.43231
15	98200000	98300000	0.42171
15	98300000	98400000	0.4291
15	98400000	98500000	0.44648
15	98500000	98600000	0.44974
15	98600000	98700000	0.44198
15	98700000	98800000	0.4349
15	98800000	98900000	0.43437
15	98900000	99000000	0.45982
15	99000000	99100000	0.45999
15	99100000	99200000	0.4607
15	99200000	99300000	0.38929
15	99300000	99400000	0.37709
15	99400000	99500000	0.49389
15	99500000	99600000	0.40169
15	99600000	99700000	0.36057
15	99700000	99800000	0.42635
15	99800000	99900000	0.37717
15	99900000	100000000	0.47139
15	100000000	100100000	0.44819
15	100100000	100200000	0.46699
15	100200000	100300000	0.46712
15	100300000	100400000	0.44083
15	100400000	100500000	0.39993
15	100500000	100600000	0.42347
15	100600000	100700000	0.42909
15	100700000	100800000	0.46663
15	100800000	100900000	0.46071
15	100900000	101000000	0.4374
15	101000000	101100000	0.49852
15	101100000	101200000	0.49293
15	101200000	101300000	0.44283
15	101300000	101400000	0.49526
15	101400000	101500000	0.4829
15	101500000	101600000	0.45311
15	101600000	101700000	0.42841
15	101700000	101800000	0.45069
15	101800000	101900000	0.37651
15	101900000	101991189	0.42013080589735063
16	0	100000	0.5620444444444445
16	100000	200000	0.5246
16	200000	300000	0.53497
16	300000	400000	0.56231
16	400000	500000	0.52291
16	500000	600000	0.62626
16	600000	700000	0.62081
16	700000	800000	0.62516
16	800000	900000	0.5819
16	900000	1000000	0.57209
16	1000000	1100000	0.62746
16	1100000	1200000	0.63954
16	1200000	1300000	0.60183
16	1300000	1400000	0.59923
16	1400000	1500000	0.58456
16	1500000	1600000	0.55828
16	1600000	1700000	0.51852
16	1700000	1800000	0.5807
16	1800000	1900000	0.47719
16	1900000	2000000	0.58936
16	2000000	2100000	0.60867
16	2100000	2200000	0.62375
16	2200000	2300000	0.56979
16	2300000	2400000	0.45312
16	2400000	2500000	0.54157
16	2500000	2600000	0.54699
16	2600000	2700000	0.52738
16	2700000	2800000	0.55078
16	2800000	2900000	0.52297
16	2900000	3000000	0.56486
16	3000000	3100000	0.56161
16	3100000	3200000	0.53201
16	3200000	3300000	0.46936
16	3300000	3400000	0.44103
16	3400000	3500000	0.4863
16	3500000	3600000	0.50107
16	3600000	3700000	0.49022
16	3700000	3800000	0.47024
16	3800000	3900000	0.44436
16	3900000	4000000	0.49083
16	4000000	4100000	0.45211
16	4100000	4200000	0.48622
16	4200000	4300000	0.52791
16	4300000	4400000	0.58386
16	4400000	4500000	0.50377
16	4500000	4600000	0.50523
16	4600000	4700000	0.56884
16	4700000	4800000	0.51745
16	4800000	4900000	0.49531
16	4900000	5000000	0.50975
16	5000000	5100000	0.51582
16	5100000	5200000	0.47255
16	5200000	5300000	0.45769
16	5300000	5400000	0.44927
16	5400000	5500000	0.45922
16	5500000	5600000	0.45001
16	5600000	5700000	0.44423
16	5700000	5800000	0.43484
16	5800000	5900000	0.44456
16	5900000	6000000	0.44129
16	6000000	6100000	0.42595
16	6100000	6200000	0.40988
16	6200000	6300000	0.41002
16	6300000	6400000	0.41456
16	6400000	6500000	0.41126
16	6500000	6600000	0.41474
16	6600000	6700000	0.40979
16	6700000	6800000	0.39495
16	6800000	6900000	0.40887
16	6900000	7000000	0.43025
16	7000000	7100000	0.4123
16	7100000	7200000	0.40105
16	7200000	7300000	0.41145
16	7300000	7400000	0.42294
16	7400000	7500000	0.42765
16	7500000	7600000	0.42101
16	7600000	7700000	0.40827
16	7700000	7800000	0.41594
16	7800000	7900000	0.39268
16	7900000	8000000	0.40308
16	8000000	8100000	0.39571
16	8100000	8200000	0.42355
16	8200000	8300000	0.41044
16	8300000	8400000	0.42214
16	8400000	8500000	0.42054
16	8500000	8600000	0.45573
16	8600000	8700000	0.4765
16	8700000	8800000	0.47231
16	8800000	8900000	0.49501
16	8900000	9000000	0.46989
16	9000000	9100000	0.47062
16	9100000	9200000	0.46527
16	9200000	9300000	0.44635
16	9300000	9400000	0.43758
16	9400000	9500000	0.41787
16	9500000	9600000	0.42831
16	9600000	9700000	0.41581
16	9700000	9800000	0.4179
16	9800000	9900000	0.40718
16	9900000	10000000	0.41353
16	10000000	10100000	0.431
16	10100000	10200000	0.44148
16	10200000	10300000	0.46056
16	10300000	10400000	0.43654
16	10400000	10500000	0.3943
16	10500000	10600000	0.47802
16	10600000	10700000	0.47938
16	10700000	10800000	0.45664
16	10800000	10900000	0.47754
16	10900000	11000000	0.48719
16	11000000	11100000	0.47519
16	11100000	11200000	0.50049
16	11200000	11300000	0.51231
16	11300000	11400000	0.5051
16	11400000	11500000	0.50573
16	11500000	11600000	0.4883
16	11600000	11700000	0.50556
16	11700000	11800000	0.43337
16	11800000	11900000	0.44059
16	11900000	12000000	0.46669
16	12000000	12100000	0.46594
16	12100000	12200000	0.47003
16	12200000	12300000	0.46523
16	12300000	12400000	0.46962
16	12400000	12500000	0.46866
16	12500000	12600000	0.48783
16	12600000	12700000	0.44949
16	12700000	12800000	0.44536
16	12800000	12900000	0.43511
16	12900000	13000000	0.43127
16	13000000	13100000	0.44019
16	13100000	13200000	0.42731
16	13200000	13300000	0.41631
16	13300000	13400000	0.42073
16	13400000	13500000	0.41891
16	13500000	13600000	0.4161
16	13600000	13700000	0.40231
16	13700000	13800000	0.41712
16	13800000	13900000	0.42444
16	13900000	14000000	0.41389
16	14000000	14100000	0.42979
16	14100000	14200000	0.3777
16	14200000	14300000	0.41765
16	14300000	14400000	0.50033
16	14400000	14500000	0.43986
16	14500000	14600000	0.41533
16	14600000	14700000	0.45937
16	14700000	14800000	0.47512
16	14800000	14900000	0.44972
16	14900000	15000000	0.50436
16	15000000	15100000	0.4441
16	15100000	15200000	0.49542
16	15200000	15300000	0.44364
16	15300000	15400000	0.45389
16	15400000	15500000	0.44008
16	15500000	15600000	0.4715
16	15600000	15700000	0.45914
16	15700000	15800000	0.4884
16	15800000	15900000	0.45982
16	15900000	16000000	0.46803
16	16000000	16100000	0.48389
16	16100000	16200000	0.49903
16	16200000	16300000	0.46125
16	16300000	16400000	0.55022
16	16400000	16500000	0.45327
16	16500000	16600000	0.43273
16	16600000	16700000	0.43357
16	16700000	16800000	0.41534
16	16800000	16900000	0.42977
16	16900000	17000000	0.42157
16	17000000	17100000	0.40931
16	17100000	17200000	0.45432
16	17200000	17300000	0.46099
16	17300000	17400000	0.46066
16	17400000	17500000	0.45279
16	17500000	17600000	0.43821
16	17600000	17700000	0.41827
16	17700000	17800000	0.41673
16	17800000	17900000	0.41633
16	17900000	18000000	0.41886
16	18000000	18100000	0.42058
16	18100000	18200000	0.41928
16	18200000	18300000	0.44809
16	18300000	18400000	0.54412
16	18400000	18500000	0.48576
16	18500000	18600000	0.45741
16	18600000	18700000	0.42321
16	18700000	18800000	0.45368
16	18800000	18900000	0.39276
16	18900000	19000000	0.46155
16	19000000	19100000	0.45288
16	19100000	19200000	0.46679
16	19200000	19300000	0.45361
16	19300000	19400000	0.44044
16	19400000	19500000	0.4476
16	19500000	19600000	0.42382
16	19600000	19700000	0.4464
16	19700000	19800000	0.45174
16	19800000	19900000	0.46543
16	19900000	20000000	0.4427
16	20000000	20100000	0.42891
16	20100000	20200000	0.42666
16	20200000	20300000	0.43423
16	20300000	20400000	0.4534
16	20400000	20500000	0.42817
16	20500000	20600000	0.41771
16	20600000	20700000	0.41887
16	20700000	20800000	0.4016
16	20800000	20900000	0.41234
16	20900000	21000000	0.45227
16	21000000	21100000	0.42328
16	21100000	21200000	0.44647
16	21200000	21300000	0.42755
16	21300000	21400000	0.45101
16	21400000	21500000	0.42829
16	21500000	21600000	0.49063
16	21600000	21700000	0.43215
16	21700000	21800000	0.4443
16	21800000	21900000	0.43689
16	21900000	22000000	0.4162
16	22000000	22100000	0.40497
16	22100000	22200000	0.48309
16	22200000	22300000	0.4758
16	22300000	22400000	0.45201
16	22400000	22500000	0.42474
16	22500000	22600000	0.45336
16	22600000	22700000	0.42702
16	22700000	22800000	0.42093
16	22800000	22900000	0.42912
16	22900000	23000000	0.43408
16	23000000	23100000	0.42683
16	23100000	23200000	0.43141
16	23200000	23300000	0.4486
16	23300000	23400000	0.48933
16	23400000	23500000	0.46334
16	23500000	23600000	0.47732
16	23600000	23700000	0.45073
16	23700000	23800000	0.45265
16	23800000	23900000	0.43147
16	23900000	24000000	0.43605
16	24000000	24100000	0.44228
16	24100000	24200000	0.43853
16	24200000	24300000	0.42516
16	24300000	24400000	0.45663
16	24400000	24500000	0.44206
16	24500000	24600000	0.42135
16	24600000	24700000	0.44315
16	24700000	24800000	0.40544
16	24800000	24900000	0.45318
16	24900000	25000000	0.45012
16	25000000	25100000	0.45081
16	25100000	25200000	0.45716
16	25200000	25300000	0.44738
16	25300000	25400000	0.40831
16	25400000	25500000	0.40466
16	25500000	25600000	0.4209
16	25600000	25700000	0.41065
16	25700000	25800000	0.41799
16	25800000	25900000	0.41008
16	25900000	26000000	0.4278
16	26000000	26100000	0.42556
16	26100000	26200000	0.41066
16	26200000	26300000	0.38962
16	26300000	26400000	0.41542
16	26400000	26500000	0.38388
16	26500000	26600000	0.41755
16	26600000	26700000	0.4307
16	26700000	26800000	0.43667
16	26800000	26900000	0.42215
16	26900000	27000000	0.44794
16	27000000	27100000	0.45674
16	27100000	27200000	0.46763
16	27200000	27300000	0.47201
16	27300000	27400000	0.47703
16	27400000	27500000	0.49131
16	27500000	27600000	0.46872
16	27600000	27700000	0.47032
16	27700000	27800000	0.50551
16	27800000	27900000	0.48943
16	27900000	28000000	0.46668
16	28000000	28100000	0.50109
16	28100000	28200000	0.43221
16	28200000	28300000	0.49528
16	28300000	28400000	0.49908
16	28400000	28500000	0.49555
16	28500000	28600000	0.49745
16	28600000	28700000	0.48923
16	28700000	28800000	0.4842
16	28800000	28900000	0.51441
16	28900000	29000000	0.52562
16	29000000	29100000	0.46554
16	29100000	29200000	0.51643
16	29200000	29300000	0.51198
16	29300000	29400000	0.49354
16	29400000	29500000	0.46277
16	29500000	29600000	0.42061
16	29600000	29700000	0.51433
16	29700000	29800000	0.47786
16	29800000	29900000	0.53998
16	29900000	30000000	0.49777
16	30000000	30100000	0.54282
16	30100000	30200000	0.51238
16	30200000	30300000	0.44666
16	30300000	30400000	0.49633
16	30400000	30500000	0.49214
16	30500000	30600000	0.51176
16	30600000	30700000	0.50631
16	30700000	30800000	0.51517
16	30800000	30900000	0.48814
16	30900000	31000000	0.54875
16	31000000	31100000	0.52789
16	31100000	31200000	0.51897
16	31200000	31300000	0.47894
16	31300000	31400000	0.4733
16	31400000	31500000	0.52323
16	31500000	31600000	0.4301
16	31600000	31700000	0.39508
16	31700000	31800000	0.40733
16	31800000	31900000	0.41133
16	31900000	32000000	0.4282
16	32000000	32100000	0.41587
16	32100000	32200000	0.3944
16	32200000	32300000	0.41771
16	32300000	32400000	0.4298
16	32400000	32500000	0.39359
16	32500000	32600000	0.37615
16	32600000	32700000	0.4191
16	32700000	32800000	0.40057
16	32800000	32900000	0.45464
16	32900000	33000000	0.46104
16	33000000	33100000	0.37946
16	33100000	33200000	0.41879
16	33200000	33300000	0.41254
16	33300000	33400000	0.42737336464273734
16	33400000	33500000	0.42810258903610066
16	33500000	33600000	0.45715
16	33600000	33700000	0.43175
16	33700000	33800000	0.38864
16	33800000	33900000	0.41222
16	33900000	34000000	0.5038
16	34000000	34100000	0.39841
16	34100000	34200000	0.41664
16	34200000	34300000	0.38076100706377547
16	34300000	34400000	0.42694203161312655
16	34400000	34500000	0.39692
16	34500000	34600000	0.36673068008741144
16	34600000	34700000	0.35262
16	34700000	34800000	0.35222
16	34800000	34900000	0.36468
16	34900000	35000000	0.38444
16	35000000	35100000	0.4219
16	35100000	35200000	0.43385
16	35200000	35300000	0.4171
16	35300000	35400000	0.40574
16	35400000	35500000	0.39648
16	35500000	35600000	0.4264
16	35600000	35700000	0.40156
16	35700000	35800000	0.4331
16	35800000	35900000	0.36936
16	35900000	36000000	0.37747
16	36000000	36100000	0.3709
16	36100000	36200000	0.3567
16	36200000	36300000	0.3538150896316239
16	36300000	36400000	0.39278534480811367
16	36400000	36500000	0.39443
16	36500000	36600000	0.39522
16	36600000	36700000	0.3951751751751752
16	36700000	36800000	0.39485
16	36800000	36900000	0.39485
16	36900000	37000000	0.39455
16	37000000	37100000	0.39503
16	37100000	37200000	0.39502
16	37200000	37300000	0.39506
16	37300000	37400000	0.39482
16	37400000	37500000	0.3952152152152152
16	37500000	37600000	0.39511
16	37600000	37700000	0.39491
16	37700000	37800000	0.39462
16	37800000	37900000	0.39456
16	37900000	38000000	0.3946192384769539
16	38000000	38100000	0.39509
16	38100000	38200000	0.39436
16	38200000	38300000	0.3940070346320346
16	38300000	38400000	
16	38400000	38500000	
16	38500000	38600000	
16	38600000	38700000	
16	38700000	38800000	
16	38800000	38900000	
16	38900000	39000000	
16	39000000	39100000	
16	39100000	39200000	
16	39200000	39300000	
16	39300000	39400000	
16	39400000	39500000	
16	39500000	39600000	
16	39600000	39700000	
16	39700000	39800000	
16	39800000	39900000	
16	39900000	40000000	
16	40000000	40100000	
16	40100000	40200000	
16	40200000	40300000	
16	40300000	40400000	
16	40400000	40500000	
16	40500000	40600000	
16	40600000	40700000	
16	40700000	40800000	
16	40800000	40900000	
16	40900000	41000000	
16	41000000	41100000	
16	41100000	41200000	
16	41200000	41300000	
16	41300000	41400000	
16	41400000	41500000	
16	41500000	41600000	
16	41600000	41700000	
16	41700000	41800000	
16	41800000	41900000	
16	41900000	42000000	
16	42000000	42100000	
16	42100000	42200000	
16	42200000	42300000	
16	42300000	42400000	
16	42400000	42500000	
16	42500000	42600000	
16	42600000	42700000	
16	42700000	42800000	
16	42800000	42900000	
16	42900000	43000000	
16	43000000	43100000	
16	43100000	43200000	
16	43200000	43300000	
16	43300000	43400000	
16	43400000	43500000	
16	43500000	43600000	
16	43600000	43700000	
16	43700000	43800000	
16	43800000	43900000	
16	43900000	44000000	
16	44000000	44100000	
16	44100000	44200000	
16	44200000	44300000	
16	44300000	44400000	
16	44400000	44500000	
16	44500000	44600000	
16	44600000	44700000	
16	44700000	44800000	
16	44800000	44900000	
16	44900000	45000000	
16	45000000	45100000	
16	45100000	45200000	
16	45200000	45300000	
16	45300000	45400000	
16	45400000	45500000	
16	45500000	45600000	
16	45600000	45700000	
16	45700000	45800000	
16	45800000	45900000	
16	45900000	46000000	
16	46000000	46100000	
16	46100000	46200000	
16	46200000	46300000	
16	46300000	46400000	0.3620457604306864
16	46400000	46500000	0.37554
16	46500000	46600000	0.38058
16	46600000	46700000	0.42738
16	46700000	46800000	0.45588
16	46800000	46900000	0.43911
16	46900000	47000000	0.46823
16	47000000	47100000	0.45693
16	47100000	47200000	0.38801
16	47200000	47300000	0.36913
16	47300000	47400000	0.36931
16	47400000	47500000	0.38063
16	47500000	47600000	0.38547
16	47600000	47700000	0.38106
16	47700000	47800000	0.40105
16	47800000	47900000	0.42043
16	47900000	48000000	0.41799
16	48000000	48100000	0.44819
16	48100000	48200000	0.47443
16	48200000	48300000	0.40993
16	48300000	48400000	0.42107
16	48400000	48500000	0.44963
16	48500000	48600000	0.443
16	48600000	48700000	0.42831
16	48700000	48800000	0.40213
16	48800000	48900000	0.43851
16	48900000	49000000	0.45184
16	49000000	49100000	0.43223
16	49100000	49200000	0.41655
16	49200000	49300000	0.44162
16	49300000	49400000	0.43404
16	49400000	49500000	0.4934
16	49500000	49600000	0.4958
16	49600000	49700000	0.50778
16	49700000	49800000	0.50765
16	49800000	49900000	0.51343
16	49900000	50000000	0.45824
16	50000000	50100000	0.42929
16	50100000	50200000	0.43511
16	50200000	50300000	0.48303
16	50300000	50400000	0.45277
16	50400000	50500000	0.46366
16	50500000	50600000	0.488
16	50600000	50700000	0.51546
16	50700000	50800000	0.40873
16	50800000	50900000	0.44595
16	50900000	51000000	0.46623
16	51000000	51100000	0.44385
16	51100000	51200000	0.45382
16	51200000	51300000	0.42865
16	51300000	51400000	0.41879
16	51400000	51500000	0.40666
16	51500000	51600000	0.41133
16	51600000	51700000	0.40746
16	51700000	51800000	0.3915
16	51800000	51900000	0.39892
16	51900000	52000000	0.40766
16	52000000	52100000	0.38815
16	52100000	52200000	0.38611
16	52200000	52300000	0.38632
16	52300000	52400000	0.38758
16	52400000	52500000	0.38012
16	52500000	52600000	0.40524
16	52600000	52700000	0.40469
16	52700000	52800000	0.4148
16	52800000	52900000	0.40085
16	52900000	53000000	0.39559
16	53000000	53100000	0.44739
16	53100000	53200000	0.39678
16	53200000	53300000	0.3563
16	53300000	53400000	0.40099
16	53400000	53500000	0.39895
16	53500000	53600000	0.45168
16	53600000	53700000	0.37161
16	53700000	53800000	0.38636
16	53800000	53900000	0.38641
16	53900000	54000000	0.40507
16	54000000	54100000	0.41024
16	54100000	54200000	0.44524
16	54200000	54300000	0.4704
16	54300000	54400000	0.45548
16	54400000	54500000	0.4479
16	54500000	54600000	0.43546
16	54600000	54700000	0.41288
16	54700000	54800000	0.40673
16	54800000	54900000	0.40992
16	54900000	55000000	0.45291
16	55000000	55100000	0.46043
16	55100000	55200000	0.45684
16	55200000	55300000	0.42072
16	55300000	55400000	0.42789
16	55400000	55500000	0.45788
16	55500000	55600000	0.36775
16	55600000	55700000	0.44795
16	55700000	55800000	0.45858
16	55800000	55900000	0.45437
16	55900000	56000000	0.41182
16	56000000	56100000	0.42363
16	56100000	56200000	0.3925
16	56200000	56300000	0.46592
16	56300000	56400000	0.49565
16	56400000	56500000	0.40446
16	56500000	56600000	0.44853
16	56600000	56700000	0.49309
16	56700000	56800000	0.42429
16	56800000	56900000	0.48032
16	56900000	57000000	0.48503
16	57000000	57100000	0.50392
16	57100000	57200000	0.48028
16	57200000	57300000	0.46408
16	57300000	57400000	0.47026
16	57400000	57500000	0.48887
16	57500000	57600000	0.49774
16	57600000	57700000	0.53651
16	57700000	57800000	0.53128
16	57800000	57900000	0.47348
16	57900000	58000000	0.51412
16	58000000	58100000	0.52048
16	58100000	58200000	0.4389
16	58200000	58300000	0.43939
16	58300000	58400000	0.41888
16	58400000	58500000	0.48624
16	58500000	58600000	0.43255
16	58600000	58700000	0.47492
16	58700000	58800000	0.43657
16	58800000	58900000	0.40102
16	58900000	59000000	0.3938
16	59000000	59100000	0.3785
16	59100000	59200000	0.38218
16	59200000	59300000	0.38124
16	59300000	59400000	0.38859
16	59400000	59500000	0.35428
16	59500000	59600000	0.37643
16	59600000	59700000	0.3693
16	59700000	59800000	0.35919
16	59800000	59900000	0.37362
16	59900000	60000000	0.36464
16	60000000	60100000	0.36375
16	60100000	60200000	0.37991
16	60200000	60300000	0.37624
16	60300000	60400000	0.38279
16	60400000	60500000	0.35754
16	60500000	60600000	0.36463
16	60600000	60700000	0.35814
16	60700000	60800000	0.36309
16	60800000	60900000	0.34892
16	60900000	61000000	0.3643
16	61000000	61100000	0.36045
16	61100000	61200000	0.35854
16	61200000	61300000	0.35754
16	61300000	61400000	0.36309
16	61400000	61500000	0.35567
16	61500000	61600000	0.36711
16	61600000	61700000	0.35496
16	61700000	61800000	0.35173
16	61800000	61900000	0.3712
16	61900000	62000000	0.37693
16	62000000	62100000	0.38661
16	62100000	62200000	0.36324
16	62200000	62300000	0.36825
16	62300000	62400000	0.36873
16	62400000	62500000	0.36709
16	62500000	62600000	0.36789
16	62600000	62700000	0.37605
16	62700000	62800000	0.35987
16	62800000	62900000	0.35908
16	62900000	63000000	0.37853
16	63000000	63100000	0.36261
16	63100000	63200000	0.36824
16	63200000	63300000	0.35716
16	63300000	63400000	0.35731
16	63400000	63500000	0.34868
16	63500000	63600000	0.35309
16	63600000	63700000	0.37137
16	63700000	63800000	0.36454
16	63800000	63900000	0.36503
16	63900000	64000000	0.36225
16	64000000	64100000	0.36439
16	64100000	64200000	0.35872
16	64200000	64300000	0.36913
16	64300000	64400000	0.37732
16	64400000	64500000	0.36443
16	64500000	64600000	0.36362
16	64600000	64700000	0.37001
16	64700000	64800000	0.37613
16	64800000	64900000	0.38452
16	64900000	65000000	0.3795
16	65000000	65100000	0.40335
16	65100000	65200000	0.39442
16	65200000	65300000	0.40261
16	65300000	65400000	0.38593
16	65400000	65500000	0.39883
16	65500000	65600000	0.40619
16	65600000	65700000	0.42895
16	65700000	65800000	0.43599
16	65800000	65900000	0.4252
16	65900000	66000000	0.43278
16	66000000	66100000	0.43373
16	66100000	66200000	0.44811
16	66200000	66300000	0.46271
16	66300000	66400000	0.49788
16	66400000	66500000	0.49484
16	66500000	66600000	0.46581
16	66600000	66700000	0.47081
16	66700000	66800000	0.42887
16	66800000	66900000	0.47072
16	66900000	67000000	0.52832
16	67000000	67100000	0.44077
16	67100000	67200000	0.53169
16	67200000	67300000	0.54264
16	67300000	67400000	0.45118
16	67400000	67500000	0.53052
16	67500000	67600000	0.49888
16	67600000	67700000	0.50695
16	67700000	67800000	0.48819
16	67800000	67900000	0.52277
16	67900000	68000000	0.5462
16	68000000	68100000	0.46789
16	68100000	68200000	0.41404
16	68200000	68300000	0.49142
16	68300000	68400000	0.50834
16	68400000	68500000	0.47915
16	68500000	68600000	0.46447
16	68600000	68700000	0.47713
16	68700000	68800000	0.48443
16	68800000	68900000	0.43918
16	68900000	69000000	0.42354
16	69000000	69100000	0.44995
16	69100000	69200000	0.46704
16	69200000	69300000	0.42157
16	69300000	69400000	0.46703
16	69400000	69500000	0.42648
16	69500000	69600000	0.42104
16	69600000	69700000	0.3843
16	69700000	69800000	0.45689
16	69800000	69900000	0.44493
16	69900000	70000000	0.49716
16	70000000	70100000	0.43361
16	70100000	70200000	0.49331
16	70200000	70300000	0.4611
16	70300000	70400000	0.47743
16	70400000	70500000	0.51649
16	70500000	70600000	0.45588
16	70600000	70700000	0.52055
16	70700000	70800000	0.53185
16	70800000	70900000	0.43068
16	70900000	71000000	0.43727
16	71000000	71100000	0.40201
16	71100000	71200000	0.38464
16	71200000	71300000	0.3957
16	71300000	71400000	0.45549
16	71400000	71500000	0.46061
16	71500000	71600000	0.4315
16	71600000	71700000	0.43416
16	71700000	71800000	0.40668
16	71800000	71900000	0.46073
16	71900000	72000000	0.43321
16	72000000	72100000	0.45684
16	72100000	72200000	0.44481
16	72200000	72300000	0.4012
16	72300000	72400000	0.37102
16	72400000	72500000	0.35794
16	72500000	72600000	0.38394
16	72600000	72700000	0.37954
16	72700000	72800000	0.39616
16	72800000	72900000	0.4525
16	72900000	73000000	0.47003
16	73000000	73100000	0.47098
16	73100000	73200000	0.4458
16	73200000	73300000	0.42045
16	73300000	73400000	0.43794
16	73400000	73500000	0.43128
16	73500000	73600000	0.41496
16	73600000	73700000	0.38988
16	73700000	73800000	0.41629
16	73800000	73900000	0.4142
16	73900000	74000000	0.39404
16	74000000	74100000	0.39671
16	74100000	74200000	0.37908
16	74200000	74300000	0.41924
16	74300000	74400000	0.4735
16	74400000	74500000	0.47643
16	74500000	74600000	0.41243
16	74600000	74700000	0.44726
16	74700000	74800000	0.48019
16	74800000	74900000	0.43772
16	74900000	75000000	0.44859
16	75000000	75100000	0.44832
16	75100000	75200000	0.46171
16	75200000	75300000	0.54859
16	75300000	75400000	0.41812
16	75400000	75500000	0.45822
16	75500000	75600000	0.46699
16	75600000	75700000	0.43685
16	75700000	75800000	0.40432
16	75800000	75900000	0.3819
16	75900000	76000000	0.37615
16	76000000	76100000	0.35766
16	76100000	76200000	0.36119
16	76200000	76300000	0.36647
16	76300000	76400000	0.37683
16	76400000	76500000	0.35899
16	76500000	76600000	0.36839
16	76600000	76700000	0.35585
16	76700000	76800000	0.35854
16	76800000	76900000	0.37504
16	76900000	77000000	0.36954
16	77000000	77100000	0.38662
16	77100000	77200000	0.40413
16	77200000	77300000	0.41816
16	77300000	77400000	0.39518
16	77400000	77500000	0.4096
16	77500000	77600000	0.4128
16	77600000	77700000	0.41385
16	77700000	77800000	0.42554
16	77800000	77900000	0.4426
16	77900000	78000000	0.44106
16	78000000	78100000	0.43444
16	78100000	78200000	0.42227
16	78200000	78300000	0.4194
16	78300000	78400000	0.41795
16	78400000	78500000	0.41509
16	78500000	78600000	0.42836
16	78600000	78700000	0.43563
16	78700000	78800000	0.43341
16	78800000	78900000	0.41371
16	78900000	79000000	0.43747
16	79000000	79100000	0.43812
16	79100000	79200000	0.427
16	79200000	79300000	0.43696
16	79300000	79400000	0.4416
16	79400000	79500000	0.44199
16	79500000	79600000	0.426
16	79600000	79700000	0.42086
16	79700000	79800000	0.41497
16	79800000	79900000	0.41774
16	79900000	80000000	0.40438
16	80000000	80100000	0.41436
16	80100000	80200000	0.40368
16	80200000	80300000	0.40686
16	80300000	80400000	0.42264
16	80400000	80500000	0.41096
16	80500000	80600000	0.4192
16	80600000	80700000	0.4335
16	80700000	80800000	0.40049
16	80800000	80900000	0.40096
16	80900000	81000000	0.42554
16	81000000	81100000	0.43706
16	81100000	81200000	0.49738
16	81200000	81300000	0.4728
16	81300000	81400000	0.42591
16	81400000	81500000	0.50574
16	81500000	81600000	0.49764
16	81600000	81700000	0.51963
16	81700000	81800000	0.49455
16	81800000	81900000	0.47119
16	81900000	82000000	0.43796
16	82000000	82100000	0.42569
16	82100000	82200000	0.40295
16	82200000	82300000	0.41963
16	82300000	82400000	0.41745
16	82400000	82500000	0.41601
16	82500000	82600000	0.42529
16	82600000	82700000	0.44011
16	82700000	82800000	0.41676
16	82800000	82900000	0.4089
16	82900000	83000000	0.41402
16	83000000	83100000	0.40574
16	83100000	83200000	0.42171
16	83200000	83300000	0.4195
16	83300000	83400000	0.41449
16	83400000	83500000	0.42503
16	83500000	83600000	0.43466
16	83600000	83700000	0.43833
16	83700000	83800000	0.43362
16	83800000	83900000	0.45195
16	83900000	84000000	0.53251
16	84000000	84100000	0.49686
16	84100000	84200000	0.48686
16	84200000	84300000	0.4971
16	84300000	84400000	0.49076
16	84400000	84500000	0.4794
16	84500000	84600000	0.50284
16	84600000	84700000	0.49145
16	84700000	84800000	0.44244
16	84800000	84900000	0.50934
16	84900000	85000000	0.50878
16	85000000	85100000	0.5066
16	85100000	85200000	0.54048
16	85200000	85300000	0.56122
16	85300000	85400000	0.56423
16	85400000	85500000	0.5689
16	85500000	85600000	0.5593
16	85600000	85700000	0.56695
16	85700000	85800000	0.52155
16	85800000	85900000	0.48593
16	85900000	86000000	0.50629
16	86000000	86100000	0.49585
16	86100000	86200000	0.46116
16	86200000	86300000	0.4768
16	86300000	86400000	0.48414
16	86400000	86500000	0.49337
16	86500000	86600000	0.51387
16	86600000	86700000	0.47282
16	86700000	86800000	0.48735
16	86800000	86900000	0.48682
16	86900000	87000000	0.50346
16	87000000	87100000	0.47648
16	87100000	87200000	0.4839
16	87200000	87300000	0.47719
16	87300000	87400000	0.51274
16	87400000	87500000	0.48358
16	87500000	87600000	0.50783
16	87600000	87700000	0.56531
16	87700000	87800000	0.51636
16	87800000	87900000	0.55451
16	87900000	88000000	0.50132
16	88000000	88100000	0.52939
16	88100000	88200000	0.52298
16	88200000	88300000	0.52607
16	88300000	88400000	0.5578
16	88400000	88500000	0.62781
16	88500000	88600000	0.56511
16	88600000	88700000	0.57385
16	88700000	88800000	0.60955
16	88800000	88900000	0.6079
16	88900000	89000000	0.59962
16	89000000	89100000	0.57453
16	89100000	89200000	0.57948
16	89200000	89300000	0.53041
16	89300000	89400000	0.5107
16	89400000	89500000	0.49301
16	89500000	89600000	0.55549
16	89600000	89700000	0.55593
16	89700000	89800000	0.53628
16	89800000	89900000	0.53356
16	89900000	90000000	0.54924
16	90000000	90100000	0.50901
16	90100000	90200000	0.44091
16	90200000	90300000	0.42222614217675075
16	90300000	90338345	
17	0	100000	0.465225
17	100000	200000	0.50616
17	200000	300000	0.53088
17	300000	400000	0.52849
17	400000	500000	0.49759767461742327
17	500000	600000	0.4707
17	600000	700000	0.45011
17	700000	800000	0.48344
17	800000	900000	0.51661
17	900000	1000000	0.50201
17	1000000	1100000	0.56753
17	1100000	1200000	0.54887
17	1200000	1300000	0.5253
17	1300000	1400000	0.46834
17	1400000	1500000	0.53044
17	1500000	1600000	0.52384
17	1600000	1700000	0.52756
17	1700000	1800000	0.53641
17	1800000	1900000	0.44729
17	1900000	2000000	0.53276
17	2000000	2100000	0.55138
17	2100000	2200000	0.44901
17	2200000	2300000	0.44018
17	2300000	2400000	0.52674
17	2400000	2500000	0.45294
17	2500000	2600000	0.46298
17	2600000	2700000	0.44786
17	2700000	2800000	0.54111
17	2800000	2900000	0.5157
17	2900000	3000000	0.49881
17	3000000	3100000	0.45544
17	3100000	3200000	0.41181
17	3200000	3300000	0.40868
17	3300000	3400000	0.41129
17	3400000	3500000	0.4003
17	3500000	3600000	0.51244
17	3600000	3700000	0.53956
17	3700000	3800000	0.50352
17	3800000	3900000	0.50972
17	3900000	4000000	0.54506
17	4000000	4100000	0.45137
17	4100000	4200000	0.46839
17	4200000	4300000	0.42559
17	4300000	4400000	0.445
17	4400000	4500000	0.51923
17	4500000	4600000	0.56584
17	4600000	4700000	0.48149
17	4700000	4800000	0.50624
17	4800000	4900000	0.52426
17	4900000	5000000	0.52816
17	5000000	5100000	0.49614
17	5100000	5200000	0.46419
17	5200000	5300000	0.46332
17	5300000	5400000	0.41401
17	5400000	5500000	0.44036
17	5500000	5600000	0.46931
17	5600000	5700000	0.46598
17	5700000	5800000	0.45841
17	5800000	5900000	0.44107
17	5900000	6000000	0.44701
17	6000000	6100000	0.48428
17	6100000	6200000	0.46412
17	6200000	6300000	0.46451
17	6300000	6400000	0.44608
17	6400000	6500000	0.52103
17	6500000	6600000	0.48487
17	6600000	6700000	0.46175
17	6700000	6800000	0.44654
17	6800000	6900000	0.4199
17	6900000	7000000	0.43254
17	7000000	7100000	0.49923
17	7100000	7200000	0.49545
17	7200000	7300000	0.53996
17	7300000	7400000	0.53947
17	7400000	7500000	0.54468
17	7500000	7600000	0.50717
17	7600000	7700000	0.49605
17	7700000	7800000	0.49599
17	7800000	7900000	0.50921
17	7900000	8000000	0.47819
17	8000000	8100000	0.51097
17	8100000	8200000	0.52663
17	8200000	8300000	0.50264
17	8300000	8400000	0.48977
17	8400000	8500000	0.45371
17	8500000	8600000	0.41172
17	8600000	8700000	0.43657
17	8700000	8800000	0.46138
17	8800000	8900000	0.48604
17	8900000	9000000	0.4444
17	9000000	9100000	0.47299
17	9100000	9200000	0.5027
17	9200000	9300000	0.50414
17	9300000	9400000	0.43183
17	9400000	9500000	0.43395
17	9500000	9600000	0.42066
17	9600000	9700000	0.43295
17	9700000	9800000	0.4549
17	9800000	9900000	0.45519
17	9900000	10000000	0.48939
17	10000000	10100000	0.47234
17	10100000	10200000	0.48192
17	10200000	10300000	0.44008
17	10300000	10400000	0.4457
17	10400000	10500000	0.3753
17	10500000	10600000	0.39822
17	10600000	10700000	0.45146
17	10700000	10800000	0.44657
17	10800000	10900000	0.45803
17	10900000	11000000	0.41598
17	11000000	11100000	0.41997
17	11100000	11200000	0.41368
17	11200000	11300000	0.44941
17	11300000	11400000	0.42766
17	11400000	11500000	0.43477
17	11500000	11600000	0.43395
17	11600000	11700000	0.42289
17	11700000	11800000	0.42517
17	11800000	11900000	0.42274
17	11900000	12000000	0.43388
17	12000000	12100000	0.3818
17	12100000	12200000	0.38325
17	12200000	12300000	0.42302
17	12300000	12400000	0.3959
17	12400000	12500000	0.39628
17	12500000	12600000	0.38452
17	12600000	12700000	0.41402
17	12700000	12800000	0.42415
17	12800000	12900000	0.40475
17	12900000	13000000	0.45475
17	13000000	13100000	0.44287
17	13100000	13200000	0.39403
17	13200000	13300000	0.38702
17	13300000	13400000	0.39267
17	13400000	13500000	0.39595
17	13500000	13600000	0.40482
17	13600000	13700000	0.39288
17	13700000	13800000	0.3942
17	13800000	13900000	0.40672
17	13900000	14000000	0.4226
17	14000000	14100000	0.40305
17	14100000	14200000	0.3764
17	14200000	14300000	0.43125
17	14300000	14400000	0.43934
17	14400000	14500000	0.40702
17	14500000	14600000	0.41028
17	14600000	14700000	0.38492
17	14700000	14800000	0.41379
17	14800000	14900000	0.38519
17	14900000	15000000	0.40335
17	15000000	15100000	0.40783
17	15100000	15200000	0.41688
17	15200000	15300000	0.42443
17	15300000	15400000	0.41693
17	15400000	15500000	0.45845
17	15500000	15600000	0.42672
17	15600000	15700000	0.45249
17	15700000	15800000	0.44438
17	15800000	15900000	0.43256
17	15900000	16000000	0.46899
17	16000000	16100000	0.40126
17	16100000	16200000	0.38829
17	16200000	16300000	0.43848
17	16300000	16400000	0.46475
17	16400000	16500000	0.52385
17	16500000	16600000	0.43425
17	16600000	16700000	0.40284
17	16700000	16800000	0.38522
17	16800000	16900000	0.51244
17	16900000	17000000	0.48867
17	17000000	17100000	0.50588
17	17100000	17200000	0.52149
17	17200000	17300000	0.47899
17	17300000	17400000	0.50396
17	17400000	17500000	0.49131
17	17500000	17600000	0.54974
17	17600000	17700000	0.5075
17	17700000	17800000	0.56428
17	17800000	17900000	0.54013
17	17900000	18000000	0.47672
17	18000000	18100000	0.4767
17	18100000	18200000	0.54429
17	18200000	18300000	0.54143
17	18300000	18400000	0.51056
17	18400000	18500000	0.49981
17	18500000	18600000	0.40045
17	18600000	18700000	0.43108
17	18700000	18800000	0.44181
17	18800000	18900000	0.42347
17	18900000	19000000	0.51093
17	19000000	19100000	0.5324
17	19100000	19200000	0.51089
17	19200000	19300000	0.48998
17	19300000	19400000	0.50731
17	19400000	19500000	0.47452
17	19500000	19600000	0.47652
17	19600000	19700000	0.42552
17	19700000	19800000	0.49287
17	19800000	19900000	0.43316
17	19900000	20000000	0.4269
17	20000000	20100000	0.42627
17	20100000	20200000	0.41986
17	20200000	20300000	0.42869
17	20300000	20400000	0.39666
17	20400000	20500000	0.46195
17	20500000	20600000	0.5004
17	20600000	20700000	0.4375
17	20700000	20800000	0.41679
17	20800000	20900000	0.40047
17	20900000	21000000	0.44353
17	21000000	21100000	0.47118
17	21100000	21200000	0.44763
17	21200000	21300000	0.53044
17	21300000	21400000	0.54581
17	21400000	21500000	0.49169
17	21500000	21600000	0.43199
17	21600000	21700000	0.46624
17	21700000	21800000	0.48519561815336465
17	21800000	21900000	0.3924566531201602
17	21900000	22000000	0.3893946688843174
17	22000000	22100000	0.4186808046156245
17	22100000	22200000	0.33501
17	22200000	22300000	0.41513
17	22300000	22400000	0.47944
17	22400000	22500000	0.45487
17	22500000	22600000	0.38991
17	22600000	22700000	0.36011
17	22700000	22800000	0.4109046938551171
17	22800000	22900000	0.41007402601916104
17	22900000	23000000	0.40979
17	23000000	23100000	0.40964
17	23100000	23200000	0.4098898898898899
17	23200000	23300000	0.40842
17	23300000	23400000	0.40852
17	23400000	23500000	0.40907
17	23500000	23600000	0.40921
17	23600000	23700000	0.40915
17	23700000	23800000	0.40944
17	23800000	23900000	0.40901
17	23900000	24000000	0.40839
17	24000000	24100000	0.40847
17	24100000	24200000	0.40913
17	24200000	24300000	0.40886
17	24300000	24400000	0.409
17	24400000	24500000	0.4094
17	24500000	24600000	0.40892
17	24600000	24700000	0.40885
17	24700000	24800000	0.40938
17	24800000	24900000	0.40918
17	24900000	25000000	0.40925
17	25000000	25100000	0.40926
17	25100000	25200000	0.4087
17	25200000	25300000	0.40921
17	25300000	25400000	0.40906
17	25400000	25500000	0.40877
17	25500000	25600000	0.40883
17	25600000	25700000	0.407957957957958
17	25700000	25800000	0.4087587587587588
17	25800000	25900000	0.40829
17	25900000	26000000	0.40984984984984985
17	26000000	26100000	0.40833
17	26100000	26200000	0.40914
17	26200000	26300000	0.40842
17	26300000	26400000	0.40879
17	26400000	26500000	0.40874
17	26500000	26600000	0.4060180541624875
17	26600000	26700000	0.3912354321828102
17	26700000	26800000	0.3875845400816459
17	26800000	26900000	0.38741819121811366
17	26900000	27000000	0.3943611371446423
17	27000000	27100000	0.40813
17	27100000	27200000	0.37451
17	27200000	27300000	0.43285
17	27300000	27400000	0.45583
17	27400000	27500000	0.48984
17	27500000	27600000	0.49284
17	27600000	27700000	0.49981
17	27700000	27800000	0.47029
17	27800000	27900000	0.4456
17	27900000	28000000	0.45011
17	28000000	28100000	0.39517
17	28100000	28200000	0.37422
17	28200000	28300000	0.47094
17	28300000	28400000	0.48962
17	28400000	28500000	0.47605
17	28500000	28600000	0.51241
17	28600000	28700000	0.47174
17	28700000	28800000	0.50541
17	28800000	28900000	0.48492
17	28900000	29000000	0.50228
17	29000000	29100000	0.50849
17	29100000	29200000	0.51749
17	29200000	29300000	0.43601
17	29300000	29400000	0.43873
17	29400000	29500000	0.4025
17	29500000	29600000	0.48875
17	29600000	29700000	0.455
17	29700000	29800000	0.40712
17	29800000	29900000	0.39744
17	29900000	30000000	0.39461
17	30000000	30100000	0.39206
17	30100000	30200000	0.38881
17	30200000	30300000	0.44416
17	30300000	30400000	0.41669
17	30400000	30500000	0.38517
17	30500000	30600000	0.46332
17	30600000	30700000	0.46989
17	30700000	30800000	0.45993
17	30800000	30900000	0.42113
17	30900000	31000000	0.46809
17	31000000	31100000	0.42873
17	31100000	31200000	0.38387
17	31200000	31300000	0.36611
17	31300000	31400000	0.40007
17	31400000	31500000	0.50988
17	31500000	31600000	0.51351
17	31600000	31700000	0.44596
17	31700000	31800000	0.44701
17	31800000	31900000	0.45412
17	31900000	32000000	0.42803
17	32000000	32100000	0.45003
17	32100000	32200000	0.44197
17	32200000	32300000	0.46109
17	32300000	32400000	0.43747
17	32400000	32500000	0.45189
17	32500000	32600000	0.43758
17	32600000	32700000	0.39973
17	32700000	32800000	0.38346
17	32800000	32900000	0.40501
17	32900000	33000000	0.45605
17	33000000	33100000	0.45682
17	33100000	33200000	0.45255
17	33200000	33300000	0.46537
17	33300000	33400000	0.44101
17	33400000	33500000	0.44114
17	33500000	33600000	0.45595
17	33600000	33700000	0.43735
17	33700000	33800000	0.43596
17	33800000	33900000	0.42948
17	33900000	34000000	0.44957
17	34000000	34100000	0.43076
17	34100000	34200000	0.42574
17	34200000	34300000	0.42829
17	34300000	34400000	0.41767
17	34400000	34500000	0.47793
17	34500000	34600000	0.48264
17	34600000	34700000	0.49512
17	34700000	34800000	0.47813
17	34800000	34900000	0.48297
17	34900000	35000000	0.41852
17	35000000	35100000	0.44057
17	35100000	35200000	0.47822
17	35200000	35300000	0.41876
17	35300000	35400000	0.4058
17	35400000	35500000	0.41249
17	35500000	35600000	0.41695
17	35600000	35700000	0.39146
17	35700000	35800000	0.48625
17	35800000	35900000	0.4411
17	35900000	36000000	0.44866
17	36000000	36100000	0.42688
17	36100000	36200000	0.46721
17	36200000	36300000	0.45019
17	36300000	36400000	0.46
17	36400000	36500000	0.49112
17	36500000	36600000	0.45821
17	36600000	36700000	0.51274
17	36700000	36800000	0.48377
17	36800000	36900000	0.50503
17	36900000	37000000	0.45279
17	37000000	37100000	0.43509
17	37100000	37200000	0.39968
17	37200000	37300000	0.39388
17	37300000	37400000	0.4341
17	37400000	37500000	0.43586
17	37500000	37600000	0.41516
17	37600000	37700000	0.4233
17	37700000	37800000	0.46107
17	37800000	37900000	0.43334
17	37900000	38000000	0.47006
17	38000000	38100000	0.466
17	38100000	38200000	0.45356
17	38200000	38300000	0.43299
17	38300000	38400000	0.47138
17	38400000	38500000	0.54965
17	38500000	38600000	0.54291
17	38600000	38700000	0.50283
17	38700000	38800000	0.53234
17	38800000	38900000	0.49988
17	38900000	39000000	0.44414
17	39000000	39100000	0.47653
17	39100000	39200000	0.51854
17	39200000	39300000	0.48253
17	39300000	39400000	0.43321
17	39400000	39500000	0.45445
17	39500000	39600000	0.46644
17	39600000	39700000	0.55097
17	39700000	39800000	0.49367
17	39800000	39900000	0.39604
17	39900000	40000000	0.50417
17	40000000	40100000	0.52685
17	40100000	40200000	0.48936
17	40200000	40300000	0.45931
17	40300000	40400000	0.51931
17	40400000	40500000	0.498
17	40500000	40600000	0.47527
17	40600000	40700000	0.40754
17	40700000	40800000	0.4012
17	40800000	40900000	0.39417
17	40900000	41000000	0.40769
17	41000000	41100000	0.39928
17	41100000	41200000	0.39597
17	41200000	41300000	0.40314
17	41300000	41400000	0.45157
17	41400000	41500000	0.47828
17	41500000	41600000	0.51558
17	41600000	41700000	0.52637
17	41700000	41800000	0.52923
17	41800000	41900000	0.50019
17	41900000	42000000	0.49966
17	42000000	42100000	0.51605
17	42100000	42200000	0.53315
17	42200000	42300000	0.45912
17	42300000	42400000	0.46737
17	42400000	42500000	0.46257
17	42500000	42600000	0.51011
17	42600000	42700000	0.50945
17	42700000	42800000	0.48387
17	42800000	42900000	0.47952
17	42900000	43000000	0.46605
17	43000000	43100000	0.46563
17	43100000	43200000	0.44838
17	43200000	43300000	0.53671
17	43300000	43400000	0.47695
17	43400000	43500000	0.4593
17	43500000	43600000	0.48397
17	43600000	43700000	0.50152
17	43700000	43800000	0.4788
17	43800000	43900000	0.49296
17	43900000	44000000	0.50385
17	44000000	44100000	0.50972
17	44100000	44200000	0.53111
17	44200000	44300000	0.52866
17	44300000	44400000	0.53818
17	44400000	44500000	0.40508
17	44500000	44600000	0.48824
17	44600000	44700000	0.44431
17	44700000	44800000	0.509
17	44800000	44900000	0.46431
17	44900000	45000000	0.52651
17	45000000	45100000	0.50062
17	45100000	45200000	0.52842
17	45200000	45300000	0.53
17	45300000	45400000	0.48616
17	45400000	45500000	0.51656
17	45500000	45600000	0.43701
17	45600000	45700000	0.47167
17	45700000	45800000	0.49739
17	45800000	45900000	0.51856
17	45900000	46000000	0.48869
17	46000000	46100000	0.43498
17	46100000	46200000	0.40672
17	46200000	46300000	0.45349
17	46300000	46400000	0.42431
17	46400000	46500000	0.38251
17	46500000	46600000	0.43534
17	46600000	46700000	0.38074
17	46700000	46800000	0.44992
17	46800000	46900000	0.51816
17	46900000	47000000	0.47842
17	47000000	47100000	0.42883
17	47100000	47200000	0.40529
17	47200000	47300000	0.46426
17	47300000	47400000	0.39209
17	47400000	47500000	0.40661
17	47500000	47600000	0.42421
17	47600000	47700000	0.44613
17	47700000	47800000	0.48745
17	47800000	47900000	0.53253
17	47900000	48000000	0.49935
17	48000000	48100000	0.48557
17	48100000	48200000	0.44235
17	48200000	48300000	0.38453
17	48300000	48400000	0.37446
17	48400000	48500000	0.43418
17	48500000	48600000	0.50098
17	48600000	48700000	0.48017
17	48700000	48800000	0.47679
17	48800000	48900000	0.46141
17	48900000	49000000	0.47641
17	49000000	49100000	0.465
17	49100000	49200000	0.45032
17	49200000	49300000	0.49262
17	49300000	49400000	0.43998
17	49400000	49500000	0.50764
17	49500000	49600000	0.51454
17	49600000	49700000	0.41965
17	49700000	49800000	0.46362
17	49800000	49900000	0.49189
17	49900000	50000000	0.54562
17	50000000	50100000	0.49847
17	50100000	50200000	0.55937
17	50200000	50300000	0.48947
17	50300000	50400000	0.49007
17	50400000	50500000	0.4816
17	50500000	50600000	0.54964
17	50600000	50700000	0.53011
17	50700000	50800000	0.44813
17	50800000	50900000	0.47671
17	50900000	51000000	0.47086
17	51000000	51100000	0.39057
17	51100000	51200000	0.45317
17	51200000	51300000	0.39772
17	51300000	51400000	0.44379
17	51400000	51500000	0.42323
17	51500000	51600000	0.41293
17	51600000	51700000	0.42555
17	51700000	51800000	0.41816
17	51800000	51900000	0.4024
17	51900000	52000000	0.37591
17	52000000	52100000	0.37543
17	52100000	52200000	0.38645
17	52200000	52300000	0.37757
17	52300000	52400000	0.37266
17	52400000	52500000	0.37689
17	52500000	52600000	0.37387
17	52600000	52700000	0.36667
17	52700000	52800000	0.35958
17	52800000	52900000	0.36327
17	52900000	53000000	0.36673
17	53000000	53100000	0.35008
17	53100000	53200000	0.35065
17	53200000	53300000	0.34649
17	53300000	53400000	0.35367
17	53400000	53500000	0.36569
17	53500000	53600000	0.34295
17	53600000	53700000	0.35869
17	53700000	53800000	0.37599
17	53800000	53900000	0.36118
17	53900000	54000000	0.36156
17	54000000	54100000	0.36607
17	54100000	54200000	0.36339
17	54200000	54300000	0.37544
17	54300000	54400000	0.3678
17	54400000	54500000	0.37682
17	54500000	54600000	0.37216
17	54600000	54700000	0.37539
17	54700000	54800000	0.37038
17	54800000	54900000	0.39083
17	54900000	55000000	0.39543
17	55000000	55100000	0.35246
17	55100000	55200000	0.38029
17	55200000	55300000	0.42513
17	55300000	55400000	0.4257
17	55400000	55500000	0.42675
17	55500000	55600000	0.39415
17	55600000	55700000	0.39938
17	55700000	55800000	0.39821
17	55800000	55900000	0.3907
17	55900000	56000000	0.4024
17	56000000	56100000	0.40629
17	56100000	56200000	0.40936
17	56200000	56300000	0.3905
17	56300000	56400000	0.38576
17	56400000	56500000	0.38996
17	56500000	56600000	0.43482
17	56600000	56700000	0.44626
17	56700000	56800000	0.46245
17	56800000	56900000	0.42801
17	56900000	57000000	0.43559
17	57000000	57100000	0.45373
17	57100000	57200000	0.46393
17	57200000	57300000	0.43386
17	57300000	57400000	0.45878
17	57400000	57500000	0.47597
17	57500000	57600000	0.47977
17	57600000	57700000	0.48069
17	57700000	57800000	0.45884
17	57800000	57900000	0.48906
17	57900000	58000000	0.47231
17	58000000	58100000	0.44748
17	58100000	58200000	0.43449
17	58200000	58300000	0.45938
17	58300000	58400000	0.50343
17	58400000	58500000	0.40049
17	58500000	58600000	0.46688
17	58600000	58700000	0.46191
17	58700000	58800000	0.40858
17	58800000	58900000	0.39244
17	58900000	59000000	0.40057
17	59000000	59100000	0.39326
17	59100000	59200000	0.42933
17	59200000	59300000	0.42064
17	59300000	59400000	0.46209
17	59400000	59500000	0.44456
17	59500000	59600000	0.41428
17	59600000	59700000	0.38733
17	59700000	59800000	0.39771
17	59800000	59900000	0.43068
17	59900000	60000000	0.40826
17	60000000	60100000	0.45933
17	60100000	60200000	0.48764
17	60200000	60300000	0.38155
17	60300000	60400000	0.40764
17	60400000	60500000	0.41903
17	60500000	60600000	0.43594
17	60600000	60700000	0.4218
17	60700000	60800000	0.39868
17	60800000	60900000	0.37355
17	60900000	61000000	0.36647
17	61000000	61100000	0.36409
17	61100000	61200000	0.38516
17	61200000	61300000	0.41567
17	61300000	61400000	0.49457
17	61400000	61500000	0.50815
17	61500000	61600000	0.38815
17	61600000	61700000	0.36786
17	61700000	61800000	0.35832
17	61800000	61900000	0.36945
17	61900000	62000000	0.39976
17	62000000	62100000	0.40981
17	62100000	62200000	0.44456
17	62200000	62300000	0.43171
17	62300000	62400000	0.39456
17	62400000	62500000	0.45366
17	62500000	62600000	0.40035
17	62600000	62700000	0.507
17	62700000	62800000	0.46163
17	62800000	62900000	0.43063
17	62900000	63000000	0.40897
17	63000000	63100000	0.35819
17	63100000	63200000	0.36566
17	63200000	63300000	0.37087
17	63300000	63400000	0.39157
17	63400000	63500000	0.51852
17	63500000	63600000	0.48911
17	63600000	63700000	0.46323
17	63700000	63800000	0.4414
17	63800000	63900000	0.48277
17	63900000	64000000	0.5357
17	64000000	64100000	0.46323
17	64100000	64200000	0.44118
17	64200000	64300000	0.44859
17	64300000	64400000	0.47029
17	64400000	64500000	0.44324
17	64500000	64600000	0.39719
17	64600000	64700000	0.4179
17	64700000	64800000	0.48416
17	64800000	64900000	0.45811
17	64900000	65000000	0.43594
17	65000000	65100000	0.42997
17	65100000	65200000	0.46687
17	65200000	65300000	0.45266
17	65300000	65400000	0.43329
17	65400000	65500000	0.45449
17	65500000	65600000	0.49065
17	65600000	65700000	0.42481
17	65700000	65800000	0.38611
17	65800000	65900000	0.37349
17	65900000	66000000	0.37677
17	66000000	66100000	0.36876
17	66100000	66200000	0.37651
17	66200000	66300000	0.43874
17	66300000	66400000	0.42242
17	66400000	66500000	0.43365
17	66500000	66600000	0.43619
17	66600000	66700000	0.43587
17	66700000	66800000	0.46258
17	66800000	66900000	0.47651
17	66900000	67000000	0.50033
17	67000000	67100000	0.46775
17	67100000	67200000	0.37105
17	67200000	67300000	0.44307
17	67300000	67400000	0.44638
17	67400000	67500000	0.44509
17	67500000	67600000	0.43777
17	67600000	67700000	0.45073
17	67700000	67800000	0.44531
17	67800000	67900000	0.41807
17	67900000	68000000	0.42636
17	68000000	68100000	0.45624
17	68100000	68200000	0.44893
17	68200000	68300000	0.45038
17	68300000	68400000	0.47444
17	68400000	68500000	0.43919
17	68500000	68600000	0.4284
17	68600000	68700000	0.41153
17	68700000	68800000	0.41075
17	68800000	68900000	0.38843
17	68900000	69000000	0.37524
17	69000000	69100000	0.37153
17	69100000	69200000	0.35736
17	69200000	69300000	0.35119
17	69300000	69400000	0.3895
17	69400000	69500000	0.41383
17	69500000	69600000	0.39885
17	69600000	69700000	0.38652
17	69700000	69800000	0.38204
17	69800000	69900000	0.38542
17	69900000	70000000	0.37854
17	70000000	70100000	0.37551
17	70100000	70200000	0.38856
17	70200000	70300000	0.37054
17	70300000	70400000	0.37548
17	70400000	70500000	0.36709
17	70500000	70600000	0.36642
17	70600000	70700000	0.37068
17	70700000	70800000	0.36495
17	70800000	70900000	0.36721
17	70900000	71000000	0.37612
17	71000000	71100000	0.37302
17	71100000	71200000	0.37473
17	71200000	71300000	0.36837
17	71300000	71400000	0.38995
17	71400000	71500000	0.37364
17	71500000	71600000	0.3785
17	71600000	71700000	0.36359
17	71700000	71800000	0.38197
17	71800000	71900000	0.39514
17	71900000	72000000	0.41058
17	72000000	72100000	0.41412
17	72100000	72200000	0.45773
17	72200000	72300000	0.43773
17	72300000	72400000	0.47272
17	72400000	72500000	0.46632
17	72500000	72600000	0.48031
17	72600000	72700000	0.4759
17	72700000	72800000	0.4701
17	72800000	72900000	0.44189
17	72900000	73000000	0.45712
17	73000000	73100000	0.45938
17	73100000	73200000	0.47177
17	73200000	73300000	0.48042
17	73300000	73400000	0.53162
17	73400000	73500000	0.50594
17	73500000	73600000	0.52877
17	73600000	73700000	0.48025
17	73700000	73800000	0.50182
17	73800000	73900000	0.48786
17	73900000	74000000	0.46878
17	74000000	74100000	0.4937
17	74100000	74200000	0.49256
17	74200000	74300000	0.52333
17	74300000	74400000	0.54211
17	74400000	74500000	0.51568
17	74500000	74600000	0.47832
17	74600000	74700000	0.4748
17	74700000	74800000	0.52248
17	74800000	74900000	0.56054
17	74900000	75000000	0.54093
17	75000000	75100000	0.50905
17	75100000	75200000	0.49212
17	75200000	75300000	0.5013
17	75300000	75400000	0.45169
17	75400000	75500000	0.49961
17	75500000	75600000	0.56523
17	75600000	75700000	0.52665
17	75700000	75800000	0.52795
17	75800000	75900000	0.55661
17	75900000	76000000	0.4915
17	76000000	76100000	0.53431
17	76100000	76200000	0.49305
17	76200000	76300000	0.48763
17	76300000	76400000	0.5011
17	76400000	76500000	0.52118
17	76500000	76600000	0.52421
17	76600000	76700000	0.48333
17	76700000	76800000	0.46433
17	76800000	76900000	0.5149
17	76900000	77000000	0.52526
17	77000000	77100000	0.48635
17	77100000	77200000	0.46043
17	77200000	77300000	0.51454
17	77300000	77400000	0.53386
17	77400000	77500000	0.56337
17	77500000	77600000	0.49204
17	77600000	77700000	0.48555
17	77700000	77800000	0.49894
17	77800000	77900000	0.51154
17	77900000	78000000	0.45594
17	78000000	78100000	0.42263
17	78100000	78200000	0.55565
17	78200000	78300000	0.53886
17	78300000	78400000	0.53127
17	78400000	78500000	0.5398
17	78500000	78600000	0.50093
17	78600000	78700000	0.4878
17	78700000	78800000	0.45903
17	78800000	78900000	0.50514
17	78900000	79000000	0.5378
17	79000000	79100000	0.52473
17	79100000	79200000	0.586
17	79200000	79300000	0.54248
17	79300000	79400000	0.52859
17	79400000	79500000	0.54636
17	79500000	79600000	0.53096
17	79600000	79700000	0.51598
17	79700000	79800000	0.5475
17	79800000	79900000	0.54457
17	79900000	80000000	0.53316
17	80000000	80100000	0.51688
17	80100000	80200000	0.512
17	80200000	80300000	0.54095
17	80300000	80400000	0.48519
17	80400000	80500000	0.56055
17	80500000	80600000	0.48128
17	80600000	80700000	0.47088
17	80700000	80800000	0.46571
17	80800000	80900000	0.52077
17	80900000	81000000	0.55438
17	81000000	81100000	0.57998
17	81100000	81200000	0.61106
17	81200000	81300000	0.56754
17	81300000	81400000	0.58592
17	81400000	81500000	0.61566
17	81500000	81600000	0.55096
17	81600000	81700000	0.53611
17	81700000	81800000	0.5751173708920188
17	81800000	81900000	0.57099
17	81900000	82000000	0.59075
17	82000000	82100000	0.6219
17	82100000	82200000	0.51958
17	82200000	82300000	0.56419
17	82300000	82400000	0.57529
17	82400000	82500000	0.53622
17	82500000	82600000	0.49734
17	82600000	82700000	0.5176
17	82700000	82800000	0.52743
17	82800000	82900000	0.52821
17	82900000	83000000	0.51853
17	83000000	83100000	0.56145
17	83100000	83200000	0.53506
17	83200000	83257441	0.4734512341645412
18	0	100000	0.4535222222222222
18	100000	200000	0.40636
18	200000	300000	0.38566
18	300000	400000	0.4401
18	400000	500000	0.42318
18	500000	600000	0.4356
18	600000	700000	0.43566
18	700000	800000	0.40749
18	800000	900000	0.42331
18	900000	1000000	0.42197
18	1000000	1100000	0.38282
18	1100000	1200000	0.3707
18	1200000	1300000	0.35837
18	1300000	1400000	0.37554
18	1400000	1500000	0.35898
18	1500000	1600000	0.37155
18	1600000	1700000	0.34927
18	1700000	1800000	0.35351
18	1800000	1900000	0.36191
18	1900000	2000000	0.37519
18	2000000	2100000	0.36659
18	2100000	2200000	0.38383
18	2200000	2300000	0.3839
18	2300000	2400000	0.37157
18	2400000	2500000	0.39075
18	2500000	2600000	0.3794
18	2600000	2700000	0.39666
18	2700000	2800000	0.36274
18	2800000	2900000	0.44109
18	2900000	3000000	0.42905
18	3000000	3100000	0.43599
18	3100000	3200000	0.40276
18	3200000	3300000	0.4086
18	3300000	3400000	0.41291
18	3400000	3500000	0.43237
18	3500000	3600000	0.42785
18	3600000	3700000	0.43297
18	3700000	3800000	0.41512
18	3800000	3900000	0.39865
18	3900000	4000000	0.39644
18	4000000	4100000	0.39191
18	4100000	4200000	0.37577
18	4200000	4300000	0.37188
18	4300000	4400000	0.36732
18	4400000	4500000	0.37516
18	4500000	4600000	0.36201
18	4600000	4700000	0.37455
18	4700000	4800000	0.38244
18	4800000	4900000	0.38338
18	4900000	5000000	0.37884
18	5000000	5100000	0.40184
18	5100000	5200000	0.386
18	5200000	5300000	0.39111
18	5300000	5400000	0.38581
18	5400000	5500000	0.38712
18	5500000	5600000	0.40348
18	5600000	5700000	0.40485
18	5700000	5800000	0.40743
18	5800000	5900000	0.39697
18	5900000	6000000	0.42409
18	6000000	6100000	0.39139
18	6100000	6200000	0.39956
18	6200000	6300000	0.39058
18	6300000	6400000	0.38903
18	6400000	6500000	0.40039
18	6500000	6600000	0.40411
18	6600000	6700000	0.40193
18	6700000	6800000	0.39429
18	6800000	6900000	0.39394
18	6900000	7000000	0.42274
18	7000000	7100000	0.42565
18	7100000	7200000	0.44813
18	7200000	7300000	0.43145
18	7300000	7400000	0.4453
18	7400000	7500000	0.42521
18	7500000	7600000	0.41627
18	7600000	7700000	0.40555
18	7700000	7800000	0.39296
18	7800000	7900000	0.40036
18	7900000	8000000	0.3872
18	8000000	8100000	0.38205
18	8100000	8200000	0.39618
18	8200000	8300000	0.40115
18	8300000	8400000	0.43232
18	8400000	8500000	0.45573
18	8500000	8600000	0.43837
18	8600000	8700000	0.42898
18	8700000	8800000	0.45849
18	8800000	8900000	0.43724
18	8900000	9000000	0.43341
18	9000000	9100000	0.42899
18	9100000	9200000	0.3834
18	9200000	9300000	0.37546
18	9300000	9400000	0.39353
18	9400000	9500000	0.41848
18	9500000	9600000	0.40304
18	9600000	9700000	0.4251
18	9700000	9800000	0.44057
18	9800000	9900000	0.43332
18	9900000	10000000	0.40568
18	10000000	10100000	0.45807
18	10100000	10200000	0.43664
18	10200000	10300000	0.44198
18	10300000	10400000	0.42442
18	10400000	10500000	0.44565
18	10500000	10600000	0.42511
18	10600000	10700000	0.42846
18	10700000	10800000	0.41771
18	10800000	10900000	0.40072
18	10900000	11000000	0.38528
18	11000000	11100000	0.41952
18	11100000	11200000	0.42104
18	11200000	11300000	0.39748
18	11300000	11400000	0.3842
18	11400000	11500000	0.38622
18	11500000	11600000	0.42287
18	11600000	11700000	0.45134
18	11700000	11800000	0.43491
18	11800000	11900000	0.44479
18	11900000	12000000	0.47769
18	12000000	12100000	0.47456
18	12100000	12200000	0.4012
18	12200000	12300000	0.46729
18	12300000	12400000	0.45911
18	12400000	12500000	0.44805
18	12500000	12600000	0.40025
18	12600000	12700000	0.41567
18	12700000	12800000	0.44385
18	12800000	12900000	0.41812
18	12900000	13000000	0.44247
18	13000000	13100000	0.39984
18	13100000	13200000	0.43389
18	13200000	13300000	0.47949
18	13300000	13400000	0.44447
18	13400000	13500000	0.47459
18	13500000	13600000	0.44951
18	13600000	13700000	0.44794
18	13700000	13800000	0.39981
18	13800000	13900000	0.44555
18	13900000	14000000	0.41178
18	14000000	14100000	0.39874
18	14100000	14200000	0.42348
18	14200000	14300000	0.42336
18	14300000	14400000	0.44123
18	14400000	14500000	0.42523
18	14500000	14600000	0.37609
18	14600000	14700000	0.37649
18	14700000	14800000	0.36987
18	14800000	14900000	0.38738
18	14900000	15000000	0.46018
18	15000000	15100000	0.38414
18	15100000	15200000	0.35547
18	15200000	15300000	0.37263
18	15300000	15400000	0.37764
18	15400000	15500000	0.39132
18	15500000	15600000	0.39774774774774774
18	15600000	15700000	0.39749
18	15700000	15800000	0.39608577929231054
18	15800000	15900000	0.39632
18	15900000	16000000	0.39673673673673676
18	16000000	16100000	0.39663
18	16100000	16200000	0.39661
18	16200000	16300000	0.39686686686686684
18	16300000	16400000	0.39679
18	16400000	16500000	0.3962324649298597
18	16500000	16600000	0.39691
18	16600000	16700000	0.3966
18	16700000	16800000	0.3963594128602039
18	16800000	16900000	0.3967967967967968
18	16900000	17000000	0.3964
18	17000000	17100000	0.39685
18	17100000	17200000	0.39667
18	17200000	17300000	0.39708
18	17300000	17400000	0.39724
18	17400000	17500000	0.39687
18	17500000	17600000	0.39653
18	17600000	17700000	0.39678
18	17700000	17800000	0.39661
18	17800000	17900000	0.39687
18	17900000	18000000	0.39698
18	18000000	18100000	0.39709
18	18100000	18200000	0.39669
18	18200000	18300000	0.39663
18	18300000	18400000	0.39653
18	18400000	18500000	0.3967
18	18500000	18600000	0.39708708708708707
18	18600000	18700000	0.3965
18	18700000	18800000	0.39657
18	18800000	18900000	0.39666
18	18900000	19000000	0.39654
18	19000000	19100000	0.39639
18	19100000	19200000	0.39612612612612613
18	19200000	19300000	0.39604
18	19300000	19400000	0.3960660660660661
18	19400000	19500000	0.39572
18	19500000	19600000	0.39663
18	19600000	19700000	0.39652
18	19700000	19800000	0.39668
18	19800000	19900000	0.39615
18	19900000	20000000	0.39579
18	20000000	20100000	0.39614
18	20100000	20200000	0.39627
18	20200000	20300000	0.39647
18	20300000	20400000	0.39639
18	20400000	20500000	0.39595
18	20500000	20600000	0.39366778436935773
18	20600000	20700000	0.38580482897384305
18	20700000	20800000	0.3912938816449348
18	20800000	20900000	0.38788925038178074
18	20900000	21000000	0.3750591256165957
18	21000000	21100000	0.36936
18	21100000	21200000	0.40351
18	21200000	21300000	0.40535
18	21300000	21400000	0.40058
18	21400000	21500000	0.41181
18	21500000	21600000	0.41369
18	21600000	21700000	0.43016
18	21700000	21800000	0.40935
18	21800000	21900000	0.37326
18	21900000	22000000	0.42976
18	22000000	22100000	0.45338
18	22100000	22200000	0.44247
18	22200000	22300000	0.43104
18	22300000	22400000	0.4164
18	22400000	22500000	0.40584
18	22500000	22600000	0.39415
18	22600000	22700000	0.39361
18	22700000	22800000	0.38993
18	22800000	22900000	0.37728
18	22900000	23000000	0.37388
18	23000000	23100000	0.43532
18	23100000	23200000	0.47225
18	23200000	23300000	0.48644
18	23300000	23400000	0.43476
18	23400000	23500000	0.4259
18	23500000	23600000	0.44987
18	23600000	23700000	0.44229
18	23700000	23800000	0.42134
18	23800000	23900000	0.42506
18	23900000	24000000	0.42266
18	24000000	24100000	0.41304
18	24100000	24200000	0.42278
18	24200000	24300000	0.39991
18	24300000	24400000	0.41483
18	24400000	24500000	0.41229
18	24500000	24600000	0.41715
18	24600000	24700000	0.41131
18	24700000	24800000	0.40595
18	24800000	24900000	0.41922
18	24900000	25000000	0.41342
18	25000000	25100000	0.40775
18	25100000	25200000	0.3709
18	25200000	25300000	0.38107
18	25300000	25400000	0.39188
18	25400000	25500000	0.39532
18	25500000	25600000	0.38241
18	25600000	25700000	0.38918
18	25700000	25800000	0.393
18	25800000	25900000	0.40542
18	25900000	26000000	0.40061
18	26000000	26100000	0.35545
18	26100000	26200000	0.38801
18	26200000	26300000	0.40995
18	26300000	26400000	0.37238
18	26400000	26500000	0.43241
18	26500000	26600000	0.42236
18	26600000	26700000	0.41708
18	26700000	26800000	0.40549
18	26800000	26900000	0.39756
18	26900000	27000000	0.39904
18	27000000	27100000	0.37878
18	27100000	27200000	0.37355
18	27200000	27300000	0.38473
18	27300000	27400000	0.37044
18	27400000	27500000	0.3702
18	27500000	27600000	0.37369
18	27600000	27700000	0.3725
18	27700000	27800000	0.38075
18	27800000	27900000	0.37305
18	27900000	28000000	0.37179
18	28000000	28100000	0.36061
18	28100000	28200000	0.38176
18	28200000	28300000	0.37666
18	28300000	28400000	0.36401
18	28400000	28500000	0.37475
18	28500000	28600000	0.35021
18	28600000	28700000	0.36276
18	28700000	28800000	0.35463
18	28800000	28900000	0.35092
18	28900000	29000000	0.34955
18	29000000	29100000	0.34367
18	29100000	29200000	0.34319
18	29200000	29300000	0.35537
18	29300000	29400000	0.34602
18	29400000	29500000	0.33582
18	29500000	29600000	0.34333
18	29600000	29700000	0.34711
18	29700000	29800000	0.35015
18	29800000	29900000	0.34952
18	29900000	30000000	0.34412
18	30000000	30100000	0.35129
18	30100000	30200000	0.34822
18	30200000	30300000	0.34226
18	30300000	30400000	0.34937
18	30400000	30500000	0.34118
18	30500000	30600000	0.34973
18	30600000	30700000	0.36682
18	30700000	30800000	0.36014
18	30800000	30900000	0.35988
18	30900000	31000000	0.36179
18	31000000	31100000	0.36419
18	31100000	31200000	0.37014
18	31200000	31300000	0.37733
18	31300000	31400000	0.36185
18	31400000	31500000	0.37858
18	31500000	31600000	0.40716
18	31600000	31700000	0.39343
18	31700000	31800000	0.4101
18	31800000	31900000	0.38156
18	31900000	32000000	0.43262
18	32000000	32100000	0.43114
18	32100000	32200000	0.39877
18	32200000	32300000	0.40349
18	32300000	32400000	0.39284
18	32400000	32500000	0.37868
18	32500000	32600000	0.39882
18	32600000	32700000	0.37937
18	32700000	32800000	0.39046
18	32800000	32900000	0.3853
18	32900000	33000000	0.35595
18	33000000	33100000	0.34252
18	33100000	33200000	0.35385
18	33200000	33300000	0.34384
18	33300000	33400000	0.35908
18	33400000	33500000	0.35491
18	33500000	33600000	0.35827
18	33600000	33700000	0.35618
18	33700000	33800000	0.36974
18	33800000	33900000	0.36625
18	33900000	34000000	0.34859
18	34000000	34100000	0.34654
18	34100000	34200000	0.34163
18	34200000	34300000	0.36714
18	34300000	34400000	0.37555
18	34400000	34500000	0.35931
18	34500000	34600000	0.3718
18	34600000	34700000	0.37822
18	34700000	34800000	0.38173
18	34800000	34900000	0.38824
18	34900000	35000000	0.37529
18	35000000	35100000	0.38521
18	35100000	35200000	0.40889
18	35200000	35300000	0.40865
18	35300000	35400000	0.40185
18	35400000	35500000	0.41759
18	35500000	35600000	0.41082
18	35600000	35700000	0.37767
18	35700000	35800000	0.41056
18	35800000	35900000	0.42221
18	35900000	36000000	0.41485
18	36000000	36100000	0.39905
18	36100000	36200000	0.41939
18	36200000	36300000	0.42531
18	36300000	36400000	0.44179
18	36400000	36500000	0.42878
18	36500000	36600000	0.42385
18	36600000	36700000	0.41452
18	36700000	36800000	0.43997
18	36800000	36900000	0.37649
18	36900000	37000000	0.36845
18	37000000	37100000	0.37098
18	37100000	37200000	0.37414
18	37200000	37300000	0.48457
18	37300000	37400000	0.53758
18	37400000	37500000	0.51881
18	37500000	37600000	0.49002
18	37600000	37700000	0.43172
18	37700000	37800000	0.42456
18	37800000	37900000	0.41141
18	37900000	38000000	0.39234
18	38000000	38100000	0.39336
18	38100000	38200000	0.35564
18	38200000	38300000	0.36099
18	38300000	38400000	0.3717
18	38400000	38500000	0.38303
18	38500000	38600000	0.37307
18	38600000	38700000	0.36788
18	38700000	38800000	0.37403
18	38800000	38900000	0.36438
18	38900000	39000000	0.37459
18	39000000	39100000	0.35026
18	39100000	39200000	0.3552
18	39200000	39300000	0.36827
18	39300000	39400000	0.3728
18	39400000	39500000	0.36628
18	39500000	39600000	0.37284
18	39600000	39700000	0.37179
18	39700000	39800000	0.37493
18	39800000	39900000	0.37783
18	39900000	40000000	0.35778
18	40000000	40100000	0.37151
18	40100000	40200000	0.36599
18	40200000	40300000	0.34923
18	40300000	40400000	0.3594
18	40400000	40500000	0.35304
18	40500000	40600000	0.3576
18	40600000	40700000	0.35519
18	40700000	40800000	0.35195
18	40800000	40900000	0.36157
18	40900000	41000000	0.36009
18	41000000	41100000	0.34689
18	41100000	41200000	0.34668
18	41200000	41300000	0.36047
18	41300000	41400000	0.36896
18	41400000	41500000	0.36962
18	41500000	41600000	0.36874
18	41600000	41700000	0.38107
18	41700000	41800000	0.38557
18	41800000	41900000	0.39303
18	41900000	42000000	0.36559
18	42000000	42100000	0.359
18	42100000	42200000	0.38791
18	42200000	42300000	0.38347
18	42300000	42400000	0.38143
18	42400000	42500000	0.38716
18	42500000	42600000	0.36953
18	42600000	42700000	0.36395
18	42700000	42800000	0.36682
18	42800000	42900000	0.35511
18	42900000	43000000	0.35607
18	43000000	43100000	0.35486
18	43100000	43200000	0.36335
18	43200000	43300000	0.35494
18	43300000	43400000	0.36615
18	43400000	43500000	0.37399
18	43500000	43600000	0.37282
18	43600000	43700000	0.34981
18	43700000	43800000	0.34858
18	43800000	43900000	0.36491
18	43900000	44000000	0.35579
18	44000000	44100000	0.35635
18	44100000	44200000	0.36019
18	44200000	44300000	0.36426
18	44300000	44400000	0.36862
18	44400000	44500000	0.37381
18	44500000	44600000	0.38125
18	44600000	44700000	0.39785
18	44700000	44800000	0.43018
18	44800000	44900000	0.42665
18	44900000	45000000	0.41175
18	45000000	45100000	0.40825
18	45100000	45200000	0.38406
18	45200000	45300000	0.40547
18	45300000	45400000	0.42353
18	45400000	45500000	0.41738
18	45500000	45600000	0.44209
18	45600000	45700000	0.45245
18	45700000	45800000	0.43446
18	45800000	45900000	0.433
18	45900000	46000000	0.4183
18	46000000	46100000	0.43064
18	46100000	46200000	0.44849
18	46200000	46300000	0.41239
18	46300000	46400000	0.49512
18	46400000	46500000	0.47298
18	46500000	46600000	0.45785
18	46600000	46700000	0.46356
18	46700000	46800000	0.45203
18	46800000	46900000	0.38085
18	46900000	47000000	0.43255807300606475
18	47000000	47100000	0.437468784337229
18	47100000	47200000	0.39793
18	47200000	47300000	0.42099
18	47300000	47400000	0.43401
18	47400000	47500000	0.45726
18	47500000	47600000	0.44318
18	47600000	47700000	0.4303
18	47700000	47800000	0.4552
18	47800000	47900000	0.37704
18	47900000	48000000	0.41869
18	48000000	48100000	0.4907
18	48100000	48200000	0.47935
18	48200000	48300000	0.43602
18	48300000	48400000	0.46907
18	48400000	48500000	0.44727
18	48500000	48600000	0.46295
18	48600000	48700000	0.4951
18	48700000	48800000	0.51633
18	48800000	48900000	0.50752
18	48900000	49000000	0.50742
18	49000000	49100000	0.4561
18	49100000	49200000	0.36869
18	49200000	49300000	0.37925
18	49300000	49400000	0.37871
18	49400000	49500000	0.41222
18	49500000	49600000	0.451
18	49600000	49700000	0.45388
18	49700000	49800000	0.43762
18	49800000	49900000	0.44956
18	49900000	50000000	0.45697
18	50000000	50100000	0.43135
18	50100000	50200000	0.4404
18	50200000	50300000	0.44765
18	50300000	50400000	0.40366
18	50400000	50500000	0.42255
18	50500000	50600000	0.42145
18	50600000	50700000	0.45796
18	50700000	50800000	0.4556
18	50800000	50900000	0.4277
18	50900000	51000000	0.39571
18	51000000	51100000	0.39685
18	51100000	51200000	0.4453
18	51200000	51300000	0.42271
18	51300000	51400000	0.40751
18	51400000	51500000	0.40395
18	51500000	51600000	0.39866
18	51600000	51700000	0.40266
18	51700000	51800000	0.39257
18	51800000	51900000	0.39334
18	51900000	52000000	0.38703
18	52000000	52100000	0.36899
18	52100000	52200000	0.38383
18	52200000	52300000	0.37233
18	52300000	52400000	0.38409
18	52400000	52500000	0.37992
18	52500000	52600000	0.37028
18	52600000	52700000	0.37964
18	52700000	52800000	0.38371
18	52800000	52900000	0.37828
18	52900000	53000000	0.35605
18	53000000	53100000	0.35614
18	53100000	53200000	0.36758
18	53200000	53300000	0.36387
18	53300000	53400000	0.35793
18	53400000	53500000	0.3626
18	53500000	53600000	0.37019
18	53600000	53700000	0.3665
18	53700000	53800000	0.36451
18	53800000	53900000	0.38235
18	53900000	54000000	0.38527
18	54000000	54100000	0.39168
18	54100000	54200000	0.38893
18	54200000	54300000	0.3954
18	54300000	54400000	0.37209
18	54400000	54500000	0.37773
18	54500000	54600000	0.379581204692769
18	54600000	54700000	0.37315
18	54700000	54800000	0.38446
18	54800000	54900000	0.37158
18	54900000	55000000	0.39267
18	55000000	55100000	0.3917
18	55100000	55200000	0.40161
18	55200000	55300000	0.3831
18	55300000	55400000	0.37425
18	55400000	55500000	0.38424
18	55500000	55600000	0.37229
18	55600000	55700000	0.38889
18	55700000	55800000	0.38479
18	55800000	55900000	0.37649
18	55900000	56000000	0.37884
18	56000000	56100000	0.38597
18	56100000	56200000	0.38914
18	56200000	56300000	0.40122
18	56300000	56400000	0.39794
18	56400000	56500000	0.39989
18	56500000	56600000	0.4034
18	56600000	56700000	0.37999
18	56700000	56800000	0.35206
18	56800000	56900000	0.35474
18	56900000	57000000	0.37008
18	57000000	57100000	0.43913
18	57100000	57200000	0.43505
18	57200000	57300000	0.43052
18	57300000	57400000	0.41522
18	57400000	57500000	0.42609
18	57500000	57600000	0.43477
18	57600000	57700000	0.44046
18	57700000	57800000	0.42978
18	57800000	57900000	0.43189
18	57900000	58000000	0.42326
18	58000000	58100000	0.43032
18	58100000	58200000	0.44933
18	58200000	58300000	0.41431
18	58300000	58400000	0.43529
18	58400000	58500000	0.45953
18	58500000	58600000	0.43944
18	58600000	58700000	0.42718
18	58700000	58800000	0.42439
18	58800000	58900000	0.45188
18	58900000	59000000	0.42493
18	59000000	59100000	0.44585
18	59100000	59200000	0.4231
18	59200000	59300000	0.43483
18	59300000	59400000	0.40346
18	59400000	59500000	0.42873
18	59500000	59600000	0.42282
18	59600000	59700000	0.42981
18	59700000	59800000	0.42757
18	59800000	59900000	0.4328
18	59900000	60000000	0.41181
18	60000000	60100000	0.376
18	60100000	60200000	0.37282
18	60200000	60300000	0.3636
18	60300000	60400000	0.36222
18	60400000	60500000	0.35886
18	60500000	60600000	0.35554
18	60600000	60700000	0.35283
18	60700000	60800000	0.35229
18	60800000	60900000	0.35592
18	60900000	61000000	0.35911
18	61000000	61100000	0.36468
18	61100000	61200000	0.3719
18	61200000	61300000	0.37768
18	61300000	61400000	0.38807
18	61400000	61500000	0.38426
18	61500000	61600000	0.40929
18	61600000	61700000	0.4073
18	61700000	61800000	0.41294
18	61800000	61900000	0.42694
18	61900000	62000000	0.40038
18	62000000	62100000	0.38817
18	62100000	62200000	0.35676
18	62200000	62300000	0.33982
18	62300000	62400000	0.43022
18	62400000	62500000	0.4295
18	62500000	62600000	0.42594
18	62600000	62700000	0.43875
18	62700000	62800000	0.40025
18	62800000	62900000	0.39539
18	62900000	63000000	0.41085
18	63000000	63100000	0.4253
18	63100000	63200000	0.44338
18	63200000	63300000	0.41949
18	63300000	63400000	0.41552
18	63400000	63500000	0.41494
18	63500000	63600000	0.3872
18	63600000	63700000	0.37854
18	63700000	63800000	0.38261
18	63800000	63900000	0.38583
18	63900000	64000000	0.39787
18	64000000	64100000	0.38059
18	64100000	64200000	0.38978
18	64200000	64300000	0.38379
18	64300000	64400000	0.37572
18	64400000	64500000	0.36287
18	64500000	64600000	0.35589
18	64600000	64700000	0.37746
18	64700000	64800000	0.35111
18	64800000	64900000	0.35366
18	64900000	65000000	0.34118
18	65000000	65100000	0.34675
18	65100000	65200000	0.34645
18	65200000	65300000	0.35549
18	65300000	65400000	0.34143
18	65400000	65500000	0.33841
18	65500000	65600000	0.33635
18	65600000	65700000	0.35278
18	65700000	65800000	0.35868
18	65800000	65900000	0.34496
18	65900000	66000000	0.348
18	66000000	66100000	0.35362
18	66100000	66200000	0.34544
18	66200000	66300000	0.35238
18	66300000	66400000	0.34738
18	66400000	66500000	0.34144
18	66500000	66600000	0.32539
18	66600000	66700000	0.34798
18	66700000	66800000	0.35053
18	66800000	66900000	0.33769
18	66900000	67000000	0.33621
18	67000000	67100000	0.33991
18	67100000	67200000	0.34633
18	67200000	67300000	0.35404
18	67300000	67400000	0.35366
18	67400000	67500000	0.35556
18	67500000	67600000	0.36516
18	67600000	67700000	0.35671
18	67700000	67800000	0.35289
18	67800000	67900000	0.34426
18	67900000	68000000	0.34518
18	68000000	68100000	0.33801
18	68100000	68200000	0.3431
18	68200000	68300000	0.34519
18	68300000	68400000	0.35774
18	68400000	68500000	0.365
18	68500000	68600000	0.3693
18	68600000	68700000	0.36901
18	68700000	68800000	0.36668
18	68800000	68900000	0.34351
18	68900000	69000000	0.35059
18	69000000	69100000	0.33452
18	69100000	69200000	0.34538
18	69200000	69300000	0.35253
18	69300000	69400000	0.35708
18	69400000	69500000	0.37127
18	69500000	69600000	0.34679
18	69600000	69700000	0.36385
18	69700000	69800000	0.36659
18	69800000	69900000	0.37566
18	69900000	70000000	0.40734
18	70000000	70100000	0.37325
18	70100000	70200000	0.36157
18	70200000	70300000	0.40741
18	70300000	70400000	0.40128
18	70400000	70500000	0.41766
18	70500000	70600000	0.38409
18	70600000	70700000	0.37834
18	70700000	70800000	0.38899
18	70800000	70900000	0.37809
18	70900000	71000000	0.37516
18	71000000	71100000	0.37157
18	71100000	71200000	0.35266
18	71200000	71300000	0.36503
18	71300000	71400000	0.34518
18	71400000	71500000	0.35453
18	71500000	71600000	0.34011
18	71600000	71700000	0.35937
18	71700000	71800000	0.34961
18	71800000	71900000	0.35599
18	71900000	72000000	0.34136
18	72000000	72100000	0.34816
18	72100000	72200000	0.34896
18	72200000	72300000	0.35478
18	72300000	72400000	0.36407
18	72400000	72500000	0.35984
18	72500000	72600000	0.38028
18	72600000	72700000	0.38927
18	72700000	72800000	0.36178
18	72800000	72900000	0.37881
18	72900000	73000000	0.37417
18	73000000	73100000	0.37177
18	73100000	73200000	0.34862
18	73200000	73300000	0.36169
18	73300000	73400000	0.36227
18	73400000	73500000	0.35532
18	73500000	73600000	0.36353
18	73600000	73700000	0.37663
18	73700000	73800000	0.39653
18	73800000	73900000	0.41684
18	73900000	74000000	0.41834
18	74000000	74100000	0.41798
18	74100000	74200000	0.41979
18	74200000	74300000	0.44895
18	74300000	74400000	0.39927
18	74400000	74500000	0.46569
18	74500000	74600000	0.46848
18	74600000	74700000	0.38317
18	74700000	74800000	0.35948
18	74800000	74900000	0.36769
18	74900000	75000000	0.38837
18	75000000	75100000	0.42814
18	75100000	75200000	0.47075
18	75200000	75300000	0.44874
18	75300000	75400000	0.44155
18	75400000	75500000	0.4103
18	75500000	75600000	0.41899
18	75600000	75700000	0.40576
18	75700000	75800000	0.39964
18	75800000	75900000	0.42036
18	75900000	76000000	0.39747
18	76000000	76100000	0.40044
18	76100000	76200000	0.41188
18	76200000	76300000	0.4154
18	76300000	76400000	0.45413
18	76400000	76500000	0.4673
18	76500000	76600000	0.44335
18	76600000	76700000	0.45178
18	76700000	76800000	0.45623
18	76800000	76900000	0.43918
18	76900000	77000000	0.44087
18	77000000	77100000	0.47924
18	77100000	77200000	0.45719
18	77200000	77300000	0.42502
18	77300000	77400000	0.42346
18	77400000	77500000	0.40062
18	77500000	77600000	0.40428
18	77600000	77700000	0.42546
18	77700000	77800000	0.39347
18	77800000	77900000	0.39785
18	77900000	78000000	0.41569
18	78000000	78100000	0.41679
18	78100000	78200000	0.42134
18	78200000	78300000	0.40928
18	78300000	78400000	0.43748
18	78400000	78500000	0.45335
18	78500000	78600000	0.47379
18	78600000	78700000	0.4996
18	78700000	78800000	0.4951
18	78800000	78900000	0.46707
18	78900000	79000000	0.48997
18	79000000	79100000	0.44929
18	79100000	79200000	0.3898
18	79200000	79300000	0.412
18	79300000	79400000	0.4903
18	79400000	79500000	0.57678
18	79500000	79600000	0.53747
18	79600000	79700000	0.50511
18	79700000	79800000	0.53293
18	79800000	79900000	0.50837
18	79900000	80000000	0.50989
18	80000000	80100000	0.46049
18	80100000	80200000	0.46129
18	80200000	80300000	0.45787626845382984
18	80300000	80373285	
19	0	100000	0.437475
19	100000	200000	0.37942
19	200000	300000	0.47281
19	300000	400000	0.52965
19	400000	500000	0.5984
19	500000	600000	0.5996
19	600000	700000	0.60817
19	700000	800000	0.57706
19	800000	900000	0.59836
19	900000	1000000	0.59446
19	1000000	1100000	0.6091
19	1100000	1200000	0.60726
19	1200000	1300000	0.63383
19	1300000	1400000	0.55907
19	1400000	1500000	0.60379
19	1500000	1600000	0.57561
19	1600000	1700000	0.57716
19	1700000	1800000	0.56292
19	1800000	1900000	0.59651
19	1900000	2000000	0.58631
19	2000000	2100000	0.56972
19	2100000	2200000	0.5697
19	2200000	2300000	0.5963
19	2300000	2400000	0.5595
19	2400000	2500000	0.5623
19	2500000	2600000	0.51769
19	2600000	2700000	0.52387
19	2700000	2800000	0.55929
19	2800000	2900000	0.50101
19	2900000	3000000	0.50003
19	3000000	3100000	0.54904
19	3100000	3200000	0.56059
19	3200000	3300000	0.54128
19	3300000	3400000	0.54469
19	3400000	3500000	0.55419
19	3500000	3600000	0.5767
19	3600000	3700000	0.603
19	3700000	3800000	0.54697
19	3800000	3900000	0.53639
19	3900000	4000000	0.54156
19	4000000	4100000	0.58045
19	4100000	4200000	0.53654
19	4200000	4300000	0.53262
19	4300000	4400000	0.55718
19	4400000	4500000	0.53593
19	4500000	4600000	0.56403
19	4600000	4700000	0.54065
19	4700000	4800000	0.51851
19	4800000	4900000	0.51707
19	4900000	5000000	0.52737
19	5000000	5100000	0.56977
19	5100000	5200000	0.55002
19	5200000	5300000	0.53917
19	5300000	5400000	0.51287
19	5400000	5500000	0.50904
19	5500000	5600000	0.51622
19	5600000	5700000	0.50748
19	5700000	5800000	0.52308
19	5800000	5900000	0.55066
19	5900000	6000000	0.53271
19	6000000	6100000	0.48084
19	6100000	6200000	0.46402
19	6200000	6300000	0.53513
19	6300000	6400000	0.51208
19	6400000	6500000	0.53111
19	6500000	6600000	0.48765
19	6600000	6700000	0.46983
19	6700000	6800000	0.52007
19	6800000	6900000	0.46655
19	6900000	7000000	0.43519
19	7000000	7100000	0.43252
19	7100000	7200000	0.47022
19	7200000	7300000	0.47869
19	7300000	7400000	0.48424
19	7400000	7500000	0.52056
19	7500000	7600000	0.53483
19	7600000	7700000	0.55891
19	7700000	7800000	0.49237
19	7800000	7900000	0.53945
19	7900000	8000000	0.5582
19	8000000	8100000	0.50881
19	8100000	8200000	0.51261
19	8200000	8300000	0.5146
19	8300000	8400000	0.53053
19	8400000	8500000	0.50013
19	8500000	8600000	0.53798
19	8600000	8700000	0.49951
19	8700000	8800000	0.45913
19	8800000	8900000	0.45442
19	8900000	9000000	0.46022
19	9000000	9100000	0.48244
19	9100000	9200000	0.43629
19	9200000	9300000	0.42853
19	9300000	9400000	0.42269
19	9400000	9500000	0.42888
19	9500000	9600000	0.44006
19	9600000	9700000	0.44127
19	9700000	9800000	0.44697
19	9800000	9900000	0.5118
19	9900000	10000000	0.50619
19	10000000	10100000	0.51369
19	10100000	10200000	0.5112
19	10200000	10300000	0.5299
19	10300000	10400000	0.54042
19	10400000	10500000	0.52955
19	10500000	10600000	0.52475
19	10600000	10700000	0.51172
19	10700000	10800000	0.51944
19	10800000	10900000	0.53497
19	10900000	11000000	0.52128
19	11000000	11100000	0.51908
19	11100000	11200000	0.52367
19	11200000	11300000	0.526
19	11300000	11400000	0.51596
19	11400000	11500000	0.53932
19	11500000	11600000	0.51679
19	11600000	11700000	0.45436
19	11700000	11800000	0.42321
19	11800000	11900000	0.44204
19	11900000	12000000	0.44467
19	12000000	12100000	0.45234
19	12100000	12200000	0.44878
19	12200000	12300000	0.4328
19	12300000	12400000	0.43172
19	12400000	12500000	0.43165
19	12500000	12600000	0.45642
19	12600000	12700000	0.50992
19	12700000	12800000	0.55011
19	12800000	12900000	0.52845
19	12900000	13000000	0.52842
19	13000000	13100000	0.55115
19	13100000	13200000	0.54061
19	13200000	13300000	0.51584
19	13300000	13400000	0.46834
19	13400000	13500000	0.46152
19	13500000	13600000	0.45278
19	13600000	13700000	0.46659
19	13700000	13800000	0.50513
19	13800000	13900000	0.54709
19	13900000	14000000	0.55325
19	14000000	14100000	0.5176
19	14100000	14200000	0.54151
19	14200000	14300000	0.50858
19	14300000	14400000	0.50804
19	14400000	14500000	0.54047
19	14500000	14600000	0.52037
19	14600000	14700000	0.44848
19	14700000	14800000	0.46368
19	14800000	14900000	0.414
19	14900000	15000000	0.4348
19	15000000	15100000	0.46154
19	15100000	15200000	0.51688
19	15200000	15300000	0.52355
19	15300000	15400000	0.49441
19	15400000	15500000	0.52583
19	15500000	15600000	0.48429
19	15600000	15700000	0.45815
19	15700000	15800000	0.43276
19	15800000	15900000	0.46274
19	15900000	16000000	0.43596
19	16000000	16100000	0.5085
19	16100000	16200000	0.51028
19	16200000	16300000	0.51079
19	16300000	16400000	0.50886
19	16400000	16500000	0.50079
19	16500000	16600000	0.53104
19	16600000	16700000	0.4942
19	16700000	16800000	0.47942
19	16800000	16900000	0.52148
19	16900000	17000000	0.4924
19	17000000	17100000	0.51245
19	17100000	17200000	0.51696
19	17200000	17300000	0.55093
19	17300000	17400000	0.54408
19	17400000	17500000	0.51921
19	17500000	17600000	0.51862
19	17600000	17700000	0.51746
19	17700000	17800000	0.53112
19	17800000	17900000	0.52959
19	17900000	18000000	0.53283
19	18000000	18100000	0.52086
19	18100000	18200000	0.54568
19	18200000	18300000	0.54957
19	18300000	18400000	0.52791
19	18400000	18500000	0.57388
19	18500000	18600000	0.53773
19	18600000	18700000	0.55643
19	18700000	18800000	0.56705
19	18800000	18900000	0.54281
19	18900000	19000000	0.53741
19	19000000	19100000	0.50804
19	19100000	19200000	0.53743
19	19200000	19300000	0.52589
19	19300000	19400000	0.52321
19	19400000	19500000	0.50748
19	19500000	19600000	0.54567
19	19600000	19700000	0.50656
19	19700000	19800000	0.45724
19	19800000	19900000	0.40449
19	19900000	20000000	0.41794
19	20000000	20100000	0.42794
19	20100000	20200000	0.41316
19	20200000	20300000	0.40944
19	20300000	20400000	0.39454
19	20400000	20500000	0.39874
19	20500000	20600000	0.41045
19	20600000	20700000	0.38934
19	20700000	20800000	0.40111
19	20800000	20900000	0.40808
19	20900000	21000000	0.41383
19	21000000	21100000	0.39961
19	21100000	21200000	0.39323
19	21200000	21300000	0.3998
19	21300000	21400000	0.40332
19	21400000	21500000	0.42769
19	21500000	21600000	0.42657
19	21600000	21700000	0.41728
19	21700000	21800000	0.40277
19	21800000	21900000	0.43005
19	21900000	22000000	0.39535
19	22000000	22100000	0.40293
19	22100000	22200000	0.38681
19	22200000	22300000	0.41102
19	22300000	22400000	0.40419
19	22400000	22500000	0.40155
19	22500000	22600000	0.43683
19	22600000	22700000	0.43019
19	22700000	22800000	0.41758
19	22800000	22900000	0.41629
19	22900000	23000000	0.39352
19	23000000	23100000	0.45269
19	23100000	23200000	0.4051
19	23200000	23300000	0.41877
19	23300000	23400000	0.40659
19	23400000	23500000	0.41707
19	23500000	23600000	0.43006
19	23600000	23700000	0.39454
19	23700000	23800000	0.4154
19	23800000	23900000	0.40606
19	23900000	24000000	0.41159
19	24000000	24100000	0.44174
19	24100000	24200000	0.39711
19	24200000	24300000	0.3751
19	24300000	24400000	0.36757
19	24400000	24500000	0.37856
19	24500000	24600000	0.38901901901901903
19	24600000	24700000	0.39481
19	24700000	24800000	0.39452
19	24800000	24900000	0.3944227574327561
19	24900000	25000000	0.39045927109503936
19	25000000	25100000	0.39183
19	25100000	25200000	0.39084
19	25200000	25300000	0.39164
19	25300000	25400000	0.39203
19	25400000	25500000	0.39211
19	25500000	25600000	0.39232
19	25600000	25700000	0.39212
19	25700000	25800000	0.39197
19	25800000	25900000	0.39173
19	25900000	26000000	0.39239
19	26000000	26100000	0.39176
19	26100000	26200000	0.39177
19	26200000	26300000	0.39244
19	26300000	26400000	0.3922
19	26400000	26500000	0.39279
19	26500000	26600000	0.39211
19	26600000	26700000	0.39249
19	26700000	26800000	0.39252
19	26800000	26900000	0.39243
19	26900000	27000000	0.39252
19	27000000	27100000	0.39228
19	27100000	27200000	0.3926095472852521
19	27200000	27300000	0.3695328620234753
19	27300000	27400000	0.36454
19	27400000	27500000	0.36301
19	27500000	27600000	0.36634
19	27600000	27700000	0.40505
19	27700000	27800000	0.42752
19	27800000	27900000	0.42873
19	27900000	28000000	0.39846
19	28000000	28100000	0.42827
19	28100000	28200000	0.42093
19	28200000	28300000	0.42699
19	28300000	28400000	0.42985
19	28400000	28500000	0.45105
19	28500000	28600000	0.43913
19	28600000	28700000	0.41138
19	28700000	28800000	0.38914
19	28800000	28900000	0.4467
19	28900000	29000000	0.45421
19	29000000	29100000	0.48114
19	29100000	29200000	0.4413
19	29200000	29300000	0.45207
19	29300000	29400000	0.45544
19	29400000	29500000	0.48778
19	29500000	29600000	0.51214
19	29600000	29700000	0.50334
19	29700000	29800000	0.50127
19	29800000	29900000	0.49853
19	29900000	30000000	0.40951
19	30000000	30100000	0.43763
19	30100000	30200000	0.47128
19	30200000	30300000	0.46846
19	30300000	30400000	0.47489
19	30400000	30500000	0.45994
19	30500000	30600000	0.46811
19	30600000	30700000	0.45489
19	30700000	30800000	0.4465
19	30800000	30900000	0.44004
19	30900000	31000000	0.40983
19	31000000	31100000	0.4261
19	31100000	31200000	0.4375
19	31200000	31300000	0.44836
19	31300000	31400000	0.47427
19	31400000	31500000	0.418
19	31500000	31600000	0.44714
19	31600000	31700000	0.43785
19	31700000	31800000	0.41714
19	31800000	31900000	0.41401
19	31900000	32000000	0.42201
19	32000000	32100000	0.45238
19	32100000	32200000	0.43189
19	32200000	32300000	0.4421
19	32300000	32400000	0.42412
19	32400000	32500000	0.41176
19	32500000	32600000	0.43182
19	32600000	32700000	0.48815
19	32700000	32800000	0.44585
19	32800000	32900000	0.46184
19	32900000	33000000	0.46434
19	33000000	33100000	0.482
19	33100000	33200000	0.48587
19	33200000	33300000	0.56399
19	33300000	33400000	0.47821
19	33400000	33500000	0.52369
19	33500000	33600000	0.49924
19	33600000	33700000	0.48924
19	33700000	33800000	0.52613
19	33800000	33900000	0.46991
19	33900000	34000000	0.43731
19	34000000	34100000	0.43121
19	34100000	34200000	0.43684
19	34200000	34300000	0.44057
19	34300000	34400000	0.48563
19	34400000	34500000	0.46311
19	34500000	34600000	0.45479
19	34600000	34700000	0.41317
19	34700000	34800000	0.42224
19	34800000	34900000	0.42864
19	34900000	35000000	0.45036
19	35000000	35100000	0.53812
19	35100000	35200000	0.50103
19	35200000	35300000	0.50834
19	35300000	35400000	0.496
19	35400000	35500000	0.4786
19	35500000	35600000	0.5199
19	35600000	35700000	0.51088
19	35700000	35800000	0.56699
19	35800000	35900000	0.52028
19	35900000	36000000	0.51717
19	36000000	36100000	0.51206
19	36100000	36200000	0.50802
19	36200000	36300000	0.52318
19	36300000	36400000	0.45311
19	36400000	36500000	0.42861
19	36500000	36600000	0.41183
19	36600000	36700000	0.41915
19	36700000	36800000	0.42382
19	36800000	36900000	0.40358
19	36900000	37000000	0.40119
19	37000000	37100000	0.42373
19	37100000	37200000	0.41066
19	37200000	37300000	0.49388
19	37300000	37400000	0.44154
19	37400000	37500000	0.39847
19	37500000	37600000	0.42058
19	37600000	37700000	0.40806
19	37700000	37800000	0.41023
19	37800000	37900000	0.44465
19	37900000	38000000	0.47687
19	38000000	38100000	0.49197
19	38100000	38200000	0.51926
19	38200000	38300000	0.52859
19	38300000	38400000	0.5384
19	38400000	38500000	0.52283
19	38500000	38600000	0.51663
19	38600000	38700000	0.50526
19	38700000	38800000	0.53778
19	38800000	38900000	0.51822
19	38900000	39000000	0.50305
19	39000000	39100000	0.4801
19	39100000	39200000	0.53662
19	39200000	39300000	0.48653
19	39300000	39400000	0.51252
19	39400000	39500000	0.53254
19	39500000	39600000	0.45155
19	39600000	39700000	0.41731
19	39700000	39800000	0.41741
19	39800000	39900000	0.50014
19	39900000	40000000	0.4612
19	40000000	40100000	0.3846
19	40100000	40200000	0.45752
19	40200000	40300000	0.52448
19	40300000	40400000	0.51284
19	40400000	40500000	0.51252
19	40500000	40600000	0.52117
19	40600000	40700000	0.52789
19	40700000	40800000	0.51778
19	40800000	40900000	0.48376
19	40900000	41000000	0.45263
19	41000000	41100000	0.44948
19	41100000	41200000	0.49196
19	41200000	41300000	0.49469
19	41300000	41400000	0.52198
19	41400000	41500000	0.48409
19	41500000	41600000	0.44243
19	41600000	41700000	0.45459
19	41700000	41800000	0.4644
19	41800000	41900000	0.50692
19	41900000	42000000	0.56777
19	42000000	42100000	0.51857
19	42100000	42200000	0.51312
19	42200000	42300000	0.55985
19	42300000	42400000	0.54494
19	42400000	42500000	0.47233
19	42500000	42600000	0.46004
19	42600000	42700000	0.42904
19	42700000	42800000	0.42707
19	42800000	42900000	0.43168
19	42900000	43000000	0.43094
19	43000000	43100000	0.42513
19	43100000	43200000	0.42073
19	43200000	43300000	0.42611
19	43300000	43400000	0.48011
19	43400000	43500000	0.47777
19	43500000	43600000	0.50914
19	43600000	43700000	0.50445
19	43700000	43800000	0.50328
19	43800000	43900000	0.39227
19	43900000	44000000	0.40363
19	44000000	44100000	0.41164
19	44100000	44200000	0.40181
19	44200000	44300000	0.3976
19	44300000	44400000	0.38565
19	44400000	44500000	0.43259
19	44500000	44600000	0.45303
19	44600000	44700000	0.48458
19	44700000	44800000	0.52353
19	44800000	44900000	0.53264
19	44900000	45000000	0.53039
19	45000000	45100000	0.52963
19	45100000	45200000	0.55544
19	45200000	45300000	0.51805
19	45300000	45400000	0.53451
19	45400000	45500000	0.52579
19	45500000	45600000	0.5057
19	45600000	45700000	0.5289
19	45700000	45800000	0.53573
19	45800000	45900000	0.52944
19	45900000	46000000	0.50415
19	46000000	46100000	0.45034
19	46100000	46200000	0.43698
19	46200000	46300000	0.47363
19	46300000	46400000	0.50118
19	46400000	46500000	0.50023
19	46500000	46600000	0.46142
19	46600000	46700000	0.53151
19	46700000	46800000	0.53272
19	46800000	46900000	0.48095
19	46900000	47000000	0.46605
19	47000000	47100000	0.53554
19	47100000	47200000	0.47292
19	47200000	47300000	0.5276
19	47300000	47400000	0.50977
19	47400000	47500000	0.54566
19	47500000	47600000	0.49167
19	47600000	47700000	0.51631
19	47700000	47800000	0.52234
19	47800000	47900000	0.48464
19	47900000	48000000	0.43972
19	48000000	48100000	0.46662
19	48100000	48200000	0.50727
19	48200000	48300000	0.45051
19	48300000	48400000	0.53184
19	48400000	48500000	0.54316
19	48500000	48600000	0.51648
19	48600000	48700000	0.54515
19	48700000	48800000	0.52651
19	48800000	48900000	0.51846
19	48900000	49000000	0.52545
19	49000000	49100000	0.5486
19	49100000	49200000	0.53871
19	49200000	49300000	0.4622
19	49300000	49400000	0.49379
19	49400000	49500000	0.54979
19	49500000	49600000	0.53039
19	49600000	49700000	0.55189
19	49700000	49800000	0.51743
19	49800000	49900000	0.56549
19	49900000	50000000	0.51769
19	50000000	50100000	0.48611
19	50100000	50200000	0.47539
19	50200000	50300000	0.51274
19	50300000	50400000	0.52531
19	50400000	50500000	0.55545
19	50500000	50600000	0.53794
19	50600000	50700000	0.52815
19	50700000	50800000	0.52126
19	50800000	50900000	0.50088
19	50900000	51000000	0.49192
19	51000000	51100000	0.50165
19	51100000	51200000	0.49309
19	51200000	51300000	0.44899
19	51300000	51400000	0.51972
19	51400000	51500000	0.48184
19	51500000	51600000	0.44668
19	51600000	51700000	0.45457
19	51700000	51800000	0.46181
19	51800000	51900000	0.41094
19	51900000	52000000	0.42213
19	52000000	52100000	0.41518
19	52100000	52200000	0.43531
19	52200000	52300000	0.4487
19	52300000	52400000	0.43602
19	52400000	52500000	0.43601
19	52500000	52600000	0.45784
19	52600000	52700000	0.4478
19	52700000	52800000	0.45481
19	52800000	52900000	0.44889
19	52900000	53000000	0.45161
19	53000000	53100000	0.45836
19	53100000	53200000	0.45014
19	53200000	53300000	0.4263
19	53300000	53400000	0.44197
19	53400000	53500000	0.44368
19	53500000	53600000	0.45487
19	53600000	53700000	0.47608
19	53700000	53800000	0.47325
19	53800000	53900000	0.5051
19	53900000	54000000	0.519
19	54000000	54100000	0.47477
19	54100000	54200000	0.55538
19	54200000	54300000	0.50677
19	54300000	54400000	0.48043
19	54400000	54500000	0.52351
19	54500000	54600000	0.46331
19	54600000	54700000	0.45539
19	54700000	54800000	0.45762
19	54800000	54900000	0.46832
19	54900000	55000000	0.49082
19	55000000	55100000	0.52714
19	55100000	55200000	0.53571
19	55200000	55300000	0.541
19	55300000	55400000	0.56734
19	55400000	55500000	0.56037
19	55500000	55600000	0.52668
19	55600000	55700000	0.56591
19	55700000	55800000	0.43376
19	55800000	55900000	0.43082
19	55900000	56000000	0.43594
19	56000000	56100000	0.47968
19	56100000	56200000	0.5283
19	56200000	56300000	0.45735
19	56300000	56400000	0.42421
19	56400000	56500000	0.41434
19	56500000	56600000	0.41766
19	56600000	56700000	0.4636
19	56700000	56800000	0.42101
19	56800000	56900000	0.43751
19	56900000	57000000	0.4511
19	57000000	57100000	0.45686
19	57100000	57200000	0.44642
19	57200000	57300000	0.4412
19	57300000	57400000	0.43611
19	57400000	57500000	0.43577
19	57500000	57600000	0.44497
19	57600000	57700000	0.44059
19	57700000	57800000	0.45239
19	57800000	57900000	0.46282
19	57900000	58000000	0.45945
19	58000000	58100000	0.51764
19	58100000	58200000	0.46339
19	58200000	58300000	0.47936
19	58300000	58400000	0.52209
19	58400000	58500000	0.51374
19	58500000	58600000	0.52468
19	58600000	58617616	0.4570640756302521
20	0	100000	0.39040101845957986
20	100000	200000	0.38506
20	200000	300000	0.42979
20	300000	400000	0.50045
20	400000	500000	0.46231
20	500000	600000	0.44346
20	600000	700000	0.50773
20	700000	800000	0.47669
20	800000	900000	0.48624
20	900000	1000000	0.49155
20	1000000	1100000	0.44923
20	1100000	1200000	0.45191
20	1200000	1300000	0.43094
20	1300000	1400000	0.46387
20	1400000	1500000	0.43719
20	1500000	1600000	0.42003
20	1600000	1700000	0.43581
20	1700000	1800000	0.41734
20	1800000	1900000	0.49888
20	1900000	2000000	0.48324
20	2000000	2100000	0.42281
20	2100000	2200000	0.47131
20	2200000	2300000	0.44086
20	2300000	2400000	0.45859
20	2400000	2500000	0.42961
20	2500000	2600000	0.43481
20	2600000	2700000	0.46821
20	2700000	2800000	0.47751
20	2800000	2900000	0.4809
20	2900000	3000000	0.4087
20	3000000	3100000	0.49595
20	3100000	3200000	0.49094
20	3200000	3300000	0.51158
20	3300000	3400000	0.41986
20	3400000	3500000	0.43191
20	3500000	3600000	0.39449
20	3600000	3700000	0.48998
20	3700000	3800000	0.53339
20	3800000	3900000	0.50347
20	3900000	4000000	0.41331
20	4000000	4100000	0.45615
20	4100000	4200000	0.48923
20	4200000	4300000	0.46897
20	4300000	4400000	0.42079
20	4400000	4500000	0.41437
20	4500000	4600000	0.39925
20	4600000	4700000	0.43328
20	4700000	4800000	0.45167
20	4800000	4900000	0.47205
20	4900000	5000000	0.43631
20	5000000	5100000	0.46385
20	5100000	5200000	0.44542
20	5200000	5300000	0.41508
20	5300000	5400000	0.41687
20	5400000	5500000	0.44454
20	5500000	5600000	0.41536
20	5600000	5700000	0.45777
20	5700000	5800000	0.44574
20	5800000	5900000	0.42424
20	5900000	6000000	0.41076
20	6000000	6100000	0.43542
20	6100000	6200000	0.41398
20	6200000	6300000	0.38901
20	6300000	6400000	0.38705
20	6400000	6500000	0.37663
20	6500000	6600000	0.37517
20	6600000	6700000	0.3993
20	6700000	6800000	0.40599
20	6800000	6900000	0.39232
20	6900000	7000000	0.37905
20	7000000	7100000	0.35982
20	7100000	7200000	0.37744
20	7200000	7300000	0.36956
20	7300000	7400000	0.37113
20	7400000	7500000	0.35475
20	7500000	7600000	0.36465
20	7600000	7700000	0.36418
20	7700000	7800000	0.36731
20	7800000	7900000	0.38185
20	7900000	8000000	0.38425
20	8000000	8100000	0.36251
20	8100000	8200000	0.38456
20	8200000	8300000	0.36907
20	8300000	8400000	0.38127
20	8400000	8500000	0.37824
20	8500000	8600000	0.37957
20	8600000	8700000	0.37468
20	8700000	8800000	0.38909
20	8800000	8900000	0.3865
20	8900000	9000000	0.40459
20	9000000	9100000	0.39854
20	9100000	9200000	0.38989
20	9200000	9300000	0.38573
20	9300000	9400000	0.40095
20	9400000	9500000	0.39536
20	9500000	9600000	0.41275
20	9600000	9700000	0.40397
20	9700000	9800000	0.38056
20	9800000	9900000	0.37925
20	9900000	10000000	0.37773
20	10000000	10100000	0.38252
20	10100000	10200000	0.40665
20	10200000	10300000	0.4081
20	10300000	10400000	0.40167
20	10400000	10500000	0.38673
20	10500000	10600000	0.4086
20	10600000	10700000	0.44436
20	10700000	10800000	0.40396
20	10800000	10900000	0.39938
20	10900000	11000000	0.39342
20	11000000	11100000	0.3728
20	11100000	11200000	0.3826
20	11200000	11300000	0.38787
20	11300000	11400000	0.38112
20	11400000	11500000	0.37059
20	11500000	11600000	0.38028
20	11600000	11700000	0.38873
20	11700000	11800000	0.38145
20	11800000	11900000	0.38932
20	11900000	12000000	0.40923
20	12000000	12100000	0.41266
20	12100000	12200000	0.36831
20	12200000	12300000	0.38668
20	12300000	12400000	0.3847
20	12400000	12500000	0.38564
20	12500000	12600000	0.37782
20	12600000	12700000	0.38402
20	12700000	12800000	0.39164
20	12800000	12900000	0.39306
20	12900000	13000000	0.38736
20	13000000	13100000	0.38818
20	13100000	13200000	0.40161
20	13200000	13300000	0.43605
20	13300000	13400000	0.40512
20	13400000	13500000	0.37123
20	13500000	13600000	0.36609
20	13600000	13700000	0.40787
20	13700000	13800000	0.38396
20	13800000	13900000	0.41596
20	13900000	14000000	0.40241
20	14000000	14100000	0.37598
20	14100000	14200000	0.36605
20	14200000	14300000	0.37383
20	14300000	14400000	0.36045
20	14400000	14500000	0.36992
20	14500000	14600000	0.36016
20	14600000	14700000	0.37255
20	14700000	14800000	0.37287
20	14800000	14900000	0.37802
20	14900000	15000000	0.38909
20	15000000	15100000	0.39125
20	15100000	15200000	0.37864
20	15200000	15300000	0.37621
20	15300000	15400000	0.36943
20	15400000	15500000	0.39854
20	15500000	15600000	0.39294
20	15600000	15700000	0.40414
20	15700000	15800000	0.37522
20	15800000	15900000	0.3852
20	15900000	16000000	0.38354
20	16000000	16100000	0.39313
20	16100000	16200000	0.40636
20	16200000	16300000	0.43796
20	16300000	16400000	0.40423
20	16400000	16500000	0.39368
20	16500000	16600000	0.41996
20	16600000	16700000	0.4239
20	16700000	16800000	0.4028
20	16800000	16900000	0.38368
20	16900000	17000000	0.40721
20	17000000	17100000	0.39614
20	17100000	17200000	0.39124
20	17200000	17300000	0.38881
20	17300000	17400000	0.41369
20	17400000	17500000	0.43798
20	17500000	17600000	0.43297
20	17600000	17700000	0.50275
20	17700000	17800000	0.4768
20	17800000	17900000	0.47863
20	17900000	18000000	0.44392
20	18000000	18100000	0.47306
20	18100000	18200000	0.42269
20	18200000	18300000	0.4192
20	18300000	18400000	0.40385
20	18400000	18500000	0.41021
20	18500000	18600000	0.43122
20	18600000	18700000	0.42889
20	18700000	18800000	0.4322
20	18800000	18900000	0.41906
20	18900000	19000000	0.42623
20	19000000	19100000	0.43666
20	19100000	19200000	0.3874
20	19200000	19300000	0.43642
20	19300000	19400000	0.42338
20	19400000	19500000	0.43796
20	19500000	19600000	0.44743
20	19600000	19700000	0.44374
20	19700000	19800000	0.44266
20	19800000	19900000	0.42967
20	19900000	20000000	0.45647
20	20000000	20100000	0.40889
20	20100000	20200000	0.39388
20	20200000	20300000	0.4231
20	20300000	20400000	0.45722
20	20400000	20500000	0.41251
20	20500000	20600000	0.38786
20	20600000	20700000	0.3991
20	20700000	20800000	0.4312
20	20800000	20900000	0.44453
20	20900000	21000000	0.42464
20	21000000	21100000	0.41535
20	21100000	21200000	0.41986
20	21200000	21300000	0.42543
20	21300000	21400000	0.38286
20	21400000	21500000	0.39349
20	21500000	21600000	0.45775
20	21600000	21700000	0.42543
20	21700000	21800000	0.42243
20	21800000	21900000	0.41098
20	21900000	22000000	0.38784
20	22000000	22100000	0.38779
20	22100000	22200000	0.37729
20	22200000	22300000	0.40884
20	22300000	22400000	0.40241
20	22400000	22500000	0.40821
20	22500000	22600000	0.45398
20	22600000	22700000	0.4239
20	22700000	22800000	0.42946
20	22800000	22900000	0.42434
20	22900000	23000000	0.41389
20	23000000	23100000	0.46779
20	23100000	23200000	0.47282
20	23200000	23300000	0.45195
20	23300000	23400000	0.45804
20	23400000	23500000	0.43078
20	23500000	23600000	0.43406
20	23600000	23700000	0.45733
20	23700000	23800000	0.44044
20	23800000	23900000	0.4404
20	23900000	24000000	0.45425
20	24000000	24100000	0.43369
20	24100000	24200000	0.42769
20	24200000	24300000	0.41138
20	24300000	24400000	0.42983
20	24400000	24500000	0.4617
20	24500000	24600000	0.44622
20	24600000	24700000	0.48224
20	24700000	24800000	0.47345
20	24800000	24900000	0.47096
20	24900000	25000000	0.47743
20	25000000	25100000	0.49254
20	25100000	25200000	0.44384
20	25200000	25300000	0.51159
20	25300000	25400000	0.46757
20	25400000	25500000	0.4715
20	25500000	25600000	0.46929
20	25600000	25700000	0.42127
20	25700000	25800000	0.4352
20	25800000	25900000	0.4433
20	25900000	26000000	0.3834
20	26000000	26100000	0.45504
20	26100000	26200000	0.36168
20	26200000	26300000	0.38147
20	26300000	26400000	0.3676239344533642
20	26400000	26500000	0.40536847395866055
20	26500000	26600000	0.3985616235224336
20	26600000	26700000	0.39292878635907724
20	26700000	26800000	0.39281
20	26800000	26900000	0.39269
20	26900000	27000000	0.39267
20	27000000	27100000	0.39236
20	27100000	27200000	0.39277
20	27200000	27300000	0.392022022022022
20	27300000	27400000	0.39254
20	27400000	27500000	0.39308
20	27500000	27600000	0.39227454909819637
20	27600000	27700000	0.39282
20	27700000	27800000	0.39244
20	27800000	27900000	0.3923623623623624
20	27900000	28000000	0.39285
20	28000000	28100000	0.39222
20	28100000	28200000	0.39287287287287287
20	28200000	28300000	0.3918118118118118
20	28300000	28400000	0.3921921921921922
20	28400000	28500000	0.3924141269489098
20	28500000	28600000	0.3788248663664296
20	28600000	28700000	0.3731079717457114
20	28700000	28800000	0.36827625559144495
20	28800000	28900000	0.36972841252996896
20	28900000	29000000	0.36469
20	29000000	29100000	0.37524
20	29100000	29200000	0.37583333333333335
20	29200000	29300000	0.3734892591849026
20	29300000	29400000	0.42704479652565547
20	29400000	29500000	0.4063723258989531
20	29500000	29600000	0.41463315521059796
20	29600000	29700000	0.3684173578169346
20	29700000	29800000	0.41663
20	29800000	29900000	0.3951751751751752
20	29900000	30000000	0.3750300601202405
20	30000000	30100000	0.37730923694779117
20	30100000	30200000	0.38026182880116816
20	30200000	30300000	0.39159
20	30300000	30400000	0.41352
20	30400000	30500000	0.4170250973917829
20	30500000	30600000	0.42426
20	30600000	30700000	0.42226
20	30700000	30800000	0.39293676693915797
20	30800000	30900000	0.42708451567501304
20	30900000	31000000	0.40201
20	31000000	31100000	0.39554
20	31100000	31200000	0.39122836568829744
20	31200000	31300000	0.39524
20	31300000	31400000	0.40189
20	31400000	31500000	0.45444
20	31500000	31600000	0.49758
20	31600000	31700000	0.48977
20	31700000	31800000	0.43845
20	31800000	31900000	0.49743
20	31900000	32000000	0.49158
20	32000000	32100000	0.48113
20	32100000	32200000	0.47813
20	32200000	32300000	0.46468
20	32300000	32400000	0.43465
20	32400000	32500000	0.49996
20	32500000	32600000	0.53426
20	32600000	32700000	0.51749
20	32700000	32800000	0.48593
20	32800000	32900000	0.47336
20	32900000	33000000	0.47223
20	33000000	33100000	0.51669
20	33100000	33200000	0.47044
20	33200000	33300000	0.47052
20	33300000	33400000	0.47863
20	33400000	33500000	0.49461
20	33500000	33600000	0.41762
20	33600000	33700000	0.49266
20	33700000	33800000	0.49382
20	33800000	33900000	0.4796
20	33900000	34000000	0.45856
20	34000000	34100000	0.44882
20	34100000	34200000	0.43777
20	34200000	34300000	0.46097
20	34300000	34400000	0.45666
20	34400000	34500000	0.39977
20	34500000	34600000	0.46811
20	34600000	34700000	0.44032
20	34700000	34800000	0.43509
20	34800000	34900000	0.44809
20	34900000	35000000	0.49358
20	35000000	35100000	0.43481
20	35100000	35200000	0.44637
20	35200000	35300000	0.48767
20	35300000	35400000	0.4297
20	35400000	35500000	0.46487
20	35500000	35600000	0.49082
20	35600000	35700000	0.46972
20	35700000	35800000	0.43435
20	35800000	35900000	0.43106
20	35900000	36000000	0.45092
20	36000000	36100000	0.46936
20	36100000	36200000	0.49719
20	36200000	36300000	0.47733
20	36300000	36400000	0.5193774334684703
20	36400000	36500000	0.515
20	36500000	36600000	0.49616
20	36600000	36700000	0.47101
20	36700000	36800000	0.46616
20	36800000	36900000	0.51087
20	36900000	37000000	0.45123
20	37000000	37100000	0.43218
20	37100000	37200000	0.45449
20	37200000	37300000	0.46
20	37300000	37400000	0.51717
20	37400000	37500000	0.50333
20	37500000	37600000	0.47123
20	37600000	37700000	0.46301
20	37700000	37800000	0.40308
20	37800000	37900000	0.46681
20	37900000	38000000	0.49173
20	38000000	38100000	0.41766
20	38100000	38200000	0.48578
20	38200000	38300000	0.4848
20	38300000	38400000	0.47001
20	38400000	38500000	0.46018
20	38500000	38600000	0.40927
20	38600000	38700000	0.47975
20	38700000	38800000	0.47401
20	38800000	38900000	0.47275
20	38900000	39000000	0.44396
20	39000000	39100000	0.46023
20	39100000	39200000	0.4512
20	39200000	39300000	0.44278
20	39300000	39400000	0.40178
20	39400000	39500000	0.39668
20	39500000	39600000	0.40117
20	39600000	39700000	0.40566
20	39700000	39800000	0.38814
20	39800000	39900000	0.40587
20	39900000	40000000	0.38777
20	40000000	40100000	0.37899
20	40100000	40200000	0.39245
20	40200000	40300000	0.39862
20	40300000	40400000	0.39893
20	40400000	40500000	0.42224
20	40500000	40600000	0.43615
20	40600000	40700000	0.4633
20	40700000	40800000	0.44039
20	40800000	40900000	0.46957
20	40900000	41000000	0.44409
20	41000000	41100000	0.41976
20	41100000	41200000	0.46665
20	41200000	41300000	0.40572
20	41300000	41400000	0.49891
20	41400000	41500000	0.42063
20	41500000	41600000	0.40217
20	41600000	41700000	0.42765
20	41700000	41800000	0.43172
20	41800000	41900000	0.4155
20	41900000	42000000	0.42003
20	42000000	42100000	0.43929
20	42100000	42200000	0.43585
20	42200000	42300000	0.41979
20	42300000	42400000	0.41848
20	42400000	42500000	0.40229
20	42500000	42600000	0.39813
20	42600000	42700000	0.42097
20	42700000	42800000	0.43653
20	42800000	42900000	0.42155
20	42900000	43000000	0.43095
20	43000000	43100000	0.42795
20	43100000	43200000	0.44157
20	43200000	43300000	0.44713
20	43300000	43400000	0.45706
20	43400000	43500000	0.44263
20	43500000	43600000	0.48403
20	43600000	43700000	0.46598
20	43700000	43800000	0.47392
20	43800000	43900000	0.42911
20	43900000	44000000	0.47713
20	44000000	44100000	0.47239
20	44100000	44200000	0.47013
20	44200000	44300000	0.46903
20	44300000	44400000	0.46881
20	44400000	44500000	0.47616
20	44500000	44600000	0.43017
20	44600000	44700000	0.49377
20	44700000	44800000	0.49701
20	44800000	44900000	0.43603
20	44900000	45000000	0.437
20	45000000	45100000	0.4
20	45100000	45200000	0.42026
20	45200000	45300000	0.41521
20	45300000	45400000	0.47849
20	45400000	45500000	0.45938
20	45500000	45600000	0.41678
20	45600000	45700000	0.4041
20	45700000	45800000	0.42933
20	45800000	45900000	0.49732
20	45900000	46000000	0.50706
20	46000000	46100000	0.48674
20	46100000	46200000	0.49776
20	46200000	46300000	0.50511
20	46300000	46400000	0.50478
20	46400000	46500000	0.41591
20	46500000	46600000	0.44361
20	46600000	46700000	0.44956
20	46700000	46800000	0.47159
20	46800000	46900000	0.42201
20	46900000	47000000	0.44967
20	47000000	47100000	0.44805
20	47100000	47200000	0.46651
20	47200000	47300000	0.4602
20	47300000	47400000	0.47978
20	47400000	47500000	0.46023
20	47500000	47600000	0.41975
20	47600000	47700000	0.44922
20	47700000	47800000	0.49806
20	47800000	47900000	0.49631
20	47900000	48000000	0.47438
20	48000000	48100000	0.45078
20	48100000	48200000	0.47926
20	48200000	48300000	0.47552
20	48300000	48400000	0.47078
20	48400000	48500000	0.47996
20	48500000	48600000	0.4948
20	48600000	48700000	0.51975
20	48700000	48800000	0.49206
20	48800000	48900000	0.46933
20	48900000	49000000	0.44826
20	49000000	49100000	0.42099
20	49100000	49200000	0.44117
20	49200000	49300000	0.46398
20	49300000	49400000	0.47312
20	49400000	49500000	0.48081
20	49500000	49600000	0.47108
20	49600000	49700000	0.4471
20	49700000	49800000	0.46045
20	49800000	49900000	0.45638
20	49900000	50000000	0.49191
20	50000000	50100000	0.50902
20	50100000	50200000	0.50888
20	50200000	50300000	0.52314
20	50300000	50400000	0.50269
20	50400000	50500000	0.47663
20	50500000	50600000	0.45304
20	50600000	50700000	0.51196
20	50700000	50800000	0.46036
20	50800000	50900000	0.49733
20	50900000	51000000	0.43497
20	51000000	51100000	0.47387
20	51100000	51200000	0.45252
20	51200000	51300000	0.45506
20	51300000	51400000	0.48104
20	51400000	51500000	0.48275
20	51500000	51600000	0.47614
20	51600000	51700000	0.46757
20	51700000	51800000	0.4668
20	51800000	51900000	0.46103
20	51900000	52000000	0.44259
20	52000000	52100000	0.43546
20	52100000	52200000	0.442
20	52200000	52300000	0.4137
20	52300000	52400000	0.40396
20	52400000	52500000	0.41136
20	52500000	52600000	0.39363
20	52600000	52700000	0.40807
20	52700000	52800000	0.39195
20	52800000	52900000	0.39553
20	52900000	53000000	0.41052
20	53000000	53100000	0.40723
20	53100000	53200000	0.41442
20	53200000	53300000	0.42258
20	53300000	53400000	0.43109
20	53400000	53500000	0.42959
20	53500000	53600000	0.44237
20	53600000	53700000	0.4468
20	53700000	53800000	0.44563
20	53800000	53900000	0.42911
20	53900000	54000000	0.41684
20	54000000	54100000	0.41445
20	54100000	54200000	0.41919
20	54200000	54300000	0.39987
20	54300000	54400000	0.37667
20	54400000	54500000	0.39003
20	54500000	54600000	0.38748
20	54600000	54700000	0.41987
20	54700000	54800000	0.38163
20	54800000	54900000	0.38444
20	54900000	55000000	0.3738
20	55000000	55100000	0.38025
20	55100000	55200000	0.37366
20	55200000	55300000	0.3696
20	55300000	55400000	0.37308
20	55400000	55500000	0.37347
20	55500000	55600000	0.37469
20	55600000	55700000	0.38225
20	55700000	55800000	0.38832
20	55800000	55900000	0.38104
20	55900000	56000000	0.40583
20	56000000	56100000	0.3976
20	56100000	56200000	0.42121
20	56200000	56300000	0.42538
20	56300000	56400000	0.43585
20	56400000	56500000	0.44147
20	56500000	56600000	0.46745
20	56600000	56700000	0.48815
20	56700000	56800000	0.47493
20	56800000	56900000	0.47837
20	56900000	57000000	0.46908
20	57000000	57100000	0.48226
20	57100000	57200000	0.49855
20	57200000	57300000	0.49405
20	57300000	57400000	0.46736
20	57400000	57500000	0.52125
20	57500000	57600000	0.49012
20	57600000	57700000	0.50836
20	57700000	57800000	0.4928
20	57800000	57900000	0.47998
20	57900000	58000000	0.48551
20	58000000	58100000	0.4619
20	58100000	58200000	0.4744
20	58200000	58300000	0.43953
20	58300000	58400000	0.43036
20	58400000	58500000	0.44902
20	58500000	58600000	0.47724
20	58600000	58700000	0.4871
20	58700000	58800000	0.48435
20	58800000	58900000	0.4871
20	58900000	59000000	0.43455
20	59000000	59100000	0.44177
20	59100000	59200000	0.45975
20	59200000	59300000	0.43411
20	59300000	59400000	0.49131
20	59400000	59500000	0.47683
20	59500000	59600000	0.45147
20	59600000	59700000	0.47214
20	59700000	59800000	0.47611
20	59800000	59900000	0.40475
20	59900000	60000000	0.39426
20	60000000	60100000	0.45358
20	60100000	60200000	0.42031
20	60200000	60300000	0.45158
20	60300000	60400000	0.43861
20	60400000	60500000	0.42908
20	60500000	60600000	0.41013
20	60600000	60700000	0.42816
20	60700000	60800000	0.41811
20	60800000	60900000	0.42728
20	60900000	61000000	0.44164
20	61000000	61100000	0.46506
20	61100000	61200000	0.46175
20	61200000	61300000	0.49648
20	61300000	61400000	0.49381
20	61400000	61500000	0.47331
20	61500000	61600000	0.51245
20	61600000	61700000	0.52764
20	61700000	61800000	0.52873
20	61800000	61900000	0.55298
20	61900000	62000000	0.54634
20	62000000	62100000	0.5182
20	62100000	62200000	0.53528
20	62200000	62300000	0.55371
20	62300000	62400000	0.60934
20	62400000	62500000	0.60891
20	62500000	62600000	0.59548
20	62600000	62700000	0.56962
20	62700000	62800000	0.5668
20	62800000	62900000	0.54837
20	62900000	63000000	0.53645
20	63000000	63100000	0.55651
20	63100000	63200000	0.55886
20	63200000	63300000	0.58085
20	63300000	63400000	0.58957
20	63400000	63500000	0.62192
20	63500000	63600000	0.58969
20	63600000	63700000	0.56839
20	63700000	63800000	0.54307
20	63800000	63900000	0.56128
20	63900000	64000000	0.55244
20	64000000	64100000	0.58635
20	64100000	64200000	0.53842
20	64200000	64300000	0.50587
20	64300000	64400000	0.42482512365733016
20	64400000	64444167	
21	0	100000	
21	100000	200000	
21	200000	300000	
21	300000	400000	
21	400000	500000	
21	500000	600000	
21	600000	700000	
21	700000	800000	
21	800000	900000	
21	900000	1000000	
21	1000000	1100000	
21	1100000	1200000	
21	1200000	1300000	
21	1300000	1400000	
21	1400000	1500000	
21	1500000	1600000	
21	1600000	1700000	
21	1700000	1800000	
21	1800000	1900000	
21	1900000	2000000	
21	2000000	2100000	
21	2100000	2200000	
21	2200000	2300000	
21	2300000	2400000	
21	2400000	2500000	
21	2500000	2600000	
21	2600000	2700000	
21	2700000	2800000	
21	2800000	2900000	
21	2900000	3000000	
21	3000000	3100000	
21	3100000	3200000	
21	3200000	3300000	
21	3300000	3400000	
21	3400000	3500000	
21	3500000	3600000	
21	3600000	3700000	
21	3700000	3800000	
21	3800000	3900000	
21	3900000	4000000	
21	4000000	4100000	
21	4100000	4200000	
21	4200000	4300000	
21	4300000	4400000	
21	4400000	4500000	
21	4500000	4600000	
21	4600000	4700000	
21	4700000	4800000	
21	4800000	4900000	
21	4900000	5000000	
21	5000000	5100000	0.5603888888888889
21	5100000	5200000	0.555580714307279
21	5200000	5300000	0.38081763259068224
21	5300000	5400000	0.37091429915132856
21	5400000	5500000	0.3567215150574356
21	5500000	5600000	0.40386
21	5600000	5700000	0.436
21	5700000	5800000	0.4047016425543439
21	5800000	5900000	0.3968253968253968
21	5900000	6000000	0.4164
21	6000000	6100000	0.53163
21	6100000	6200000	0.5702367567743722
21	6200000	6300000	0.40446129370747724
21	6300000	6400000	0.40597737451137744
21	6400000	6500000	0.5267520827032526
21	6500000	6600000	0.5139247452638406
21	6600000	6700000	0.3983586129850041
21	6700000	6800000	0.40564
21	6800000	6900000	0.42923
21	6900000	7000000	0.40306
21	7000000	7100000	0.40935
21	7100000	7200000	0.42358
21	7200000	7300000	0.37252
21	7300000	7400000	0.3915
21	7400000	7500000	0.41272
21	7500000	7600000	0.39774
21	7600000	7700000	0.4142262540021345
21	7700000	7800000	0.46566607460035525
21	7800000	7900000	0.4327411553554589
21	7900000	8000000	0.3818928478173143
21	8000000	8100000	0.3653
21	8100000	8200000	0.40998
21	8200000	8300000	0.5996719698212235
21	8300000	8400000	0.4513697783868178
21	8400000	8500000	0.563032061912659
21	8500000	8600000	0.36886913961875323
21	8600000	8700000	0.37461
21	8700000	8800000	0.4262
21	8800000	8900000	0.40821440118239344
21	8900000	9000000	0.45976410868916096
21	9000000	9100000	0.46911
21	9100000	9200000	0.3920821755284274
21	9200000	9300000	0.3662752953833027
21	9300000	9400000	0.4144899731667164
21	9400000	9500000	
21	9500000	9600000	0.43342437926348876
21	9600000	9700000	0.41057
21	9700000	9800000	0.42309
21	9800000	9900000	0.44832
21	9900000	10000000	0.34298
21	10000000	10100000	0.33211
21	10100000	10200000	0.43081238907654434
21	10200000	10300000	0.23525454137699037
21	10300000	10400000	0.430787731423361
21	10400000	10500000	0.38674
21	10500000	10600000	0.39255
21	10600000	10700000	0.39951
21	10700000	10800000	0.39644
21	10800000	10900000	0.36102204408817634
21	10900000	11000000	0.3693493493493494
21	11000000	11100000	0.37258517034068134
21	11100000	11200000	0.3809136546184739
21	11200000	11300000	0.38841
21	11300000	11400000	0.38843
21	11400000	11500000	0.38872
21	11500000	11600000	0.38836
21	11600000	11700000	0.38856
21	11700000	11800000	0.3882
21	11800000	11900000	0.38851
21	11900000	12000000	0.38867
21	12000000	12100000	0.38838
21	12100000	12200000	0.38855
21	12200000	12300000	0.3874899598393574
21	12300000	12400000	0.3846
21	12400000	12500000	0.38595
21	12500000	12600000	0.38647
21	12600000	12700000	0.38604
21	12700000	12800000	0.3872
21	12800000	12900000	0.3866
21	12900000	13000000	0.377
21	13000000	13100000	0.37409
21	13100000	13200000	0.37682
21	13200000	13300000	0.3567
21	13300000	13400000	0.38823
21	13400000	13500000	0.3781
21	13500000	13600000	0.36418
21	13600000	13700000	0.41125
21	13700000	13800000	0.41735
21	13800000	13900000	0.44368
21	13900000	14000000	0.40033
21	14000000	14100000	0.46243
21	14100000	14200000	0.36567
21	14200000	14300000	0.3644
21	14300000	14400000	0.35881
21	14400000	14500000	0.36733
21	14500000	14600000	0.36164
21	14600000	14700000	0.36953
21	14700000	14800000	0.36574
21	14800000	14900000	0.37699
21	14900000	15000000	0.37735
21	15000000	15100000	0.3688
21	15100000	15200000	0.38678
21	15200000	15300000	0.39134
21	15300000	15400000	0.37183
21	15400000	15500000	0.37878
21	15500000	15600000	0.37695
21	15600000	15700000	0.36872
21	15700000	15800000	0.3722
21	15800000	15900000	0.34798
21	15900000	16000000	0.36885
21	16000000	16100000	0.35536
21	16100000	16200000	0.36425
21	16200000	16300000	0.35307
21	16300000	16400000	0.34903
21	16400000	16500000	0.34648
21	16500000	16600000	0.35097
21	16600000	16700000	0.35789
21	16700000	16800000	0.35844
21	16800000	16900000	0.35907
21	16900000	17000000	0.34922
21	17000000	17100000	0.36457
21	17100000	17200000	0.38587
21	17200000	17300000	0.37432
21	17300000	17400000	0.4009
21	17400000	17500000	0.41405
21	17500000	17600000	0.40157
21	17600000	17700000	0.40754
21	17700000	17800000	0.4039
21	17800000	17900000	0.38789
21	17900000	18000000	0.38883
21	18000000	18100000	0.37111
21	18100000	18200000	0.36336
21	18200000	18300000	0.35964
21	18300000	18400000	0.34687
21	18400000	18500000	0.3521
21	18500000	18600000	0.35452
21	18600000	18700000	0.34084
21	18700000	18800000	0.36622
21	18800000	18900000	0.35912
21	18900000	19000000	0.35192
21	19000000	19100000	0.35472
21	19100000	19200000	0.3547
21	19200000	19300000	0.34382
21	19300000	19400000	0.33361
21	19400000	19500000	0.35959
21	19500000	19600000	0.3516
21	19600000	19700000	0.34497
21	19700000	19800000	0.34286
21	19800000	19900000	0.34516
21	19900000	20000000	0.34761
21	20000000	20100000	0.35525
21	20100000	20200000	0.35065
21	20200000	20300000	0.34552
21	20300000	20400000	0.34262
21	20400000	20500000	0.35869
21	20500000	20600000	0.35285
21	20600000	20700000	0.35854
21	20700000	20800000	0.36322
21	20800000	20900000	0.35609
21	20900000	21000000	0.35819
21	21000000	21100000	0.35313
21	21100000	21200000	0.34237
21	21200000	21300000	0.34152
21	21300000	21400000	0.34131
21	21400000	21500000	0.3345
21	21500000	21600000	0.3422
21	21600000	21700000	0.35115
21	21700000	21800000	0.34804
21	21800000	21900000	0.35311
21	21900000	22000000	0.35611
21	22000000	22100000	0.35537
21	22100000	22200000	0.34903
21	22200000	22300000	0.3425
21	22300000	22400000	0.34619
21	22400000	22500000	0.35263
21	22500000	22600000	0.35308
21	22600000	22700000	0.34869
21	22700000	22800000	0.35168
21	22800000	22900000	0.35258
21	22900000	23000000	0.34665
21	23000000	23100000	0.34021
21	23100000	23200000	0.33887
21	23200000	23300000	0.33942
21	23300000	23400000	0.34607
21	23400000	23500000	0.34322
21	23500000	23600000	0.33665
21	23600000	23700000	0.3491
21	23700000	23800000	0.36715
21	23800000	23900000	0.38268
21	23900000	24000000	0.37436
21	24000000	24100000	0.35828
21	24100000	24200000	0.33612
21	24200000	24300000	0.34451
21	24300000	24400000	0.34251
21	24400000	24500000	0.34771
21	24500000	24600000	0.35609
21	24600000	24700000	0.35001
21	24700000	24800000	0.34626
21	24800000	24900000	0.35698
21	24900000	25000000	0.36642
21	25000000	25100000	0.36521
21	25100000	25200000	0.36696
21	25200000	25300000	0.35203
21	25300000	25400000	0.36961
21	25400000	25500000	0.37719
21	25500000	25600000	0.38249
21	25600000	25700000	0.40327
21	25700000	25800000	0.38703
21	25800000	25900000	0.41504
21	25900000	26000000	0.39879
21	26000000	26100000	0.39329
21	26100000	26200000	0.40627
21	26200000	26300000	0.39013
21	26300000	26400000	0.38312
21	26400000	26500000	0.3857
21	26500000	26600000	0.37518
21	26600000	26700000	0.36571
21	26700000	26800000	0.38755
21	26800000	26900000	0.3869
21	26900000	27000000	0.37925
21	27000000	27100000	0.37127
21	27100000	27200000	0.36106
21	27200000	27300000	0.35343
21	27300000	27400000	0.35998
21	27400000	27500000	0.36548
21	27500000	27600000	0.35991
21	27600000	27700000	0.35278
21	27700000	27800000	0.36713
21	27800000	27900000	0.3656
21	27900000	28000000	0.35889
21	28000000	28100000	0.3672
21	28100000	28200000	0.36421
21	28200000	28300000	0.35799
21	28300000	28400000	0.36622
21	28400000	28500000	0.3752
21	28500000	28600000	0.37186
21	28600000	28700000	0.38661
21	28700000	28800000	0.3973
21	28800000	28900000	0.38823
21	28900000	29000000	0.37756
21	29000000	29100000	0.4127
21	29100000	29200000	0.40507
21	29200000	29300000	0.39533
21	29300000	29400000	0.40178
21	29400000	29500000	0.40174
21	29500000	29600000	0.38887
21	29600000	29700000	0.38799
21	29700000	29800000	0.38587
21	29800000	29900000	0.37495
21	29900000	30000000	0.36187
21	30000000	30100000	0.36896
21	30100000	30200000	0.36883
21	30200000	30300000	0.37063
21	30300000	30400000	0.37147
21	30400000	30500000	0.36367
21	30500000	30600000	0.35271
21	30600000	30700000	0.37271
21	30700000	30800000	0.35784
21	30800000	30900000	0.38061
21	30900000	31000000	0.3945
21	31000000	31100000	0.41342
21	31100000	31200000	0.42578
21	31200000	31300000	0.42332
21	31300000	31400000	0.43371
21	31400000	31500000	0.45437
21	31500000	31600000	0.46383
21	31600000	31700000	0.42655
21	31700000	31800000	0.4213063919175753
21	31800000	31900000	0.43953
21	31900000	32000000	0.45869
21	32000000	32100000	0.44925
21	32100000	32200000	0.42204
21	32200000	32300000	0.42805
21	32300000	32400000	0.46314
21	32400000	32500000	0.4665
21	32500000	32600000	0.45492
21	32600000	32700000	0.39814
21	32700000	32800000	0.39683
21	32800000	32900000	0.42352
21	32900000	33000000	0.43031
21	33000000	33100000	0.47912
21	33100000	33200000	0.45321
21	33200000	33300000	0.44873
21	33300000	33400000	0.43355
21	33400000	33500000	0.45456
21	33500000	33600000	0.40639
21	33600000	33700000	0.41258
21	33700000	33800000	0.39342
21	33800000	33900000	0.46276
21	33900000	34000000	0.43974
21	34000000	34100000	0.42479
21	34100000	34200000	0.42642
21	34200000	34300000	0.43263
21	34300000	34400000	0.44932
21	34400000	34500000	0.43814
21	34500000	34600000	0.44264
21	34600000	34700000	0.44634
21	34700000	34800000	0.44705
21	34800000	34900000	0.44873
21	34900000	35000000	0.4227
21	35000000	35100000	0.41982
21	35100000	35200000	0.40606
21	35200000	35300000	0.40325
21	35300000	35400000	0.40512
21	35400000	35500000	0.40213
21	35500000	35600000	0.40554
21	35600000	35700000	0.40645
21	35700000	35800000	0.4107
21	35800000	35900000	0.42744
21	35900000	36000000	0.42325
21	36000000	36100000	0.44807
21	36100000	36200000	0.46558
21	36200000	36300000	0.46909
21	36300000	36400000	0.43898
21	36400000	36500000	0.48004
21	36500000	36600000	0.45422
21	36600000	36700000	0.46593
21	36700000	36800000	0.47798
21	36800000	36900000	0.43154
21	36900000	37000000	0.45637
21	37000000	37100000	0.42462
21	37100000	37200000	0.38794
21	37200000	37300000	0.45029
21	37300000	37400000	0.40542
21	37400000	37500000	0.37493
21	37500000	37600000	0.44386
21	37600000	37700000	0.4356
21	37700000	37800000	0.44499
21	37800000	37900000	0.43476
21	37900000	38000000	0.41688
21	38000000	38100000	0.41785
21	38100000	38200000	0.39912
21	38200000	38300000	0.41449
21	38300000	38400000	0.43125
21	38400000	38500000	0.42386
21	38500000	38600000	0.41022
21	38600000	38700000	0.42831
21	38700000	38800000	0.43469
21	38800000	38900000	0.42652
21	38900000	39000000	0.4706570657065707
21	39000000	39100000	0.46757
21	39100000	39200000	0.42796
21	39200000	39300000	0.37546
21	39300000	39400000	0.45291
21	39400000	39500000	0.40656
21	39500000	39600000	0.42888
21	39600000	39700000	0.44527
21	39700000	39800000	0.4313
21	39800000	39900000	0.42958
21	39900000	40000000	0.44084
21	40000000	40100000	0.43286
21	40100000	40200000	0.43184
21	40200000	40300000	0.41032
21	40300000	40400000	0.38512
21	40400000	40500000	0.39016
21	40500000	40600000	0.40149
21	40600000	40700000	0.41325
21	40700000	40800000	0.4039
21	40800000	40900000	0.42297
21	40900000	41000000	0.41054
21	41000000	41100000	0.42627
21	41100000	41200000	0.46545
21	41200000	41300000	0.44424
21	41300000	41400000	0.46877
21	41400000	41500000	0.477
21	41500000	41600000	0.4641341341341341
21	41600000	41700000	0.49458
21	41700000	41800000	0.5026
21	41800000	41900000	0.50741
21	41900000	42000000	0.47042
21	42000000	42100000	0.50284
21	42100000	42200000	0.50096
21	42200000	42300000	0.50994
21	42300000	42400000	0.49554
21	42400000	42500000	0.48034
21	42500000	42600000	0.49776
21	42600000	42700000	0.5135913591359136
21	42700000	42800000	0.49947
21	42800000	42900000	0.49382
21	42900000	43000000	0.47637
21	43000000	43100000	0.51038
21	43100000	43200000	0.50537
21	43200000	43300000	0.5398
21	43300000	43400000	0.57021
21	43400000	43500000	0.5615761576157616
21	43500000	43600000	0.45165
21	43600000	43700000	0.44917
21	43700000	43800000	0.5505
21	43800000	43900000	0.51999
21	43900000	44000000	0.52867
21	44000000	44100000	0.46659
21	44100000	44200000	0.55734
21	44200000	44300000	0.56419
21	44300000	44400000	0.56694
21	44400000	44500000	0.53705
21	44500000	44600000	0.51187
21	44600000	44700000	0.47896
21	44700000	44800000	0.50576
21	44800000	44900000	0.53118
21	44900000	45000000	0.58133
21	45000000	45100000	0.51018
21	45100000	45200000	0.44861
21	45200000	45300000	0.49345
21	45300000	45400000	0.55445
21	45400000	45500000	0.59178
21	45500000	45600000	0.55505
21	45600000	45700000	0.44486
21	45700000	45800000	0.44182
21	45800000	45900000	0.50942
21	45900000	46000000	0.55892
21	46000000	46100000	0.52282
21	46100000	46200000	0.54493
21	46200000	46300000	0.50392
21	46300000	46400000	0.51626
21	46400000	46500000	0.47786
21	46500000	46600000	0.44801
21	46600000	46700000	0.43849454407249233
21	46700000	46709983	
22	0	100000	
22	100000	200000	
22	200000	300000	
22	300000	400000	
22	400000	500000	
22	500000	600000	
22	600000	700000	
22	700000	800000	
22	800000	900000	
22	900000	1000000	
22	1000000	1100000	
22	1100000	1200000	
22	1200000	1300000	
22	1300000	1400000	
22	1400000	1500000	
22	1500000	1600000	
22	1600000	1700000	
22	1700000	1800000	
22	1800000	1900000	
22	1900000	2000000	
22	2000000	2100000	
22	2100000	2200000	
22	2200000	2300000	
22	2300000	2400000	
22	2400000	2500000	
22	2500000	2600000	
22	2600000	2700000	
22	2700000	2800000	
22	2800000	2900000	
22	2900000	3000000	
22	3000000	3100000	
22	3100000	3200000	
22	3200000	3300000	
22	3300000	3400000	
22	3400000	3500000	
22	3500000	3600000	
22	3600000	3700000	
22	3700000	3800000	
22	3800000	3900000	
22	3900000	4000000	
22	4000000	4100000	
22	4100000	4200000	
22	4200000	4300000	
22	4300000	4400000	
22	4400000	4500000	
22	4500000	4600000	
22	4600000	4700000	
22	4700000	4800000	
22	4800000	4900000	
22	4900000	5000000	
22	5000000	5100000	
22	5100000	5200000	
22	5200000	5300000	
22	5300000	5400000	
22	5400000	5500000	
22	5500000	5600000	
22	5600000	5700000	
22	5700000	5800000	
22	5800000	5900000	
22	5900000	6000000	
22	6000000	6100000	
22	6100000	6200000	
22	6200000	6300000	
22	6300000	6400000	
22	6400000	6500000	
22	6500000	6600000	
22	6600000	6700000	
22	6700000	6800000	
22	6800000	6900000	
22	6900000	7000000	
22	7000000	7100000	
22	7100000	7200000	
22	7200000	7300000	
22	7300000	7400000	
22	7400000	7500000	
22	7500000	7600000	
22	7600000	7700000	
22	7700000	7800000	
22	7800000	7900000	
22	7900000	8000000	
22	8000000	8100000	
22	8100000	8200000	
22	8200000	8300000	
22	8300000	8400000	
22	8400000	8500000	
22	8500000	8600000	
22	8600000	8700000	
22	8700000	8800000	
22	8800000	8900000	
22	8900000	9000000	
22	9000000	9100000	
22	9100000	9200000	
22	9200000	9300000	
22	9300000	9400000	
22	9400000	9500000	
22	9500000	9600000	
22	9600000	9700000	
22	9700000	9800000	
22	9800000	9900000	
22	9900000	10000000	
22	10000000	10100000	
22	10100000	10200000	
22	10200000	10300000	
22	10300000	10400000	
22	10400000	10500000	
22	10500000	10600000	0.3679
22	10600000	10700000	0.39002
22	10700000	10800000	0.3787082215894994
22	10800000	10900000	0.43629943149089634
22	10900000	11000000	0.37286486999430635
22	11000000	11100000	0.46300441995293035
22	11100000	11200000	0.41632088520055327
22	11200000	11300000	0.4136552947383783
22	11300000	11400000	0.4005970072768269
22	11400000	11500000	0.41688197341262395
22	11500000	11600000	0.4190798093538158
22	11600000	11700000	0.47798
22	11700000	11800000	0.42206
22	11800000	11900000	0.40634
22	11900000	12000000	0.43191283605183417
22	12000000	12100000	0.37932224446131546
22	12100000	12200000	0.42393
22	12200000	12300000	0.38374
22	12300000	12400000	0.37601
22	12400000	12500000	0.3634
22	12500000	12600000	0.37828
22	12600000	12700000	0.3906
22	12700000	12800000	0.3903
22	12800000	12900000	0.38232
22	12900000	13000000	0.37767576824279325
22	13000000	13100000	0.364492984202909
22	13100000	13200000	0.37427855711422847
22	13200000	13300000	0.3750704225352113
22	13300000	13400000	0.38783
22	13400000	13500000	0.38847
22	13500000	13600000	0.38901
22	13600000	13700000	0.38813
22	13700000	13800000	0.38876
22	13800000	13900000	0.38829
22	13900000	14000000	0.38869
22	14000000	14100000	0.38812
22	14100000	14200000	0.38855
22	14200000	14300000	0.38873
22	14300000	14400000	0.38837
22	14400000	14500000	0.3849497991967871
22	14500000	14600000	0.38519
22	14600000	14700000	0.38638
22	14700000	14800000	0.38646
22	14800000	14900000	0.38643
22	14900000	15000000	0.3871
22	15000000	15100000	0.3868330940019883
22	15100000	15200000	0.37056170920712755
22	15200000	15300000	0.38107
22	15300000	15400000	0.4039
22	15400000	15500000	0.43417
22	15500000	15600000	0.4037
22	15600000	15700000	0.41832
22	15700000	15800000	0.42518
22	15800000	15900000	0.40886
22	15900000	16000000	0.40238
22	16000000	16100000	0.3728
22	16100000	16200000	0.37453
22	16200000	16300000	0.38302038357264784
22	16300000	16400000	0.38733069828722
22	16400000	16500000	0.37632
22	16500000	16600000	0.4576
22	16600000	16700000	0.40838
22	16700000	16800000	0.38266
22	16800000	16900000	0.37544
22	16900000	17000000	0.44578
22	17000000	17100000	0.44688
22	17100000	17200000	0.51187
22	17200000	17300000	0.48177
22	17300000	17400000	0.4576
22	17400000	17500000	0.42893
22	17500000	17600000	0.47046
22	17600000	17700000	0.43751
22	17700000	17800000	0.49613
22	17800000	17900000	0.51203
22	17900000	18000000	0.48113
22	18000000	18100000	0.47956
22	18100000	18200000	0.46962
22	18200000	18300000	0.38334738940427815
22	18300000	18400000	0.45042795419822246
22	18400000	18500000	0.40814
22	18500000	18600000	0.53659
22	18600000	18700000	0.5347861124168961
22	18700000	18800000	0.4574284576938387
22	18800000	18900000	0.44906
22	18900000	19000000	0.55265
22	19000000	19100000	0.48768
22	19100000	19200000	0.53834
22	19200000	19300000	0.44793
22	19300000	19400000	0.44744
22	19400000	19500000	0.46637
22	19500000	19600000	0.48786
22	19600000	19700000	0.48635
22	19700000	19800000	0.59
22	19800000	19900000	0.53217
22	19900000	20000000	0.55044
22	20000000	20100000	0.52833
22	20100000	20200000	0.59838
22	20200000	20300000	0.59778
22	20300000	20400000	0.48545
22	20400000	20500000	0.52131
22	20500000	20600000	0.50736
22	20600000	20700000	0.49492
22	20700000	20800000	0.49951
22	20800000	20900000	0.4638
22	20900000	21000000	0.5154
22	21000000	21100000	0.51318
22	21100000	21200000	0.44654
22	21200000	21300000	0.49618
22	21300000	21400000	0.48678
22	21400000	21500000	0.54927
22	21500000	21600000	0.51518
22	21600000	21700000	0.53106
22	21700000	21800000	0.47667
22	21800000	21900000	0.4402
22	21900000	22000000	0.52781
22	22000000	22100000	0.43385
22	22100000	22200000	0.4285
22	22200000	22300000	0.45824
22	22300000	22400000	0.44599
22	22400000	22500000	0.43038
22	22500000	22600000	0.45145
22	22600000	22700000	0.49527
22	22700000	22800000	0.45847
22	22800000	22900000	0.45371
22	22900000	23000000	0.47115
22	23000000	23100000	0.49345
22	23100000	23200000	0.53616
22	23200000	23300000	0.52925
22	23300000	23400000	0.49394
22	23400000	23500000	0.47943
22	23500000	23600000	0.52494
22	23600000	23700000	0.50012
22	23700000	23800000	0.50903
22	23800000	23900000	0.52563
22	23900000	24000000	0.49447
22	24000000	24100000	0.46986
22	24100000	24200000	0.55214
22	24200000	24300000	0.48683
22	24300000	24400000	0.40878
22	24400000	24500000	0.49723
22	24500000	24600000	0.50291
22	24600000	24700000	0.49307
22	24700000	24800000	0.43572
22	24800000	24900000	0.48389
22	24900000	25000000	0.482
22	25000000	25100000	0.4863
22	25100000	25200000	0.48918
22	25200000	25300000	0.45782
22	25300000	25400000	0.50194
22	25400000	25500000	0.47283
22	25500000	25600000	0.42355
22	25600000	25700000	0.40359
22	25700000	25800000	0.46901
22	25800000	25900000	0.45479
22	25900000	26000000	0.4491
22	26000000	26100000	0.43515
22	26100000	26200000	0.42829
22	26200000	26300000	0.4422
22	26300000	26400000	0.45049
22	26400000	26500000	0.46547
22	26500000	26600000	0.47564
22	26600000	26700000	0.48244
22	26700000	26800000	0.46634
22	26800000	26900000	0.44327
22	26900000	27000000	0.45224
22	27000000	27100000	0.45317
22	27100000	27200000	0.45355
22	27200000	27300000	0.45762
22	27300000	27400000	0.44244
22	27400000	27500000	0.49387
22	27500000	27600000	0.49194
22	27600000	27700000	0.50223
22	27700000	27800000	0.50123
22	27800000	27900000	0.45025
22	27900000	28000000	0.41731
22	28000000	28100000	0.44646
22	28100000	28200000	0.39992
22	28200000	28300000	0.37863
22	28300000	28400000	0.38128
22	28400000	28500000	0.3777
22	28500000	28600000	0.38645
22	28600000	28700000	0.40875
22	28700000	28800000	0.44591
22	28800000	28900000	0.46228
22	28900000	29000000	0.44209
22	29000000	29100000	0.46147
22	29100000	29200000	0.46533
22	29200000	29300000	0.50342
22	29300000	29400000	0.52648
22	29400000	29500000	0.47588
22	29500000	29600000	0.48215
22	29600000	29700000	0.46057
22	29700000	29800000	0.54244
22	29800000	29900000	0.45473
22	29900000	30000000	0.39011
22	30000000	30100000	0.43678
22	30100000	30200000	0.38496
22	30200000	30300000	0.54691
22	30300000	30400000	0.52177
22	30400000	30500000	0.49892
22	30500000	30600000	0.51173
22	30600000	30700000	0.49847
22	30700000	30800000	0.46509
22	30800000	30900000	0.49585
22	30900000	31000000	0.4437
22	31000000	31100000	0.49484
22	31100000	31200000	0.48924
22	31200000	31300000	0.47423
22	31300000	31400000	0.4723
22	31400000	31500000	0.44575
22	31500000	31600000	0.44767
22	31600000	31700000	0.49932
22	31700000	31800000	0.4499
22	31800000	31900000	0.452
22	31900000	32000000	0.48368
22	32000000	32100000	0.43272
22	32100000	32200000	0.45008
22	32200000	32300000	0.4375
22	32300000	32400000	0.45968
22	32400000	32500000	0.4193
22	32500000	32600000	0.46723
22	32600000	32700000	0.46384
22	32700000	32800000	0.45983
22	32800000	32900000	0.46511
22	32900000	33000000	0.44806
22	33000000	33100000	0.43815
22	33100000	33200000	0.4038
22	33200000	33300000	0.43223
22	33300000	33400000	0.44158
22	33400000	33500000	0.44341
22	33500000	33600000	0.43827
22	33600000	33700000	0.43744
22	33700000	33800000	0.4467
22	33800000	33900000	0.45132
22	33900000	34000000	0.43366
22	34000000	34100000	0.41695
22	34100000	34200000	0.41309
22	34200000	34300000	0.3969
22	34300000	34400000	0.40575
22	34400000	34500000	0.40272
22	34500000	34600000	0.39887
22	34600000	34700000	0.41756
22	34700000	34800000	0.41148
22	34800000	34900000	0.42659
22	34900000	35000000	0.43616
22	35000000	35100000	0.46074
22	35100000	35200000	0.45752
22	35200000	35300000	0.43675
22	35300000	35400000	0.5212
22	35400000	35500000	0.52029
22	35500000	35600000	0.50517
22	35600000	35700000	0.45808
22	35700000	35800000	0.41461
22	35800000	35900000	0.39246
22	35900000	36000000	0.39428
22	36000000	36100000	0.44987
22	36100000	36200000	0.47076
22	36200000	36300000	0.4879
22	36300000	36400000	0.51198
22	36400000	36500000	0.51268
22	36500000	36600000	0.49668
22	36600000	36700000	0.46531
22	36700000	36800000	0.49507
22	36800000	36900000	0.48404
22	36900000	37000000	0.47918
22	37000000	37100000	0.54418
22	37100000	37200000	0.53494
22	37200000	37300000	0.52642
22	37300000	37400000	0.56726
22	37400000	37500000	0.54742
22	37500000	37600000	0.52822
22	37600000	37700000	0.55144
22	37700000	37800000	0.53721
22	37800000	37900000	0.50405
22	37900000	38000000	0.5425
22	38000000	38100000	0.54004
22	38100000	38200000	0.51414
22	38200000	38300000	0.53834
22	38300000	38400000	0.4704
22	38400000	38500000	0.52036
22	38500000	38600000	0.43221
22	38600000	38700000	0.46829
22	38700000	38800000	0.52975
22	38800000	38900000	0.50446
22	38900000	39000000	0.49102
22	39000000	39100000	0.5149
22	39100000	39200000	0.49753
22	39200000	39300000	0.54571
22	39300000	39400000	0.52252
22	39400000	39500000	0.53933
22	39500000	39600000	0.53722
22	39600000	39700000	0.56205
22	39700000	39800000	0.43382
22	39800000	39900000	0.38775
22	39900000	40000000	0.45879
22	40000000	40100000	0.45659
22	40100000	40200000	0.42191
22	40200000	40300000	0.42746
22	40300000	40400000	0.44119
22	40400000	40500000	0.4659
22	40500000	40600000	0.42394
22	40600000	40700000	0.46558
22	40700000	40800000	0.45025
22	40800000	40900000	0.40346
22	40900000	41000000	0.4534
22	41000000	41100000	0.47019
22	41100000	41200000	0.43003
22	41200000	41300000	0.52651
22	41300000	41400000	0.53218
22	41400000	41500000	0.49829
22	41500000	41600000	0.53661
22	41600000	41700000	0.47168
22	41700000	41800000	0.46699
22	41800000	41900000	0.48118
22	41900000	42000000	0.55207
22	42000000	42100000	0.45494
22	42100000	42200000	0.49319
22	42200000	42300000	0.47789
22	42300000	42400000	0.55633
22	42400000	42500000	0.51014
22	42500000	42600000	0.52592
22	42600000	42700000	0.53008
22	42700000	42800000	0.5166
22	42800000	42900000	0.48078
22	42900000	43000000	0.47559
22	43000000	43100000	0.51023
22	43100000	43200000	0.54077
22	43200000	43300000	0.57247
22	43300000	43400000	0.50181
22	43400000	43500000	0.52652
22	43500000	43600000	0.47398
22	43600000	43700000	0.42685
22	43700000	43800000	0.41697
22	43800000	43900000	0.51702
22	43900000	44000000	0.49715
22	44000000	44100000	0.50329
22	44100000	44200000	0.51635
22	44200000	44300000	0.49738
22	44300000	44400000	0.54614
22	44400000	44500000	0.49474
22	44500000	44600000	0.48848
22	44600000	44700000	0.53257
22	44700000	44800000	0.53564
22	44800000	44900000	0.51695
22	44900000	45000000	0.52298
22	45000000	45100000	0.51088
22	45100000	45200000	0.44708
22	45200000	45300000	0.53314
22	45300000	45400000	0.43786
22	45400000	45500000	0.47934
22	45500000	45600000	0.53138
22	45600000	45700000	0.45796
22	45700000	45800000	0.39866
22	45800000	45900000	0.47341
22	45900000	46000000	0.59273
22	46000000	46100000	0.5442
22	46100000	46200000	0.53264
22	46200000	46300000	0.49941
22	46300000	46400000	0.53545
22	46400000	46500000	0.52648
22	46500000	46600000	0.5493
22	46600000	46700000	0.56626
22	46700000	46800000	0.51278
22	46800000	46900000	0.46502
22	46900000	47000000	0.47441
22	47000000	47100000	0.5034
22	47100000	47200000	0.53642
22	47200000	47300000	0.49122
22	47300000	47400000	0.48171
22	47400000	47500000	0.45914
22	47500000	47600000	0.44356
22	47600000	47700000	0.46725
22	47700000	47800000	0.43879
22	47800000	47900000	0.44547
22	47900000	48000000	0.42764
22	48000000	48100000	0.46306
22	48100000	48200000	0.4646
22	48200000	48300000	0.46799
22	48300000	48400000	0.50806
22	48400000	48500000	0.50489
22	48500000	48600000	0.56996
22	48600000	48700000	0.56603
22	48700000	48800000	0.50517
22	48800000	48900000	0.51511
22	48900000	49000000	0.46818
22	49000000	49100000	0.51937
22	49100000	49200000	0.51444
22	49200000	49300000	0.4932
22	49300000	49400000	0.48348
22	49400000	49500000	0.48713
22	49500000	49600000	0.50627
22	49600000	49700000	0.53664
22	49700000	49800000	0.52454
22	49800000	49900000	0.50113
22	49900000	50000000	0.5868020304568528
22	50000000	50100000	0.53987
22	50100000	50200000	0.53598
22	50200000	50300000	0.61057
22	50300000	50400000	0.52655
22	50400000	50500000	0.56995
22	50500000	50600000	0.5456
22	50600000	50700000	0.52139
22	50700000	50800000	0.50414
22	50800000	50818468	0.4577231931979216
X	0	100000	0.51865
X	100000	200000	0.4925452451950046
X	200000	300000	0.5464107554879543
X	300000	400000	0.5751
X	400000	500000	0.50516
X	500000	600000	0.45225
X	600000	700000	0.49221
X	700000	800000	0.45651
X	800000	900000	0.43595
X	900000	1000000	0.45468
X	1000000	1100000	0.47276
X	1100000	1200000	0.46683
X	1200000	1300000	0.49611
X	1300000	1400000	0.53731
X	1400000	1500000	0.50742
X	1500000	1600000	0.47779
X	1600000	1700000	0.49352
X	1700000	1800000	0.45103
X	1800000	1900000	0.46099
X	1900000	2000000	0.4436518390921066
X	2000000	2100000	
X	2100000	2200000	0.45505634771171494
X	2200000	2300000	0.48027
X	2300000	2400000	0.4631
X	2400000	2500000	0.46543
X	2500000	2600000	0.46285
X	2600000	2700000	0.45635
X	2700000	2800000	0.46144
X	2800000	2900000	0.4418
X	2900000	3000000	0.45603
X	3000000	3100000	0.40916
X	3100000	3200000	0.41531
X	3200000	3300000	0.40699
X	3300000	3400000	0.4278
X	3400000	3500000	0.40992
X	3500000	3600000	0.42113
X	3600000	3700000	0.44976
X	3700000	3800000	0.4472
X	3800000	3900000	0.47325
X	3900000	4000000	0.42582
X	4000000	4100000	0.38359
X	4100000	4200000	0.38544
X	4200000	4300000	0.38151
X	4300000	4400000	0.37495
X	4400000	4500000	0.37508
X	4500000	4600000	0.37947
X	4600000	4700000	0.368
X	4700000	4800000	0.38014
X	4800000	4900000	0.37776
X	4900000	5000000	0.37023
X	5000000	5100000	0.36697
X	5100000	5200000	0.36826
X	5200000	5300000	0.3749
X	5300000	5400000	0.38196
X	5400000	5500000	0.3775
X	5500000	5600000	0.37733
X	5600000	5700000	0.3842
X	5700000	5800000	0.37711
X	5800000	5900000	0.3762
X	5900000	6000000	0.38641
X	6000000	6100000	0.38468
X	6100000	6200000	0.39672
X	6200000	6300000	0.40304
X	6300000	6400000	0.39227
X	6400000	6500000	0.39116
X	6500000	6600000	0.38568
X	6600000	6700000	0.40238
X	6700000	6800000	0.40269
X	6800000	6900000	0.40448
X	6900000	7000000	0.41383
X	7000000	7100000	0.42485
X	7100000	7200000	0.42672
X	7200000	7300000	0.40211
X	7300000	7400000	0.41045
X	7400000	7500000	0.3869
X	7500000	7600000	0.37793
X	7600000	7700000	0.40095
X	7700000	7800000	0.38612
X	7800000	7900000	0.38577
X	7900000	8000000	0.39943
X	8000000	8100000	0.39028
X	8100000	8200000	0.39903
X	8200000	8300000	0.36632
X	8300000	8400000	0.39285
X	8400000	8500000	0.38763
X	8500000	8600000	0.38629
X	8600000	8700000	0.39425
X	8700000	8800000	0.41149
X	8800000	8900000	0.39544
X	8900000	9000000	0.39415
X	9000000	9100000	0.38173
X	9100000	9200000	0.41127
X	9200000	9300000	0.41919
X	9300000	9400000	0.45024
X	9400000	9500000	0.45361
X	9500000	9600000	0.4505
X	9600000	9700000	0.4438
X	9700000	9800000	0.47405
X	9800000	9900000	0.47515
X	9900000	10000000	0.46203
X	10000000	10100000	0.45465
X	10100000	10200000	0.47311
X	10200000	10300000	0.42727
X	10300000	10400000	0.39241
X	10400000	10500000	0.39342
X	10500000	10600000	0.39184
X	10600000	10700000	0.39642
X	10700000	10800000	0.39539
X	10800000	10900000	0.38322
X	10900000	11000000	0.38472
X	11000000	11100000	0.38126
X	11100000	11200000	0.40736
X	11200000	11300000	0.39156
X	11300000	11400000	0.38086
X	11400000	11500000	0.39796
X	11500000	11600000	0.39021
X	11600000	11700000	0.38932
X	11700000	11800000	0.41427
X	11800000	11900000	0.38006
X	11900000	12000000	0.39158
X	12000000	12100000	0.37862
X	12100000	12200000	0.39
X	12200000	12300000	0.38808
X	12300000	12400000	0.39244
X	12400000	12500000	0.38744
X	12500000	12600000	0.39115
X	12600000	12700000	0.39917
X	12700000	12800000	0.41346
X	12800000	12900000	0.41627
X	12900000	13000000	0.4291
X	13000000	13100000	0.41588
X	13100000	13200000	0.40578
X	13200000	13300000	0.40123
X	13300000	13400000	0.40404
X	13400000	13500000	0.41443
X	13500000	13600000	0.40818
X	13600000	13700000	0.41553
X	13700000	13800000	0.41272
X	13800000	13900000	0.41264
X	13900000	14000000	0.41962
X	14000000	14100000	0.38977
X	14100000	14200000	0.38365
X	14200000	14300000	0.37841
X	14300000	14400000	0.38193
X	14400000	14500000	0.37077
X	14500000	14600000	0.37274
X	14600000	14700000	0.37484
X	14700000	14800000	0.39484
X	14800000	14900000	0.36937
X	14900000	15000000	0.38346
X	15000000	15100000	0.37942
X	15100000	15200000	0.37765
X	15200000	15300000	0.41213
X	15300000	15400000	0.39459
X	15400000	15500000	0.39332
X	15500000	15600000	0.38512
X	15600000	15700000	0.40247
X	15700000	15800000	0.42096
X	15800000	15900000	0.39595
X	15900000	16000000	0.39441
X	16000000	16100000	0.38626
X	16100000	16200000	0.40894
X	16200000	16300000	0.38645
X	16300000	16400000	0.38858
X	16400000	16500000	0.40658
X	16500000	16600000	0.41491
X	16600000	16700000	0.43397
X	16700000	16800000	0.44767
X	16800000	16900000	0.42593
X	16900000	17000000	0.41735
X	17000000	17100000	0.40082
X	17100000	17200000	0.41388
X	17200000	17300000	0.41197
X	17300000	17400000	0.40501
X	17400000	17500000	0.41601
X	17500000	17600000	0.43561
X	17600000	17700000	0.42325
X	17700000	17800000	0.42511
X	17800000	17900000	0.43635
X	17900000	18000000	0.40926
X	18000000	18100000	0.41319
X	18100000	18200000	0.4016
X	18200000	18300000	0.41043
X	18300000	18400000	0.42686
X	18400000	18500000	0.42326
X	18500000	18600000	0.37965
X	18600000	18700000	0.44512
X	18700000	18800000	0.41102
X	18800000	18900000	0.44977
X	18900000	19000000	0.44511
X	19000000	19100000	0.42869
X	19100000	19200000	0.43307
X	19200000	19300000	0.40854
X	19300000	19400000	0.44838
X	19400000	19500000	0.42493
X	19500000	19600000	0.44419
X	19600000	19700000	0.42313
X	19700000	19800000	0.41975
X	19800000	19900000	0.44671
X	19900000	20000000	0.4088
X	20000000	20100000	0.44469
X	20100000	20200000	0.40377
X	20200000	20300000	0.37709
X	20300000	20400000	0.40253
X	20400000	20500000	0.40639
X	20500000	20600000	0.38642
X	20600000	20700000	0.38374
X	20700000	20800000	0.37968
X	20800000	20900000	0.37979
X	20900000	21000000	0.38389
X	21000000	21100000	0.3709
X	21100000	21200000	0.36913
X	21200000	21300000	0.36915
X	21300000	21400000	0.3746
X	21400000	21500000	0.34556
X	21500000	21600000	0.34667
X	21600000	21700000	0.38107
X	21700000	21800000	0.40059
X	21800000	21900000	0.39609
X	21900000	22000000	0.42017
X	22000000	22100000	0.416
X	22100000	22200000	0.40071
X	22200000	22300000	0.39761
X	22300000	22400000	0.39422
X	22400000	22500000	0.38272
X	22500000	22600000	0.36642
X	22600000	22700000	0.38662
X	22700000	22800000	0.36035
X	22800000	22900000	0.34942
X	22900000	23000000	0.37625
X	23000000	23100000	0.37323
X	23100000	23200000	0.37889
X	23200000	23300000	0.39159
X	23300000	23400000	0.41673
X	23400000	23500000	0.38586
X	23500000	23600000	0.3984
X	23600000	23700000	0.42144
X	23700000	23800000	0.45098
X	23800000	23900000	0.43835
X	23900000	24000000	0.42059
X	24000000	24100000	0.43598
X	24100000	24200000	0.4226
X	24200000	24300000	0.42009
X	24300000	24400000	0.42706
X	24400000	24500000	0.42456
X	24500000	24600000	0.4152
X	24600000	24700000	0.41873
X	24700000	24800000	0.39179
X	24800000	24900000	0.37456
X	24900000	25000000	0.3969
X	25000000	25100000	0.43687
X	25100000	25200000	0.4015
X	25200000	25300000	0.38272
X	25300000	25400000	0.38662
X	25400000	25500000	0.36875
X	25500000	25600000	0.37685
X	25600000	25700000	0.36885
X	25700000	25800000	0.36783
X	25800000	25900000	0.35698
X	25900000	26000000	0.36346
X	26000000	26100000	0.35521
X	26100000	26200000	0.39159
X	26200000	26300000	0.37798
X	26300000	26400000	0.36
X	26400000	26500000	0.35942
X	26500000	26600000	0.36643
X	26600000	26700000	0.3542
X	26700000	26800000	0.35281
X	26800000	26900000	0.36655
X	26900000	27000000	0.35238
X	27000000	27100000	0.36108
X	27100000	27200000	0.37468
X	27200000	27300000	0.36359
X	27300000	27400000	0.34729
X	27400000	27500000	0.36646
X	27500000	27600000	0.36943
X	27600000	27700000	0.357
X	27700000	27800000	0.35729
X	27800000	27900000	0.39319
X	27900000	28000000	0.3554
X	28000000	28100000	0.37288
X	28100000	28200000	0.35809
X	28200000	28300000	0.35223
X	28300000	28400000	0.36906
X	28400000	28500000	0.36813
X	28500000	28600000	0.3838
X	28600000	28700000	0.37076
X	28700000	28800000	0.35779
X	28800000	28900000	0.35252
X	28900000	29000000	0.34755
X	29000000	29100000	0.35683
X	29100000	29200000	0.3613
X	29200000	29300000	0.36288
X	29300000	29400000	0.37783
X	29400000	29500000	0.36007
X	29500000	29600000	0.35696
X	29600000	29700000	0.36478
X	29700000	29800000	0.36473
X	29800000	29900000	0.36424
X	29900000	30000000	0.3724
X	30000000	30100000	0.3701
X	30100000	30200000	0.38319
X	30200000	30300000	0.41151
X	30300000	30400000	0.38181
X	30400000	30500000	0.37918
X	30500000	30600000	0.38399
X	30600000	30700000	0.41538
X	30700000	30800000	0.41655
X	30800000	30900000	0.39441
X	30900000	31000000	0.39495
X	31000000	31100000	0.40618
X	31100000	31200000	0.38381
X	31200000	31300000	0.38917
X	31300000	31400000	0.39463
X	31400000	31500000	0.38241
X	31500000	31600000	0.37207
X	31600000	31700000	0.3612
X	31700000	31800000	0.36151
X	31800000	31900000	0.36517
X	31900000	32000000	0.3584
X	32000000	32100000	0.35878
X	32100000	32200000	0.36813
X	32200000	32300000	0.36217
X	32300000	32400000	0.33044
X	32400000	32500000	0.3432
X	32500000	32600000	0.36105
X	32600000	32700000	0.35627
X	32700000	32800000	0.36203
X	32800000	32900000	0.37679
X	32900000	33000000	0.36022
X	33000000	33100000	0.36054
X	33100000	33200000	0.3649
X	33200000	33300000	0.34487
X	33300000	33400000	0.35263
X	33400000	33500000	0.35713
X	33500000	33600000	0.36593
X	33600000	33700000	0.35154
X	33700000	33800000	0.34578
X	33800000	33900000	0.3673
X	33900000	34000000	0.36304
X	34000000	34100000	0.35186
X	34100000	34200000	0.36446
X	34200000	34300000	0.35416
X	34300000	34400000	0.36173
X	34400000	34500000	0.3704
X	34500000	34600000	0.35759
X	34600000	34700000	0.36684
X	34700000	34800000	0.36601
X	34800000	34900000	0.36044
X	34900000	35000000	0.37
X	35000000	35100000	0.37577
X	35100000	35200000	0.36758
X	35200000	35300000	0.36682
X	35300000	35400000	0.37605
X	35400000	35500000	0.37022
X	35500000	35600000	0.36631
X	35600000	35700000	0.36788
X	35700000	35800000	0.36374
X	35800000	35900000	0.36535
X	35900000	36000000	0.35674
X	36000000	36100000	0.34599
X	36100000	36200000	0.35546
X	36200000	36300000	0.35614
X	36300000	36400000	0.34646
X	36400000	36500000	0.37325
X	36500000	36600000	0.36653
X	36600000	36700000	0.36272
X	36700000	36800000	0.42881
X	36800000	36900000	0.35761
X	36900000	37000000	0.38358
X	37000000	37100000	0.39986097398803166
X	37100000	37200000	
X	37200000	37300000	0.35952834851373294
X	37300000	37400000	0.37752
X	37400000	37500000	0.39767
X	37500000	37600000	0.40371
X	37600000	37700000	0.38873
X	37700000	37800000	0.38568
X	37800000	37900000	0.38367
X	37900000	38000000	0.38758
X	38000000	38100000	0.37343
X	38100000	38200000	0.39798
X	38200000	38300000	0.39981
X	38300000	38400000	0.39489
X	38400000	38500000	0.39406
X	38500000	38600000	0.38314
X	38600000	38700000	0.40192
X	38700000	38800000	0.38812
X	38800000	38900000	0.40827
X	38900000	39000000	0.4102
X	39000000	39100000	0.40536
X	39100000	39200000	0.41806
X	39200000	39300000	0.42583
X	39300000	39400000	0.4297
X	39400000	39500000	0.46272
X	39500000	39600000	0.4653
X	39600000	39700000	0.45858
X	39700000	39800000	0.46878
X	39800000	39900000	0.49379
X	39900000	40000000	0.48901
X	40000000	40100000	0.50564
X	40100000	40200000	0.52391
X	40200000	40300000	0.47927
X	40300000	40400000	0.45865
X	40400000	40500000	0.46214
X	40500000	40600000	0.45796
X	40600000	40700000	0.41127
X	40700000	40800000	0.4043
X	40800000	40900000	0.43262
X	40900000	41000000	0.41705
X	41000000	41100000	0.42733
X	41100000	41200000	0.37974
X	41200000	41300000	0.44244
X	41300000	41400000	0.4624
X	41400000	41500000	0.45717
X	41500000	41600000	0.40124
X	41600000	41700000	0.3965
X	41700000	41800000	0.3896
X	41800000	41900000	0.36706
X	41900000	42000000	0.39241
X	42000000	42100000	0.39694
X	42100000	42200000	0.40662
X	42200000	42300000	0.388
X	42300000	42400000	0.38522
X	42400000	42500000	0.39105
X	42500000	42600000	0.38252
X	42600000	42700000	0.38134
X	42700000	42800000	0.39234
X	42800000	42900000	0.37658
X	42900000	43000000	0.37451
X	43000000	43100000	0.36432
X	43100000	43200000	0.37219
X	43200000	43300000	0.38081
X	43300000	43400000	0.3799
X	43400000	43500000	0.3836
X	43500000	43600000	0.40176
X	43600000	43700000	0.39672
X	43700000	43800000	0.40956
X	43800000	43900000	0.39186
X	43900000	44000000	0.39387
X	44000000	44100000	0.40178
X	44100000	44200000	0.3997
X	44200000	44300000	0.39466
X	44300000	44400000	0.3988
X	44400000	44500000	0.41556
X	44500000	44600000	0.4262
X	44600000	44700000	0.42927
X	44700000	44800000	0.42752
X	44800000	44900000	0.4228
X	44900000	45000000	0.39206
X	45000000	45100000	0.37595
X	45100000	45200000	0.40965
X	45200000	45300000	0.39686
X	45300000	45400000	0.3765
X	45400000	45500000	0.37993
X	45500000	45600000	0.38387
X	45600000	45700000	0.39176
X	45700000	45800000	0.39477
X	45800000	45900000	0.41562
X	45900000	46000000	0.39076
X	46000000	46100000	0.3765
X	46100000	46200000	0.38264
X	46200000	46300000	0.40566
X	46300000	46400000	0.40725
X	46400000	46500000	0.41734
X	46500000	46600000	0.43518
X	46600000	46700000	0.41791
X	46700000	46800000	0.41335
X	46800000	46900000	0.41361
X	46900000	47000000	0.40819
X	47000000	47100000	0.40897
X	47100000	47200000	0.4873
X	47200000	47300000	0.48203
X	47300000	47400000	0.45896
X	47400000	47500000	0.43593
X	47500000	47600000	0.46895
X	47600000	47700000	0.45067
X	47700000	47800000	0.41458
X	47800000	47900000	0.40796
X	47900000	48000000	0.397
X	48000000	48100000	0.44484
X	48100000	48200000	0.45189
X	48200000	48300000	0.43837
X	48300000	48400000	0.43813
X	48400000	48500000	0.47172
X	48500000	48600000	0.4837
X	48600000	48700000	0.47309
X	48700000	48800000	0.47608
X	48800000	48900000	0.48421
X	48900000	49000000	0.50874
X	49000000	49100000	0.50646
X	49100000	49200000	0.51083
X	49200000	49300000	0.51331
X	49300000	49400000	0.44584039343720294
X	49400000	49500000	
X	49500000	49600000	0.44936178532525206
X	49600000	49700000	0.42547
X	49700000	49800000	0.41501
X	49800000	49900000	0.40514
X	49900000	50000000	0.39053
X	50000000	50100000	0.39987
X	50100000	50200000	0.41672
X	50200000	50300000	0.37384
X	50300000	50400000	0.41487
X	50400000	50500000	0.40374
X	50500000	50600000	0.38809
X	50600000	50700000	0.4015
X	50700000	50800000	0.38947
X	50800000	50900000	0.41138
X	50900000	51000000	0.38822
X	51000000	51100000	0.41004
X	51100000	51200000	0.40546
X	51200000	51300000	0.38679
X	51300000	51400000	0.3987
X	51400000	51500000	0.40172
X	51500000	51600000	0.38742
X	51600000	51700000	0.40718
X	51700000	51800000	0.40416
X	51800000	51900000	0.38926
X	51900000	52000000	0.37584
X	52000000	52100000	0.41568
X	52100000	52200000	0.4199
X	52200000	52300000	0.39491
X	52300000	52400000	0.39965
X	52400000	52500000	0.42032
X	52500000	52600000	0.43595
X	52600000	52700000	0.44137
X	52700000	52800000	0.43875
X	52800000	52900000	0.4282
X	52900000	53000000	0.47292
X	53000000	53100000	0.45014
X	53100000	53200000	0.43618
X	53200000	53300000	0.48915
X	53300000	53400000	0.45743
X	53400000	53500000	0.46713
X	53500000	53600000	0.44427
X	53600000	53700000	0.39073
X	53700000	53800000	0.42137
X	53800000	53900000	0.41013
X	53900000	54000000	0.42483
X	54000000	54100000	0.43919
X	54100000	54200000	0.42125
X	54200000	54300000	0.39681
X	54300000	54400000	0.42854
X	54400000	54500000	0.47954
X	54500000	54600000	0.43537
X	54600000	54700000	0.38169
X	54700000	54800000	0.42348
X	54800000	54900000	0.41878
X	54900000	55000000	0.40636
X	55000000	55100000	0.41044
X	55100000	55200000	0.39741
X	55200000	55300000	0.38546
X	55300000	55400000	0.40288
X	55400000	55500000	0.40414
X	55500000	55600000	0.38825
X	55600000	55700000	0.39404
X	55700000	55800000	0.40295
X	55800000	55900000	0.39472
X	55900000	56000000	0.38194
X	56000000	56100000	0.38568
X	56100000	56200000	0.3863
X	56200000	56300000	0.39151
X	56300000	56400000	0.39215
X	56400000	56500000	0.38474
X	56500000	56600000	0.38112
X	56600000	56700000	0.39557
X	56700000	56800000	0.43446
X	56800000	56900000	0.40332
X	56900000	57000000	0.39339
X	57000000	57100000	0.38357
X	57100000	57200000	0.39131
X	57200000	57300000	0.38874
X	57300000	57400000	0.36837
X	57400000	57500000	0.38177
X	57500000	57600000	0.38724
X	57600000	57700000	0.37531
X	57700000	57800000	0.37318
X	57800000	57900000	0.39606
X	57900000	58000000	0.39573
X	58000000	58100000	0.39156
X	58100000	58200000	0.4195
X	58200000	58300000	0.50951
X	58300000	58400000	0.36811
X	58400000	58500000	0.36651
X	58500000	58600000	0.38647690674535345
X	58600000	58700000	0.4058525116234736
X	58700000	58800000	0.40621621621621623
X	58800000	58900000	0.4070670670670671
X	58900000	59000000	0.4072172172172172
X	59000000	59100000	0.4064964964964965
X	59100000	59200000	0.40622
X	59200000	59300000	0.40591
X	59300000	59400000	0.40562
X	59400000	59500000	0.4071442885771543
X	59500000	59600000	0.4063963963963964
X	59600000	59700000	0.40611
X	59700000	59800000	0.40629
X	59800000	59900000	0.40608
X	59900000	60000000	0.40639
X	60000000	60100000	0.40593
X	60100000	60200000	0.40614
X	60200000	60300000	0.40592
X	60300000	60400000	0.4058
X	60400000	60500000	0.40591
X	60500000	60600000	0.40615615615615613
X	60600000	60700000	0.4056
X	60700000	60800000	0.40645
X	60800000	60900000	0.4063
X	60900000	61000000	0.40598
X	61000000	61100000	0.40597
X	61100000	61200000	0.4065165165165165
X	61200000	61300000	0.40637637637637636
X	61300000	61400000	0.40601
X	61400000	61500000	0.40592
X	61500000	61600000	0.40636
X	61600000	61700000	0.40617
X	61700000	61800000	0.40575
X	61800000	61900000	0.40649
X	61900000	62000000	0.40593
X	62000000	62100000	0.4063363363363363
X	62100000	62200000	0.40605605605605605
X	62200000	62300000	0.40649
X	62300000	62400000	0.40664
X	62400000	62500000	0.4064
X	62500000	62600000	0.37678
X	62600000	62700000	0.36577
X	62700000	62800000	0.37732
X	62800000	62900000	0.37438
X	62900000	63000000	0.35923
X	63000000	63100000	0.38042
X	63100000	63200000	0.39355
X	63200000	63300000	0.38884
X	63300000	63400000	0.3819
X	63400000	63500000	0.38907
X	63500000	63600000	0.36563
X	63600000	63700000	0.39186
X	63700000	63800000	0.42208
X	63800000	63900000	0.39836
X	63900000	64000000	0.40333
X	64000000	64100000	0.3911
X	64100000	64200000	0.40395
X	64200000	64300000	0.41547
X	64300000	64400000	0.39192
X	64400000	64500000	0.39452
X	64500000	64600000	0.39421
X	64600000	64700000	0.39055
X	64700000	64800000	0.37042
X	64800000	64900000	0.39261
X	64900000	65000000	0.39042
X	65000000	65100000	0.38386
X	65100000	65200000	0.38407
X	65200000	65300000	0.36773
X	65300000	65400000	0.37893
X	65400000	65500000	0.39911
X	65500000	65600000	0.46934
X	65600000	65700000	0.44292
X	65700000	65800000	0.4133
X	65800000	65900000	0.4179
X	65900000	66000000	0.39095
X	66000000	66100000	0.3929
X	66100000	66200000	0.38182
X	66200000	66300000	0.38128
X	66300000	66400000	0.37267
X	66400000	66500000	0.39473
X	66500000	66600000	0.37489
X	66600000	66700000	0.38383
X	66700000	66800000	0.37892
X	66800000	66900000	0.3779
X	66900000	67000000	0.38568
X	67000000	67100000	0.37746
X	67100000	67200000	0.3713
X	67200000	67300000	0.37137
X	67300000	67400000	0.36777
X	67400000	67500000	0.36552
X	67500000	67600000	0.39002
X	67600000	67700000	0.38656
X	67700000	67800000	0.40765
X	67800000	67900000	0.37179
X	67900000	68000000	0.37471
X	68000000	68100000	0.40185
X	68100000	68200000	0.37612
X	68200000	68300000	0.39536
X	68300000	68400000	0.40879
X	68400000	68500000	0.42118
X	68500000	68600000	0.40275
X	68600000	68700000	0.45223
X	68700000	68800000	0.46878
X	68800000	68900000	0.49563
X	68900000	69000000	0.46727
X	69000000	69100000	0.46763
X	69100000	69200000	0.48897
X	69200000	69300000	0.49189
X	69300000	69400000	0.45352
X	69400000	69500000	0.40556
X	69500000	69600000	0.45134
X	69600000	69700000	0.38899
X	69700000	69800000	0.38149
X	69800000	69900000	0.38875
X	69900000	70000000	0.3784
X	70000000	70100000	0.44572
X	70100000	70200000	0.42716
X	70200000	70300000	0.43087
X	70300000	70400000	0.40025
X	70400000	70500000	0.46817
X	70500000	70600000	0.40332
X	70600000	70700000	0.3804
X	70700000	70800000	0.38583
X	70800000	70900000	0.39554
X	70900000	71000000	0.40933
X	71000000	71100000	0.42097
X	71100000	71200000	0.49608
X	71200000	71300000	0.4804
X	71300000	71400000	0.4503
X	71400000	71500000	0.431
X	71500000	71600000	0.42598
X	71600000	71700000	0.47536
X	71700000	71800000	0.46117
X	71800000	71900000	0.42691
X	71900000	72000000	0.43634
X	72000000	72100000	0.45644
X	72100000	72200000	0.46228
X	72200000	72300000	0.44416
X	72300000	72400000	0.44315
X	72400000	72500000	0.38337
X	72500000	72600000	0.39552
X	72600000	72700000	0.3766
X	72700000	72800000	0.41644
X	72800000	72900000	0.43198
X	72900000	73000000	0.42298
X	73000000	73100000	0.41218
X	73100000	73200000	0.38338
X	73200000	73300000	0.38222
X	73300000	73400000	0.38491
X	73400000	73500000	0.382
X	73500000	73600000	0.37009
X	73600000	73700000	0.38575
X	73700000	73800000	0.38647
X	73800000	73900000	0.41691
X	73900000	74000000	0.40174
X	74000000	74100000	0.39493
X	74100000	74200000	0.401
X	74200000	74300000	0.39573
X	74300000	74400000	0.4189
X	74400000	74500000	0.43455
X	74500000	74600000	0.4303
X	74600000	74700000	0.39287
X	74700000	74800000	0.39314
X	74800000	74900000	0.38555
X	74900000	75000000	0.39807
X	75000000	75100000	0.36008
X	75100000	75200000	0.39208
X	75200000	75300000	0.3934
X	75300000	75400000	0.38943
X	75400000	75500000	0.38399
X	75500000	75600000	0.38696
X	75600000	75700000	0.3971
X	75700000	75800000	0.40284
X	75800000	75900000	0.38609
X	75900000	76000000	0.39258
X	76000000	76100000	0.38587
X	76100000	76200000	0.38916
X	76200000	76300000	0.38684
X	76300000	76400000	0.37727
X	76400000	76500000	0.3707
X	76500000	76600000	0.39799
X	76600000	76700000	0.37665
X	76700000	76800000	0.37649
X	76800000	76900000	0.38887
X	76900000	77000000	0.39142
X	77000000	77100000	0.4047
X	77100000	77200000	0.38925
X	77200000	77300000	0.40079
X	77300000	77400000	0.39895
X	77400000	77500000	0.42412
X	77500000	77600000	0.36909
X	77600000	77700000	0.35605
X	77700000	77800000	0.41248
X	77800000	77900000	0.41158
X	77900000	78000000	0.39009
X	78000000	78100000	0.39678
X	78100000	78200000	0.40091
X	78200000	78300000	0.38032
X	78300000	78400000	0.3739
X	78400000	78500000	0.36813
X	78500000	78600000	0.37178
X	78600000	78700000	0.37019
X	78700000	78800000	0.37167
X	78800000	78900000	0.3757
X	78900000	79000000	0.3699
X	79000000	79100000	0.36055
X	79100000	79200000	0.36277
X	79200000	79300000	0.36973
X	79300000	79400000	0.36953
X	79400000	79500000	0.35936
X	79500000	79600000	0.37276
X	79600000	79700000	0.35826
X	79700000	79800000	0.36365
X	79800000	79900000	0.37824
X	79900000	80000000	0.36342
X	80000000	80100000	0.38015
X	80100000	80200000	0.3649
X	80200000	80300000	0.38384
X	80300000	80400000	0.37169
X	80400000	80500000	0.37244
X	80500000	80600000	0.38049
X	80600000	80700000	0.36124
X	80700000	80800000	0.36029
X	80800000	80900000	0.38299
X	80900000	81000000	0.37836
X	81000000	81100000	0.37296
X	81100000	81200000	0.36653
X	81200000	81300000	0.37412
X	81300000	81400000	0.36359
X	81400000	81500000	0.34558
X	81500000	81600000	0.3591
X	81600000	81700000	0.35322
X	81700000	81800000	0.37081
X	81800000	81900000	0.37573
X	81900000	82000000	0.36285
X	82000000	82100000	0.36338
X	82100000	82200000	0.35603
X	82200000	82300000	0.3546
X	82300000	82400000	0.36188
X	82400000	82500000	0.35013
X	82500000	82600000	0.36546
X	82600000	82700000	0.35659
X	82700000	82800000	0.37344
X	82800000	82900000	0.36023
X	82900000	83000000	0.35661
X	83000000	83100000	0.36705
X	83100000	83200000	0.366
X	83200000	83300000	0.36032
X	83300000	83400000	0.35523
X	83400000	83500000	0.35929
X	83500000	83600000	0.37505
X	83600000	83700000	0.36711
X	83700000	83800000	0.35137
X	83800000	83900000	0.34952
X	83900000	84000000	0.36046
X	84000000	84100000	0.36966
X	84100000	84200000	0.34951
X	84200000	84300000	0.36888
X	84300000	84400000	0.35355
X	84400000	84500000	0.346
X	84500000	84600000	0.36907
X	84600000	84700000	0.34542
X	84700000	84800000	0.3754
X	84800000	84900000	0.37112
X	84900000	85000000	0.37978
X	85000000	85100000	0.37228
X	85100000	85200000	0.37128
X	85200000	85300000	0.36253
X	85300000	85400000	0.35401
X	85400000	85500000	0.37289
X	85500000	85600000	0.36758
X	85600000	85700000	0.37632
X	85700000	85800000	0.36977
X	85800000	85900000	0.37044
X	85900000	86000000	0.36823
X	86000000	86100000	0.38177
X	86100000	86200000	0.37451
X	86200000	86300000	0.36241
X	86300000	86400000	0.36499
X	86400000	86500000	0.35797
X	86500000	86600000	0.35639
X	86600000	86700000	0.35801
X	86700000	86800000	0.35221
X	86800000	86900000	0.35703
X	86900000	87000000	0.36689
X	87000000	87100000	0.34824
X	87100000	87200000	0.35387
X	87200000	87300000	0.35604
X	87300000	87400000	0.36515
X	87400000	87500000	0.36645
X	87500000	87600000	0.35039
X	87600000	87700000	0.37183
X	87700000	87800000	0.35902
X	87800000	87900000	0.36154
X	87900000	88000000	0.36387
X	88000000	88100000	0.35105
X	88100000	88200000	0.36497
X	88200000	88300000	0.3611
X	88300000	88400000	0.36421
X	88400000	88500000	0.35487
X	88500000	88600000	0.35554
X	88600000	88700000	0.34994
X	88700000	88800000	0.3644
X	88800000	88900000	0.35795
X	88900000	89000000	0.35142
X	89000000	89100000	0.35096
X	89100000	89200000	0.35499
X	89200000	89300000	0.36301
X	89300000	89400000	0.34252
X	89400000	89500000	0.34479
X	89500000	89600000	0.37559
X	89600000	89700000	0.35723
X	89700000	89800000	0.35157
X	89800000	89900000	0.35333
X	89900000	90000000	0.36769
X	90000000	90100000	0.35715
X	90100000	90200000	0.35459
X	90200000	90300000	0.36708
X	90300000	90400000	0.35391
X	90400000	90500000	0.35431
X	90500000	90600000	0.34954
X	90600000	90700000	0.3579
X	90700000	90800000	0.35879
X	90800000	90900000	0.36498
X	90900000	91000000	0.36666
X	91000000	91100000	0.37573
X	91100000	91200000	0.35715
X	91200000	91300000	0.35103
X	91300000	91400000	0.36395
X	91400000	91500000	0.35686
X	91500000	91600000	0.35993
X	91600000	91700000	0.37102
X	91700000	91800000	0.37161
X	91800000	91900000	0.3467
X	91900000	92000000	0.35876
X	92000000	92100000	0.36279
X	92100000	92200000	0.37537
X	92200000	92300000	0.37074
X	92300000	92400000	0.34931
X	92400000	92500000	0.34531
X	92500000	92600000	0.35479
X	92600000	92700000	0.36507
X	92700000	92800000	0.36839
X	92800000	92900000	0.36609
X	92900000	93000000	0.34975
X	93000000	93100000	0.36971
X	93100000	93200000	0.36453
X	93200000	93300000	0.36004
X	93300000	93400000	0.34808
X	93400000	93500000	0.38194
X	93500000	93600000	0.37184
X	93600000	93700000	0.3619
X	93700000	93800000	0.35498
X	93800000	93900000	0.35606
X	93900000	94000000	0.37093
X	94000000	94100000	0.37488
X	94100000	94200000	0.35653
X	94200000	94300000	0.3595
X	94300000	94400000	0.36084
X	94400000	94500000	0.35747
X	94500000	94600000	0.34778
X	94600000	94700000	0.35483
X	94700000	94800000	0.37282
X	94800000	94900000	0.3601
X	94900000	95000000	0.36618
X	95000000	95100000	0.34728
X	95100000	95200000	0.35284
X	95200000	95300000	0.35658
X	95300000	95400000	0.36292
X	95400000	95500000	0.35407
X	95500000	95600000	0.35688
X	95600000	95700000	0.36429
X	95700000	95800000	0.36104
X	95800000	95900000	0.36828
X	95900000	96000000	0.36669
X	96000000	96100000	0.35973
X	96100000	96200000	0.35445
X	96200000	96300000	0.37873
X	96300000	96400000	0.36661
X	96400000	96500000	0.38504
X	96500000	96600000	0.37502
X	96600000	96700000	0.40212
X	96700000	96800000	0.36643
X	96800000	96900000	0.36363
X	96900000	97000000	0.34774
X	97000000	97100000	0.35631
X	97100000	97200000	0.36623
X	97200000	97300000	0.38645
X	97300000	97400000	0.38619
X	97400000	97500000	0.37785
X	97500000	97600000	0.37287
X	97600000	97700000	0.38876
X	97700000	97800000	0.38051
X	97800000	97900000	0.38732
X	97900000	98000000	0.37493
X	98000000	98100000	0.36321
X	98100000	98200000	0.35698
X	98200000	98300000	0.37264
X	98300000	98400000	0.37483
X	98400000	98500000	0.36874
X	98500000	98600000	0.37314
X	98600000	98700000	0.36726
X	98700000	98800000	0.35767
X	98800000	98900000	0.36414
X	98900000	99000000	0.35156
X	99000000	99100000	0.35446
X	99100000	99200000	0.36484
X	99200000	99300000	0.36046
X	99300000	99400000	0.36152
X	99400000	99500000	0.35047
X	99500000	99600000	0.35321
X	99600000	99700000	0.3528
X	99700000	99800000	0.3732
X	99800000	99900000	0.36116
X	99900000	100000000	0.36755
X	100000000	100100000	0.37242
X	100100000	100200000	0.37843
X	100200000	100300000	0.39221
X	100300000	100400000	0.39117
X	100400000	100500000	0.41572
X	100500000	100600000	0.39058
X	100600000	100700000	0.41422
X	100700000	100800000	0.40981
X	100800000	100900000	0.40028
X	100900000	101000000	0.4218
X	101000000	101100000	0.4433
X	101100000	101200000	0.4033
X	101200000	101300000	0.42818
X	101300000	101400000	0.4255
X	101400000	101500000	0.42421
X	101500000	101600000	0.39631
X	101600000	101700000	0.40331
X	101700000	101800000	0.37635
X	101800000	101900000	0.40396
X	101900000	102000000	0.38388
X	102000000	102100000	0.38218
X	102100000	102200000	0.40339
X	102200000	102300000	0.40735
X	102300000	102400000	0.43307
X	102400000	102500000	0.4092
X	102500000	102600000	0.3894
X	102600000	102700000	0.39457
X	102700000	102800000	0.40831
X	102800000	102900000	0.39237
X	102900000	103000000	0.40737
X	103000000	103100000	0.40599
X	103100000	103200000	0.41787
X	103200000	103300000	0.39958
X	103300000	103400000	0.38773
X	103400000	103500000	0.40938
X	103500000	103600000	0.38621
X	103600000	103700000	0.40815
X	103700000	103800000	0.4541
X	103800000	103900000	0.38592
X	103900000	104000000	0.42398
X	104000000	104100000	0.43103
X	104100000	104200000	0.40913
X	104200000	104300000	0.42514
X	104300000	104400000	0.41837
X	104400000	104500000	0.39875
X	104500000	104600000	0.38438
X	104600000	104700000	0.3896
X	104700000	104800000	0.37366
X	104800000	104900000	0.38428
X	104900000	105000000	0.37646
X	105000000	105100000	0.37769
X	105100000	105200000	0.38118
X	105200000	105300000	0.3861
X	105300000	105400000	0.36743
X	105400000	105500000	0.35604
X	105500000	105600000	0.35527
X	105600000	105700000	0.37123
X	105700000	105800000	0.37097
X	105800000	105900000	0.37227
X	105900000	106000000	0.36465
X	106000000	106100000	0.38978
X	106100000	106200000	0.38393
X	106200000	106300000	0.37379
X	106300000	106400000	0.38195
X	106400000	106500000	0.3969
X	106500000	106600000	0.36112
X	106600000	106700000	0.35734
X	106700000	106800000	0.36728
X	106800000	106900000	0.37469
X	106900000	107000000	0.41905
X	107000000	107100000	0.38506
X	107100000	107200000	0.37059
X	107200000	107300000	0.38397
X	107300000	107400000	0.4113
X	107400000	107500000	0.43417
X	107500000	107600000	0.44994
X	107600000	107700000	0.45525
X	107700000	107800000	0.46751
X	107800000	107900000	0.40879
X	107900000	108000000	0.4027
X	108000000	108100000	0.39439
X	108100000	108200000	0.42741
X	108200000	108300000	0.40491
X	108300000	108400000	0.38404
X	108400000	108500000	0.36949
X	108500000	108600000	0.35608
X	108600000	108700000	0.35501
X	108700000	108800000	0.35726
X	108800000	108900000	0.37136
X	108900000	109000000	0.37346
X	109000000	109100000	0.3746
X	109100000	109200000	0.37511
X	109200000	109300000	0.3833
X	109300000	109400000	0.40582
X	109400000	109500000	0.39194
X	109500000	109600000	0.38345
X	109600000	109700000	0.39613
X	109700000	109800000	0.39985
X	109800000	109900000	0.41622
X	109900000	110000000	0.41464
X	110000000	110100000	0.40713
X	110100000	110200000	0.4311
X	110200000	110300000	0.36584
X	110300000	110400000	0.38669
X	110400000	110500000	0.42608
X	110500000	110600000	0.38602
X	110600000	110700000	0.39773
X	110700000	110800000	0.39164
X	110800000	110900000	0.39614
X	110900000	111000000	0.40014
X	111000000	111100000	0.39768
X	111100000	111200000	0.38077
X	111200000	111300000	0.39957
X	111300000	111400000	0.39138
X	111400000	111500000	0.37998
X	111500000	111600000	0.37772
X	111600000	111700000	0.38062
X	111700000	111800000	0.37218
X	111800000	111900000	0.40854
X	111900000	112000000	0.39775
X	112000000	112100000	0.40358
X	112100000	112200000	0.38027
X	112200000	112300000	0.38891
X	112300000	112400000	0.38367
X	112400000	112500000	0.37857
X	112500000	112600000	0.39436
X	112600000	112700000	0.39608
X	112700000	112800000	0.40016
X	112800000	112900000	0.41631
X	112900000	113000000	0.38483
X	113000000	113100000	0.36864
X	113100000	113200000	0.37879
X	113200000	113300000	0.3722
X	113300000	113400000	0.36676
X	113400000	113500000	0.37246
X	113500000	113600000	0.36124
X	113600000	113700000	0.355
X	113700000	113800000	0.37691
X	113800000	113900000	0.37388
X	113900000	114000000	0.37244
X	114000000	114100000	0.38923
X	114100000	114200000	0.36403
X	114200000	114300000	0.3616468385920836
X	114300000	114400000	0.35083282462719106
X	114400000	114500000	0.35122
X	114500000	114600000	0.35786
X	114600000	114700000	0.34953
X	114700000	114800000	0.35707
X	114800000	114900000	0.34133
X	114900000	115000000	0.38325
X	115000000	115100000	0.38282
X	115100000	115200000	0.36561
X	115200000	115300000	0.38317
X	115300000	115400000	0.39635
X	115400000	115500000	0.39073
X	115500000	115600000	0.40159
X	115600000	115700000	0.40385
X	115700000	115800000	0.49189966366273846
X	115800000	115900000	0.5936675893924751
X	115900000	116000000	0.41858
X	116000000	116100000	0.36858
X	116100000	116200000	0.36354
X	116200000	116300000	0.36873
X	116300000	116400000	0.37
X	116400000	116500000	0.35661
X	116500000	116600000	0.35508655747191104
X	116600000	116700000	0.36178
X	116700000	116800000	0.37371
X	116800000	116900000	0.36303
X	116900000	117000000	0.3733
X	117000000	117100000	0.36255
X	117100000	117200000	0.36885
X	117200000	117300000	0.37383
X	117300000	117400000	0.38016
X	117400000	117500000	0.37627
X	117500000	117600000	0.37486
X	117600000	117700000	0.38095
X	117700000	117800000	0.38499
X	117800000	117900000	0.38353
X	117900000	118000000	0.35367
X	118000000	118100000	0.37215
X	118100000	118200000	0.40084
X	118200000	118300000	0.40316
X	118300000	118400000	0.3936
X	118400000	118500000	0.41668
X	118500000	118600000	0.40808
X	118600000	118700000	0.384
X	118700000	118800000	0.41817
X	118800000	118900000	0.43237
X	118900000	119000000	0.44131
X	119000000	119100000	0.42428
X	119100000	119200000	0.42816
X	119200000	119300000	0.41437
X	119300000	119400000	0.42955
X	119400000	119500000	0.45395
X	119500000	119600000	0.43753
X	119600000	119700000	0.47345
X	119700000	119800000	0.47295
X	119800000	119900000	0.44698
X	119900000	120000000	0.42985
X	120000000	120100000	0.43495
X	120100000	120200000	0.42626
X	120200000	120300000	0.41253
X	120300000	120400000	0.41057
X	120400000	120500000	0.40475
X	120500000	120600000	0.39604
X	120600000	120700000	0.40778
X	120700000	120800000	0.4079
X	120800000	120900000	0.40553784910746904
X	120900000	121000000	0.466432546481825
X	121000000	121100000	0.3864
X	121100000	121200000	0.39214
X	121200000	121300000	0.37516
X	121300000	121400000	0.38123
X	121400000	121500000	0.37144
X	121500000	121600000	0.35485
X	121600000	121700000	0.36108
X	121700000	121800000	0.35931
X	121800000	121900000	0.36365
X	121900000	122000000	0.35807
X	122000000	122100000	0.3706
X	122100000	122200000	0.36307
X	122200000	122300000	0.36569
X	122300000	122400000	0.37412
X	122400000	122500000	0.35807
X	122500000	122600000	0.37318
X	122600000	122700000	0.36767
X	122700000	122800000	0.36761
X	122800000	122900000	0.37086
X	122900000	123000000	0.37745
X	123000000	123100000	0.3777
X	123100000	123200000	0.39017
X	123200000	123300000	0.39683
X	123300000	123400000	0.38664
X	123400000	123500000	0.3898
X	123500000	123600000	0.39581
X	123600000	123700000	0.37617
X	123700000	123800000	0.42844
X	123800000	123900000	0.45292
X	123900000	124000000	0.41669
X	124000000	124100000	0.36509
X	124100000	124200000	0.41131
X	124200000	124300000	0.39817
X	124300000	124400000	0.38126
X	124400000	124500000	0.39165
X	124500000	124600000	0.37704
X	124600000	124700000	0.36275
X	124700000	124800000	0.36722
X	124800000	124900000	0.36055
X	124900000	125000000	0.36633
X	125000000	125100000	0.35907
X	125100000	125200000	0.36855
X	125200000	125300000	0.35909
X	125300000	125400000	0.3901
X	125400000	125500000	0.35439
X	125500000	125600000	0.35891
X	125600000	125700000	0.37604
X	125700000	125800000	0.36612
X	125800000	125900000	0.36099
X	125900000	126000000	0.35896
X	126000000	126100000	0.3599
X	126100000	126200000	0.36893
X	126200000	126300000	0.36493
X	126300000	126400000	0.34939
X	126400000	126500000	0.35885
X	126500000	126600000	0.36089
X	126600000	126700000	0.3551
X	126700000	126800000	0.35322
X	126800000	126900000	0.36949
X	126900000	127000000	0.35725
X	127000000	127100000	0.34828
X	127100000	127200000	0.35772
X	127200000	127300000	0.36818
X	127300000	127400000	0.36091
X	127400000	127500000	0.35174
X	127500000	127600000	0.35584
X	127600000	127700000	0.35658
X	127700000	127800000	0.34034
X	127800000	127900000	0.35487
X	127900000	128000000	0.35303
X	128000000	128100000	0.34976
X	128100000	128200000	0.35656
X	128200000	128300000	0.34662
X	128300000	128400000	0.35591
X	128400000	128500000	0.37469
X	128500000	128600000	0.37418
X	128600000	128700000	0.3887
X	128700000	128800000	0.37958
X	128800000	128900000	0.37912
X	128900000	129000000	0.3905
X	129000000	129100000	0.4025
X	129100000	129200000	0.38578
X	129200000	129300000	0.39014
X	129300000	129400000	0.38901
X	129400000	129500000	0.3719
X	129500000	129600000	0.40372
X	129600000	129700000	0.47033
X	129700000	129800000	0.48393
X	129800000	129900000	0.43344
X	129900000	130000000	0.48688
X	130000000	130100000	0.50838
X	130100000	130200000	0.4686
X	130200000	130300000	0.39559
X	130300000	130400000	0.39842
X	130400000	130500000	0.40434
X	130500000	130600000	0.41439
X	130600000	130700000	0.39776
X	130700000	130800000	0.39118
X	130800000	130900000	0.37705
X	130900000	131000000	0.39382
X	131000000	131100000	0.42304
X	131100000	131200000	0.37176
X	131200000	131300000	0.41136
X	131300000	131400000	0.37826
X	131400000	131500000	0.37975
X	131500000	131600000	0.3828
X	131600000	131700000	0.39648
X	131700000	131800000	0.41203
X	131800000	131900000	0.38796
X	131900000	132000000	0.38694
X	132000000	132100000	0.37995
X	132100000	132200000	0.40061
X	132200000	132300000	0.39693
X	132300000	132400000	0.37427
X	132400000	132500000	0.37496
X	132500000	132600000	0.37034
X	132600000	132700000	0.41325
X	132700000	132800000	0.41704
X	132800000	132900000	0.40281
X	132900000	133000000	0.41683
X	133000000	133100000	0.40485
X	133100000	133200000	0.40805
X	133200000	133300000	0.43058
X	133300000	133400000	0.40541
X	133400000	133500000	0.44916
X	133500000	133600000	0.42099
X	133600000	133700000	0.39832
X	133700000	133800000	0.38958
X	133800000	133900000	0.38967
X	133900000	134000000	0.40098
X	134000000	134100000	0.4075
X	134100000	134200000	0.39613
X	134200000	134300000	0.40655
X	134300000	134400000	0.37931
X	134400000	134500000	0.39637
X	134500000	134600000	0.43096
X	134600000	134700000	0.42768
X	134700000	134800000	0.41051
X	134800000	134900000	0.40844
X	134900000	135000000	0.44059
X	135000000	135100000	0.42697
X	135100000	135200000	0.41272
X	135200000	135300000	0.41385
X	135300000	135400000	0.41167
X	135400000	135500000	0.42618
X	135500000	135600000	0.39221
X	135600000	135700000	0.42032
X	135700000	135800000	0.42097
X	135800000	135900000	0.42732
X	135900000	136000000	0.41658
X	136000000	136100000	0.42098
X	136100000	136200000	0.41452
X	136200000	136300000	0.42497
X	136300000	136400000	0.38885
X	136400000	136500000	0.41295
X	136500000	136600000	0.4024
X	136600000	136700000	0.41114
X	136700000	136800000	0.39579
X	136800000	136900000	0.42361
X	136900000	137000000	0.42294
X	137000000	137100000	0.42509
X	137100000	137200000	0.39087
X	137200000	137300000	0.385
X	137300000	137400000	0.39177
X	137400000	137500000	0.41434
X	137500000	137600000	0.43007
X	137600000	137700000	0.38878
X	137700000	137800000	0.4017
X	137800000	137900000	0.38232
X	137900000	138000000	0.39443
X	138000000	138100000	0.3865
X	138100000	138200000	0.37192
X	138200000	138300000	0.39982
X	138300000	138400000	0.37218
X	138400000	138500000	0.3866
X	138500000	138600000	0.35593
X	138600000	138700000	0.36609
X	138700000	138800000	0.39349
X	138800000	138900000	0.39338
X	138900000	139000000	0.39137
X	139000000	139100000	0.38513
X	139100000	139200000	0.4011
X	139200000	139300000	0.40169
X	139300000	139400000	0.37668
X	139400000	139500000	0.39319
X	139500000	139600000	0.37531
X	139600000	139700000	0.37763
X	139700000	139800000	0.38295
X	139800000	139900000	0.39394
X	139900000	140000000	0.42087
X	140000000	140100000	0.40687
X	140100000	140200000	0.39634
X	140200000	140300000	0.38286
X	140300000	140400000	0.38482
X	140400000	140500000	0.40534
X	140500000	140600000	0.40741
X	140600000	140700000	0.39043
X	140700000	140800000	0.3966
X	140800000	140900000	0.39017
X	140900000	141000000	0.39327
X	141000000	141100000	0.40032
X	141100000	141200000	0.39468
X	141200000	141300000	0.39113
X	141300000	141400000	0.3721
X	141400000	141500000	0.38178
X	141500000	141600000	0.39921
X	141600000	141700000	0.382
X	141700000	141800000	0.35878
X	141800000	141900000	0.38414
X	141900000	142000000	0.38575
X	142000000	142100000	0.3751
X	142100000	142200000	0.38771
X	142200000	142300000	0.40072
X	142300000	142400000	0.38039
X	142400000	142500000	0.36984
X	142500000	142600000	0.36918
X	142600000	142700000	0.36657
X	142700000	142800000	0.36557
X	142800000	142900000	0.3653
X	142900000	143000000	0.3709
X	143000000	143100000	0.37964
X	143100000	143200000	0.3627
X	143200000	143300000	0.37039
X	143300000	143400000	0.36393
X	143400000	143500000	0.37132
X	143500000	143600000	0.4025
X	143600000	143700000	0.36882
X	143700000	143800000	0.39275
X	143800000	143900000	0.34931
X	143900000	144000000	0.36526
X	144000000	144100000	0.36092
X	144100000	144200000	0.35366
X	144200000	144300000	0.36487
X	144300000	144400000	0.37157
X	144400000	144500000	0.3458
X	144500000	144600000	0.36026
X	144600000	144700000	0.35892
X	144700000	144800000	0.37791
X	144800000	144900000	0.35511
X	144900000	145000000	0.37579
X	145000000	145100000	0.36623
X	145100000	145200000	0.37012
X	145200000	145300000	0.37973
X	145300000	145400000	0.36853
X	145400000	145500000	0.36918
X	145500000	145600000	0.38195
X	145600000	145700000	0.38119
X	145700000	145800000	0.38406
X	145800000	145900000	0.39259
X	145900000	146000000	0.37093
X	146000000	146100000	0.39228
X	146100000	146200000	0.39455
X	146200000	146300000	0.38703
X	146300000	146400000	0.37647
X	146400000	146500000	0.36989
X	146500000	146600000	0.36231
X	146600000	146700000	0.36893
X	146700000	146800000	0.37071
X	146800000	146900000	0.3669
X	146900000	147000000	0.35585
X	147000000	147100000	0.3641
X	147100000	147200000	0.36975
X	147200000	147300000	0.38495
X	147300000	147400000	0.36968
X	147400000	147500000	0.3665
X	147500000	147600000	0.36532
X	147600000	147700000	0.37547
X	147700000	147800000	0.38208
X	147800000	147900000	0.3874
X	147900000	148000000	0.39289
X	148000000	148100000	0.38054
X	148100000	148200000	0.3825
X	148200000	148300000	0.39355
X	148300000	148400000	0.39516
X	148400000	148500000	0.38547
X	148500000	148600000	0.38758
X	148600000	148700000	0.38531
X	148700000	148800000	0.38156
X	148800000	148900000	0.38844
X	148900000	149000000	0.40064
X	149000000	149100000	0.40202
X	149100000	149200000	0.38941
X	149200000	149300000	0.40166
X	149300000	149400000	0.40259
X	149400000	149500000	0.40805
X	149500000	149600000	0.48336
X	149600000	149700000	0.42977
X	149700000	149800000	0.45655
X	149800000	149900000	0.41449
X	149900000	150000000	0.42632
X	150000000	150100000	0.39866
X	150100000	150200000	0.41936
X	150200000	150300000	0.4429
X	150300000	150400000	0.46148
X	150400000	150500000	0.43713
X	150500000	150600000	0.45024
X	150600000	150700000	0.41232
X	150700000	150800000	0.43403
X	150800000	150900000	0.42192
X	150900000	151000000	0.47874
X	151000000	151100000	0.42031
X	151100000	151200000	0.41699
X	151200000	151300000	0.39738
X	151300000	151400000	0.41117
X	151400000	151500000	0.39106
X	151500000	151600000	0.41588
X	151600000	151700000	0.40825
X	151700000	151800000	0.47288
X	151800000	151900000	0.40652
X	151900000	152000000	0.44977
X	152000000	152100000	0.36743
X	152100000	152200000	0.41181
X	152200000	152300000	0.37928
X	152300000	152400000	0.37229
X	152400000	152500000	0.36503
X	152500000	152600000	0.38893
X	152600000	152700000	0.43353
X	152700000	152800000	0.45787
X	152800000	152900000	0.46658
X	152900000	153000000	0.51005
X	153000000	153100000	0.48227
X	153100000	153200000	0.45158
X	153200000	153300000	0.42972
X	153300000	153400000	0.4808
X	153400000	153500000	0.55999
X	153500000	153600000	0.57957
X	153600000	153700000	0.5442
X	153700000	153800000	0.56789
X	153800000	153900000	0.53271
X	153900000	154000000	0.56555
X	154000000	154100000	0.48948
X	154100000	154200000	0.49112
X	154200000	154300000	0.50418
X	154300000	154400000	0.56331
X	154400000	154500000	0.561
X	154500000	154600000	0.52825
X	154600000	154700000	0.47415
X	154700000	154800000	0.42534
X	154800000	154900000	0.41052
X	154900000	155000000	0.3848
X	155000000	155100000	0.39987
X	155100000	155200000	0.38044
X	155200000	155300000	0.38593
X	155300000	155400000	0.402
X	155400000	155500000	0.40057
X	155500000	155600000	0.37774
X	155600000	155700000	0.36761
X	155700000	155800000	0.37397
X	155800000	155900000	0.38623
X	155900000	156000000	0.41067
X	156000000	156040895	0.5520958083832336
Y	0	100000	0.51865
Y	100000	200000	0.4925452451950046
Y	200000	300000	0.5464107554879543
Y	300000	400000	0.5751
Y	400000	500000	0.50516
Y	500000	600000	0.45225
Y	600000	700000	0.49221
Y	700000	800000	0.45651
Y	800000	900000	0.43595
Y	900000	1000000	0.45468
Y	1000000	1100000	0.47276
Y	1100000	1200000	0.46683
Y	1200000	1300000	0.49611
Y	1300000	1400000	0.53731
Y	1400000	1500000	0.50742
Y	1500000	1600000	0.47779
Y	1600000	1700000	0.49352
Y	1700000	1800000	0.45103
Y	1800000	1900000	0.46099
Y	1900000	2000000	0.4436518390921066
Y	2000000	2100000	
Y	2100000	2200000	0.45505634771171494
Y	2200000	2300000	0.48027
Y	2300000	2400000	0.4631
Y	2400000	2500000	0.46543
Y	2500000	2600000	0.46285
Y	2600000	2700000	0.45635
Y	2700000	2800000	0.45047
Y	2800000	2900000	0.40734
Y	2900000	3000000	0.38036
Y	3000000	3100000	0.37569
Y	3100000	3200000	0.34742
Y	3200000	3300000	0.37614
Y	3300000	3400000	0.34993
Y	3400000	3500000	0.36272
Y	3500000	3600000	0.35243
Y	3600000	3700000	0.36781
Y	3700000	3800000	0.36028
Y	3800000	3900000	0.35751
Y	3900000	4000000	0.35603
Y	4000000	4100000	0.35339
Y	4100000	4200000	0.3459
Y	4200000	4300000	0.36616
Y	4300000	4400000	0.35276
Y	4400000	4500000	0.36214
Y	4500000	4600000	0.37124
Y	4600000	4700000	0.35589
Y	4700000	4800000	0.35892
Y	4800000	4900000	0.36756
Y	4900000	5000000	0.36902
Y	5000000	5100000	0.35477
Y	5100000	5200000	0.35422
Y	5200000	5300000	0.36683
Y	5300000	5400000	0.37437
Y	5400000	5500000	0.35074
Y	5500000	5600000	0.34367
Y	5600000	5700000	0.35354
Y	5700000	5800000	0.35639
Y	5800000	5900000	0.37229
Y	5900000	6000000	0.36837
Y	6000000	6100000	0.34882
Y	6100000	6200000	0.3687
Y	6200000	6300000	0.40264
Y	6300000	6400000	0.41807
Y	6400000	6500000	0.44614
Y	6500000	6600000	0.35966
Y	6600000	6700000	0.3557
Y	6700000	6800000	0.36542
Y	6800000	6900000	0.38401
Y	6900000	7000000	0.43857
Y	7000000	7100000	0.43096
Y	7100000	7200000	0.42385
Y	7200000	7300000	0.44213
Y	7300000	7400000	0.43258
Y	7400000	7500000	0.40054
Y	7500000	7600000	0.40467
Y	7600000	7700000	0.40159
Y	7700000	7800000	0.41018
Y	7800000	7900000	0.40362
Y	7900000	8000000	0.39345
Y	8000000	8100000	0.3997
Y	8100000	8200000	0.37216
Y	8200000	8300000	0.38461
Y	8300000	8400000	0.39997
Y	8400000	8500000	0.39507
Y	8500000	8600000	0.44701
Y	8600000	8700000	0.45334
Y	8700000	8800000	0.43689
Y	8800000	8900000	0.37309
Y	8900000	9000000	0.40745
Y	9000000	9100000	0.4383156358920321
Y	9100000	9200000	0.38021968198630063
Y	9200000	9300000	0.41446
Y	9300000	9400000	0.45174
Y	9400000	9500000	0.46036
Y	9500000	9600000	0.42565
Y	9600000	9700000	0.39485
Y	9700000	9800000	0.46053
Y	9800000	9900000	0.39581
Y	9900000	10000000	0.39157
Y	10000000	10100000	0.40478
Y	10100000	10200000	0.43097
Y	10200000	10300000	0.37396928776290633
Y	10300000	10400000	0.36911240608745904
Y	10400000	10500000	0.36885
Y	10500000	10600000	0.36938
Y	10600000	10700000	0.41993769470404985
Y	10700000	10800000	0.4483982575336572
Y	10800000	10900000	0.44780795574857934
Y	10900000	11000000	0.46069572595185065
Y	11000000	11100000	0.48364841486545634
Y	11100000	11200000	0.44514
Y	11200000	11300000	0.38938
Y	11300000	11400000	0.42211
Y	11400000	11500000	0.41049
Y	11500000	11600000	0.3770640029278164
Y	11600000	11700000	0.3749770549579647
Y	11700000	11800000	0.38906
Y	11800000	11900000	0.42169
Y	11900000	12000000	0.41412
Y	12000000	12100000	0.3966
Y	12100000	12200000	0.40326
Y	12200000	12300000	0.42146
Y	12300000	12400000	0.45031
Y	12400000	12500000	0.43942
Y	12500000	12600000	0.41425
Y	12600000	12700000	0.40017
Y	12700000	12800000	0.36795
Y	12800000	12900000	0.38106
Y	12900000	13000000	0.39019
Y	13000000	13100000	0.37842
Y	13100000	13200000	0.38284
Y	13200000	13300000	0.3856
Y	13300000	13400000	0.36913
Y	13400000	13500000	0.37765
Y	13500000	13600000	0.38694
Y	13600000	13700000	0.4065
Y	13700000	13800000	0.40769
Y	13800000	13900000	0.39849
Y	13900000	14000000	0.38949
Y	14000000	14100000	0.39538
Y	14100000	14200000	0.37712
Y	14200000	14300000	0.37894
Y	14300000	14400000	0.40122
Y	14400000	14500000	0.3833
Y	14500000	14600000	0.41257
Y	14600000	14700000	0.38398
Y	14700000	14800000	0.36948
Y	14800000	14900000	0.38199
Y	14900000	15000000	0.37356
Y	15000000	15100000	0.37434
Y	15100000	15200000	0.37715
Y	15200000	15300000	0.40221
Y	15300000	15400000	0.41365
Y	15400000	15500000	0.40866
Y	15500000	15600000	0.39741
Y	15600000	15700000	0.38612
Y	15700000	15800000	0.38024
Y	15800000	15900000	0.38055
Y	15900000	16000000	0.37266
Y	16000000	16100000	0.3854
Y	16100000	16200000	0.38442
Y	16200000	16300000	0.37957
Y	16300000	16400000	0.38171
Y	16400000	16500000	0.36833
Y	16500000	16600000	0.35923
Y	16600000	16700000	0.37671
Y	16700000	16800000	0.36485
Y	16800000	16900000	0.3761
Y	16900000	17000000	0.3858
Y	17000000	17100000	0.40136
Y	17100000	17200000	0.3876
Y	17200000	17300000	0.35774
Y	17300000	17400000	0.38654
Y	17400000	17500000	0.38571
Y	17500000	17600000	0.43233
Y	17600000	17700000	0.40814
Y	17700000	17800000	0.36908
Y	17800000	17900000	0.38714
Y	17900000	18000000	0.38218
Y	18000000	18100000	0.38856
Y	18100000	18200000	0.37132
Y	18200000	18300000	0.40787
Y	18300000	18400000	0.43162
Y	18400000	18500000	0.3765
Y	18500000	18600000	0.38098
Y	18600000	18700000	0.38755
Y	18700000	18800000	0.38515
Y	18800000	18900000	0.36838
Y	18900000	19000000	0.39297
Y	19000000	19100000	0.41668
Y	19100000	19200000	0.40341
Y	19200000	19300000	0.38866
Y	19300000	19400000	0.35849
Y	19400000	19500000	0.39868
Y	19500000	19600000	0.38942
Y	19600000	19700000	0.38
Y	19700000	19800000	0.37872
Y	19800000	19900000	0.37899
Y	19900000	20000000	0.36911
Y	20000000	20100000	0.39748
Y	20100000	20200000	0.42921
Y	20200000	20300000	0.43256
Y	20300000	20400000	0.3892
Y	20400000	20500000	0.37284
Y	20500000	20600000	0.38625
Y	20600000	20700000	0.3838
Y	20700000	20800000	0.41562
Y	20800000	20900000	0.38514
Y	20900000	21000000	0.39411
Y	21000000	21100000	0.41791
Y	21100000	21200000	0.38632
Y	21200000	21300000	0.3687
Y	21300000	21400000	0.37506
Y	21400000	21500000	0.39585
Y	21500000	21600000	0.43292
Y	21600000	21700000	0.38572
Y	21700000	21800000	0.3831448604068243
Y	21800000	21900000	0.4393733041945122
Y	21900000	22000000	0.39448
Y	22000000	22100000	0.38692
Y	22100000	22200000	0.43586
Y	22200000	22300000	0.37192
Y	22300000	22400000	0.38206
Y	22400000	22500000	0.44253
Y	22500000	22600000	0.38144
Y	22600000	22700000	0.38825
Y	22700000	22800000	0.38809
Y	22800000	22900000	0.40103
Y	22900000	23000000	0.41908
Y	23000000	23100000	0.41094
Y	23100000	23200000	0.3635
Y	23200000	23300000	0.36326
Y	23300000	23400000	0.39833
Y	23400000	23500000	0.38244
Y	23500000	23600000	0.38827
Y	23600000	23700000	0.38328
Y	23700000	23800000	0.37121
Y	23800000	23900000	0.38044
Y	23900000	24000000	0.36221
Y	24000000	24100000	0.37784
Y	24100000	24200000	0.42834
Y	24200000	24300000	0.43137
Y	24300000	24400000	0.41194
Y	24400000	24500000	0.40002
Y	24500000	24600000	0.41052
Y	24600000	24700000	0.40833
Y	24700000	24800000	0.38542
Y	24800000	24900000	0.36776
Y	24900000	25000000	0.39919
Y	25000000	25100000	0.41578
Y	25100000	25200000	0.4032
Y	25200000	25300000	0.39701
Y	25300000	25400000	0.42031
Y	25400000	25500000	0.45977
Y	25500000	25600000	0.38663
Y	25600000	25700000	0.37862
Y	25700000	25800000	0.36661
Y	25800000	25900000	0.37734
Y	25900000	26000000	0.37711
Y	26000000	26100000	0.37765
Y	26100000	26200000	0.39033
Y	26200000	26300000	0.38234
Y	26300000	26400000	0.38651
Y	26400000	26500000	0.38951
Y	26500000	26600000	0.38885
Y	26600000	26700000	0.42118993635097113
Y	26700000	26800000	
Y	26800000	26900000	
Y	26900000	27000000	
Y	27000000	27100000	
Y	27100000	27200000	
Y	27200000	27300000	
Y	27300000	27400000	
Y	27400000	27500000	
Y	27500000	27600000	
Y	27600000	27700000	
Y	27700000	27800000	
Y	27800000	27900000	
Y	27900000	28000000	
Y	28000000	28100000	
Y	28100000	28200000	
Y	28200000	28300000	
Y	28300000	28400000	
Y	28400000	28500000	
Y	28500000	28600000	
Y	28600000	28700000	
Y	28700000	28800000	
Y	28800000	28900000	
Y	28900000	29000000	
Y	29000000	29100000	
Y	29100000	29200000	
Y	29200000	29300000	
Y	29300000	29400000	
Y	29400000	29500000	
Y	29500000	29600000	
Y	29600000	29700000	
Y	29700000	29800000	
Y	29800000	29900000	
Y	29900000	30000000	
Y	30000000	30100000	
Y	30100000	30200000	
Y	30200000	30300000	
Y	30300000	30400000	
Y	30400000	30500000	
Y	30500000	30600000	
Y	30600000	30700000	
Y	30700000	30800000	
Y	30800000	30900000	
Y	30900000	31000000	
Y	31000000	31100000	
Y	31100000	31200000	
Y	31200000	31300000	
Y	31300000	31400000	
Y	31400000	31500000	
Y	31500000	31600000	
Y	31600000	31700000	
Y	31700000	31800000	
Y	31800000	31900000	
Y	31900000	32000000	
Y	32000000	32100000	
Y	32100000	32200000	
Y	32200000	32300000	
Y	32300000	32400000	
Y	32400000	32500000	
Y	32500000	32600000	
Y	32600000	32700000	
Y	32700000	32800000	
Y	32800000	32900000	
Y	32900000	33000000	
Y	33000000	33100000	
Y	33100000	33200000	
Y	33200000	33300000	
Y	33300000	33400000	
Y	33400000	33500000	
Y	33500000	33600000	
Y	33600000	33700000	
Y	33700000	33800000	
Y	33800000	33900000	
Y	33900000	34000000	
Y	34000000	34100000	
Y	34100000	34200000	
Y	34200000	34300000	
Y	34300000	34400000	
Y	34400000	34500000	
Y	34500000	34600000	
Y	34600000	34700000	
Y	34700000	34800000	
Y	34800000	34900000	
Y	34900000	35000000	
Y	35000000	35100000	
Y	35100000	35200000	
Y	35200000	35300000	
Y	35300000	35400000	
Y	35400000	35500000	
Y	35500000	35600000	
Y	35600000	35700000	
Y	35700000	35800000	
Y	35800000	35900000	
Y	35900000	36000000	
Y	36000000	36100000	
Y	36100000	36200000	
Y	36200000	36300000	
Y	36300000	36400000	
Y	36400000	36500000	
Y	36500000	36600000	
Y	36600000	36700000	
Y	36700000	36800000	
Y	36800000	36900000	
Y	36900000	37000000	
Y	37000000	37100000	
Y	37100000	37200000	
Y	37200000	37300000	
Y	37300000	37400000	
Y	37400000	37500000	
Y	37500000	37600000	
Y	37600000	37700000	
Y	37700000	37800000	
Y	37800000	37900000	
Y	37900000	38000000	
Y	38000000	38100000	
Y	38100000	38200000	
Y	38200000	38300000	
Y	38300000	38400000	
Y	38400000	38500000	
Y	38500000	38600000	
Y	38600000	38700000	
Y	38700000	38800000	
Y	38800000	38900000	
Y	38900000	39000000	
Y	39000000	39100000	
Y	39100000	39200000	
Y	39200000	39300000	
Y	39300000	39400000	
Y	39400000	39500000	
Y	39500000	39600000	
Y	39600000	39700000	
Y	39700000	39800000	
Y	39800000	39900000	
Y	39900000	40000000	
Y	40000000	40100000	
Y	40100000	40200000	
Y	40200000	40300000	
Y	40300000	40400000	
Y	40400000	40500000	
Y	40500000	40600000	
Y	40600000	40700000	
Y	40700000	40800000	
Y	40800000	40900000	
Y	40900000	41000000	
Y	41000000	41100000	
Y	41100000	41200000	
Y	41200000	41300000	
Y	41300000	41400000	
Y	41400000	41500000	
Y	41500000	41600000	
Y	41600000	41700000	
Y	41700000	41800000	
Y	41800000	41900000	
Y	41900000	42000000	
Y	42000000	42100000	
Y	42100000	42200000	
Y	42200000	42300000	
Y	42300000	42400000	
Y	42400000	42500000	
Y	42500000	42600000	
Y	42600000	42700000	
Y	42700000	42800000	
Y	42800000	42900000	
Y	42900000	43000000	
Y	43000000	43100000	
Y	43100000	43200000	
Y	43200000	43300000	
Y	43300000	43400000	
Y	43400000	43500000	
Y	43500000	43600000	
Y	43600000	43700000	
Y	43700000	43800000	
Y	43800000	43900000	
Y	43900000	44000000	
Y	44000000	44100000	
Y	44100000	44200000	
Y	44200000	44300000	
Y	44300000	44400000	
Y	44400000	44500000	
Y	44500000	44600000	
Y	44600000	44700000	
Y	44700000	44800000	
Y	44800000	44900000	
Y	44900000	45000000	
Y	45000000	45100000	
Y	45100000	45200000	
Y	45200000	45300000	
Y	45300000	45400000	
Y	45400000	45500000	
Y	45500000	45600000	
Y	45600000	45700000	
Y	45700000	45800000	
Y	45800000	45900000	
Y	45900000	46000000	
Y	46000000	46100000	
Y	46100000	46200000	
Y	46200000	46300000	
Y	46300000	46400000	
Y	46400000	46500000	
Y	46500000	46600000	
Y	46600000	46700000	
Y	46700000	46800000	
Y	46800000	46900000	
Y	46900000	47000000	
Y	47000000	47100000	
Y	47100000	47200000	
Y	47200000	47300000	
Y	47300000	47400000	
Y	47400000	47500000	
Y	47500000	47600000	
Y	47600000	47700000	
Y	47700000	47800000	
Y	47800000	47900000	
Y	47900000	48000000	
Y	48000000	48100000	
Y	48100000	48200000	
Y	48200000	48300000	
Y	48300000	48400000	
Y	48400000	48500000	
Y	48500000	48600000	
Y	48600000	48700000	
Y	48700000	48800000	
Y	48800000	48900000	
Y	48900000	49000000	
Y	49000000	49100000	
Y	49100000	49200000	
Y	49200000	49300000	
Y	49300000	49400000	
Y	49400000	49500000	
Y	49500000	49600000	
Y	49600000	49700000	
Y	49700000	49800000	
Y	49800000	49900000	
Y	49900000	50000000	
Y	50000000	50100000	
Y	50100000	50200000	
Y	50200000	50300000	
Y	50300000	50400000	
Y	50400000	50500000	
Y	50500000	50600000	
Y	50600000	50700000	
Y	50700000	50800000	
Y	50800000	50900000	
Y	50900000	51000000	
Y	51000000	51100000	
Y	51100000	51200000	
Y	51200000	51300000	
Y	51300000	51400000	
Y	51400000	51500000	
Y	51500000	51600000	
Y	51600000	51700000	
Y	51700000	51800000	
Y	51800000	51900000	
Y	51900000	52000000	
Y	52000000	52100000	
Y	52100000	52200000	
Y	52200000	52300000	
Y	52300000	52400000	
Y	52400000	52500000	
Y	52500000	52600000	
Y	52600000	52700000	
Y	52700000	52800000	
Y	52800000	52900000	
Y	52900000	53000000	
Y	53000000	53100000	
Y	53100000	53200000	
Y	53200000	53300000	
Y	53300000	53400000	
Y	53400000	53500000	
Y	53500000	53600000	
Y	53600000	53700000	
Y	53700000	53800000	
Y	53800000	53900000	
Y	53900000	54000000	
Y	54000000	54100000	
Y	54100000	54200000	
Y	54200000	54300000	
Y	54300000	54400000	
Y	54400000	54500000	
Y	54500000	54600000	
Y	54600000	54700000	
Y	54700000	54800000	
Y	54800000	54900000	
Y	54900000	55000000	
Y	55000000	55100000	
Y	55100000	55200000	
Y	55200000	55300000	
Y	55300000	55400000	
Y	55400000	55500000	
Y	55500000	55600000	
Y	55600000	55700000	
Y	55700000	55800000	
Y	55800000	55900000	
Y	55900000	56000000	
Y	56000000	56100000	
Y	56100000	56200000	
Y	56200000	56300000	
Y	56300000	56400000	
Y	56400000	56500000	
Y	56500000	56600000	
Y	56600000	56700000	0.38964384379899947
Y	56700000	56800000	0.38899998601574626
Y	56800000	56900000	0.40633958033405104
Y	56900000	57000000	0.38281
Y	57000000	57100000	0.38392
Y	57100000	57200000	0.43338
Y	57200000	57227415	0.5537754809072638
